kode_prompt,video,varian,penilai,kategori_penilai,skor_clarity,skor_structure,skor_creativity,skor_completeness
L1_V1,Pengenalan Teks Deskripsi,Teori,Guru1,Guru_Bahasa,8.50,8.50,7.00,8.00
L1_V1,Pengenalan Teks Deskripsi,Teori,Guru2,Guru_Bahasa,8.75,8.25,7.25,8.25
L1_V1,Pengenalan Teks Deskripsi,Teori,Guru3,Guru_Bahasa,8.25,8.75,6.75,7.75
L1_V1,Pengenalan Teks Deskripsi,Teori,Guru4,Guru_Bahasa,8.00,8.50,7.00,8.00
L1_V1,Pengenalan Teks Deskripsi,Teori,Guru5,Guru_Bahasa,8.50,8.25,6.50,7.50
L1_V1,Pengenalan Teks Deskripsi,Teori,Guru6,Guru_Bahasa,8.75,8.50,7.25,8.25
L1_V1,Pengenalan Teks Deskripsi,Teori,Guru7,Guru_Bahasa,8.25,8.75,6.75,7.75
L1_V1,Pengenalan Teks Deskripsi,Teori,Guru8,Guru_Bahasa,8.00,8.25,7.00,8.00
L1_V1,Pengenalan Teks Deskripsi,Teori,Guru9,Guru_Bahasa,8.50,8.50,6.50,7.50
L1_V1,Pengenalan Teks Deskripsi,Teori,AI1,Ahli_AI,9.00,8.50,7.50,8.50
L1_V1,Pengenalan Teks Deskripsi,Teori,AI2,Ahli_AI,8.75,8.75,7.75,8.25
L1_V1,Pengenalan Teks Deskripsi,Teori,AI3,Ahli_AI,9.25,8.50,7.25,8.75
L1_V1,Pengenalan Teks Deskripsi,Teori,AI4,Ahli_AI,8.50,8.75,7.50,8.50
L1_V1,Pengenalan Teks Deskripsi,Teori,AI5,Ahli_AI,9.00,8.25,7.00,8.00
L1_V1,Pengenalan Teks Deskripsi,Teori,AI6,Ahli_AI,8.75,8.50,7.75,8.50
L1_V1,Pengenalan Teks Deskripsi,Teori,AI7,Ahli_AI,9.25,8.75,7.25,8.75
L1_V1,Pengenalan Teks Deskripsi,Teori,AI8,Ahli_AI,8.50,8.50,7.50,8.25
L1_V1,Pengenalan Teks Deskripsi,Teori,AI9,Ahli_AI,9.00,8.25,7.00,8.00
L1_V1,Pengenalan Teks Deskripsi,Teori,AI10,Ahli_AI,8.75,8.75,7.75,8.50
L1_V1,Pengenalan Teks Deskripsi,Teori,AI11,Ahli_AI,9.25,8.50,7.25,8.75
L1_V1,Pengenalan Teks Deskripsi,Teori,AI12,Ahli_AI,8.50,8.75,7.50,8.25
L1_V2,Pengenalan Teks Deskripsi,Aplikasi,Guru1,Guru_Bahasa,8.50,8.00,8.50,8.50
L1_V2,Pengenalan Teks Deskripsi,Aplikasi,Guru2,Guru_Bahasa,8.75,8.25,8.25,8.75
L1_V2,Pengenalan Teks Deskripsi,Aplikasi,Guru3,Guru_Bahasa,8.25,7.75,8.75,8.25
L1_V2,Pengenalan Teks Deskripsi,Aplikasi,Guru4,Guru_Bahasa,8.00,8.00,8.50,8.50
L1_V2,Pengenalan Teks Deskripsi,Aplikasi,Guru5,Guru_Bahasa,8.50,7.75,8.25,8.00
L1_V2,Pengenalan Teks Deskripsi,Aplikasi,Guru6,Guru_Bahasa,8.75,8.25,8.75,8.75
L1_V2,Pengenalan Teks Deskripsi,Aplikasi,Guru7,Guru_Bahasa,8.25,7.75,8.50,8.25
L1_V2,Pengenalan Teks Deskripsi,Aplikasi,Guru8,Guru_Bahasa,8.00,8.00,8.25,8.50
L1_V2,Pengenalan Teks Deskripsi,Aplikasi,Guru9,Guru_Bahasa,8.50,7.75,8.50,8.00
L1_V2,Pengenalan Teks Deskripsi,Aplikasi,AI1,Ahli_AI,9.00,8.50,8.75,9.00
L1_V2,Pengenalan Teks Deskripsi,Aplikasi,AI2,Ahli_AI,8.75,8.25,8.50,8.75
L1_V2,Pengenalan Teks Deskripsi,Aplikasi,AI3,Ahli_AI,9.25,8.50,8.25,9.25
L1_V2,Pengenalan Teks Deskripsi,Aplikasi,AI4,Ahli_AI,8.50,8.25,8.75,8.75
L1_V2,Pengenalan Teks Deskripsi,Aplikasi,AI5,Ahli_AI,9.00,8.00,8.50,8.50
L1_V2,Pengenalan Teks Deskripsi,Aplikasi,AI6,Ahli_AI,8.75,8.50,8.75,9.00
L1_V2,Pengenalan Teks Deskripsi,Aplikasi,AI7,Ahli_AI,9.25,8.25,8.25,9.25
L1_V2,Pengenalan Teks Deskripsi,Aplikasi,AI8,Ahli_AI,8.50,8.50,8.75,8.75
L1_V2,Pengenalan Teks Deskripsi,Aplikasi,AI9,Ahli_AI,9.00,8.00,8.50,8.50
L1_V2,Pengenalan Teks Deskripsi,Aplikasi,AI10,Ahli_AI,8.75,8.25,8.75,9.00
L1_V2,Pengenalan Teks Deskripsi,Aplikasi,AI11,Ahli_AI,9.25,8.50,8.25,9.25
L1_V2,Pengenalan Teks Deskripsi,Aplikasi,AI12,Ahli_AI,8.50,8.25,8.75,8.75
L1_V3,Pengenalan Teks Deskripsi,Visual,Guru1,Guru_Bahasa,7.50,7.50,9.00,8.50
L1_V3,Pengenalan Teks Deskripsi,Visual,Guru2,Guru_Bahasa,7.75,7.25,8.75,8.25
L1_V3,Pengenalan Teks Deskripsi,Visual,Guru3,Guru_Bahasa,7.25,7.75,9.25,8.75
L1_V3,Pengenalan Teks Deskripsi,Visual,Guru4,Guru_Bahasa,7.00,7.50,9.00,8.50
L1_V3,Pengenalan Teks Deskripsi,Visual,Guru5,Guru_Bahasa,7.50,7.00,8.75,8.00
L1_V3,Pengenalan Teks Deskripsi,Visual,Guru6,Guru_Bahasa,7.75,7.25,9.25,8.75
L1_V3,Pengenalan Teks Deskripsi,Visual,Guru7,Guru_Bahasa,7.25,7.75,9.00,8.25
L1_V3,Pengenalan Teks Deskripsi,Visual,Guru8,Guru_Bahasa,7.00,7.50,8.75,8.50
L1_V3,Pengenalan Teks Deskripsi,Visual,Guru9,Guru_Bahasa,7.50,7.00,9.00,8.00
L1_V3,Pengenalan Teks Deskripsi,Visual,AI1,Ahli_AI,8.00,7.50,9.50,9.00
L1_V3,Pengenalan Teks Deskripsi,Visual,AI2,Ahli_AI,7.75,7.75,9.25,8.75
L1_V3,Pengenalan Teks Deskripsi,Visual,AI3,Ahli_AI,8.25,7.25,9.75,9.25
L1_V3,Pengenalan Teks Deskripsi,Visual,AI4,Ahli_AI,7.50,7.75,9.25,8.75
L1_V3,Pengenalan Teks Deskripsi,Visual,AI5,Ahli_AI,8.00,7.00,9.50,8.50
L1_V3,Pengenalan Teks Deskripsi,Visual,AI6,Ahli_AI,7.75,7.50,9.25,9.00
L1_V3,Pengenalan Teks Deskripsi,Visual,AI7,Ahli_AI,8.25,7.25,9.75,9.25
L1_V3,Pengenalan Teks Deskripsi,Visual,AI8,Ahli_AI,7.50,7.50,9.25,8.75
L1_V3,Pengenalan Teks Deskripsi,Visual,AI9,Ahli_AI,8.00,7.00,9.50,8.50
L1_V3,Pengenalan Teks Deskripsi,Visual,AI10,Ahli_AI,7.75,7.75,9.25,9.00
L1_V3,Pengenalan Teks Deskripsi,Visual,AI11,Ahli_AI,8.25,7.25,9.75,9.25
L1_V3,Pengenalan Teks Deskripsi,Visual,AI12,Ahli_AI,7.50,7.50,9.25,8.75
L1_V4,Pengenalan Teks Deskripsi,Interaktif,Guru1,Guru_Bahasa,8.00,7.50,8.50,8.00
L1_V4,Pengenalan Teks Deskripsi,Interaktif,Guru2,Guru_Bahasa,8.25,7.25,8.75,8.25
L1_V4,Pengenalan Teks Deskripsi,Interaktif,Guru3,Guru_Bahasa,7.75,7.75,8.25,7.75
L1_V4,Pengenalan Teks Deskripsi,Interaktif,Guru4,Guru_Bahasa,7.50,7.50,8.50,8.00
L1_V4,Pengenalan Teks Deskripsi,Interaktif,Guru5,Guru_Bahasa,8.00,7.00,8.25,7.50
L1_V4,Pengenalan Teks Deskripsi,Interaktif,Guru6,Guru_Bahasa,8.25,7.25,8.75,8.25
L1_V4,Pengenalan Teks Deskripsi,Interaktif,Guru7,Guru_Bahasa,7.75,7.75,8.25,7.75
L1_V4,Pengenalan Teks Deskripsi,Interaktif,Guru8,Guru_Bahasa,7.50,7.50,8.50,8.00
L1_V4,Pengenalan Teks Deskripsi,Interaktif,Guru9,Guru_Bahasa,8.00,7.00,8.25,7.50
L1_V4,Pengenalan Teks Deskripsi,Interaktif,AI1,Ahli_AI,8.50,7.50,9.00,8.50
L1_V4,Pengenalan Teks Deskripsi,Interaktif,AI2,Ahli_AI,8.25,7.75,8.75,8.25
L1_V4,Pengenalan Teks Deskripsi,Interaktif,AI3,Ahli_AI,8.75,7.25,9.25,8.75
L1_V4,Pengenalan Teks Deskripsi,Interaktif,AI4,Ahli_AI,8.00,7.75,8.75,8.25
L1_V4,Pengenalan Teks Deskripsi,Interaktif,AI5,Ahli_AI,8.50,7.00,9.00,8.00
L1_V4,Pengenalan Teks Deskripsi,Interaktif,AI6,Ahli_AI,8.25,7.50,8.75,8.50
L1_V4,Pengenalan Teks Deskripsi,Interaktif,AI7,Ahli_AI,8.75,7.25,9.25,8.75
L1_V4,Pengenalan Teks Deskripsi,Interaktif,AI8,Ahli_AI,8.00,7.50,8.75,8.25
L1_V4,Pengenalan Teks Deskripsi,Interaktif,AI9,Ahli_AI,8.50,7.00,9.00,8.00
L1_V4,Pengenalan Teks Deskripsi,Interaktif,AI10,Ahli_AI,8.25,7.75,8.75,8.50
L1_V4,Pengenalan Teks Deskripsi,Interaktif,AI11,Ahli_AI,8.75,7.25,9.25,8.75
L1_V4,Pengenalan Teks Deskripsi,Interaktif,AI12,Ahli_AI,8.00,7.50,8.75,8.25
L1_V5,Pengenalan Teks Deskripsi,Analitis,Guru1,Guru_Bahasa,8.00,8.50,7.50,8.50
L1_V5,Pengenalan Teks Deskripsi,Analitis,Guru2,Guru_Bahasa,8.25,8.25,7.75,8.75
L1_V5,Pengenalan Teks Deskripsi,Analitis,Guru3,Guru_Bahasa,7.75,8.75,7.25,8.25
L1_V5,Pengenalan Teks Deskripsi,Analitis,Guru4,Guru_Bahasa,7.50,8.50,7.50,8.50
L1_V5,Pengenalan Teks Deskripsi,Analitis,Guru5,Guru_Bahasa,8.00,8.00,7.00,8.00
L1_V5,Pengenalan Teks Deskripsi,Analitis,Guru6,Guru_Bahasa,8.25,8.25,7.75,8.75
L1_V5,Pengenalan Teks Deskripsi,Analitis,Guru7,Guru_Bahasa,7.75,8.75,7.25,8.25
L1_V5,Pengenalan Teks Deskripsi,Analitis,Guru8,Guru_Bahasa,7.50,8.50,7.50,8.50
L1_V5,Pengenalan Teks Deskripsi,Analitis,Guru9,Guru_Bahasa,8.00,8.00,7.00,8.00
L1_V5,Pengenalan Teks Deskripsi,Analitis,AI1,Ahli_AI,8.50,9.00,8.00,9.00
L1_V5,Pengenalan Teks Deskripsi,Analitis,AI2,Ahli_AI,8.25,8.75,8.25,8.75
L1_V5,Pengenalan Teks Deskripsi,Analitis,AI3,Ahli_AI,8.75,9.25,7.75,9.25
L1_V5,Pengenalan Teks Deskripsi,Analitis,AI4,Ahli_AI,8.00,8.75,8.00,8.75
L1_V5,Pengenalan Teks Deskripsi,Analitis,AI5,Ahli_AI,8.50,8.50,7.50,8.50
L1_V5,Pengenalan Teks Deskripsi,Analitis,AI6,Ahli_AI,8.25,9.00,8.25,9.00
L1_V5,Pengenalan Teks Deskripsi,Analitis,AI7,Ahli_AI,8.75,9.25,7.75,9.25
L1_V5,Pengenalan Teks Deskripsi,Analitis,AI8,Ahli_AI,8.00,8.75,8.00,8.75
L1_V5,Pengenalan Teks Deskripsi,Analitis,AI9,Ahli_AI,8.50,8.50,7.50,8.50
L1_V5,Pengenalan Teks Deskripsi,Analitis,AI10,Ahli_AI,8.25,9.00,8.25,9.00
L1_V5,Pengenalan Teks Deskripsi,Analitis,AI11,Ahli_AI,8.75,9.25,7.75,9.25
L1_V5,Pengenalan Teks Deskripsi,Analitis,AI12,Ahli_AI,8.00,8.75,8.00,8.75
L1_V6,Struktur Teks Deskripsi,Teori,Guru1,Guru_Bahasa,9.00,9.50,7.50,9.00
L1_V6,Struktur Teks Deskripsi,Teori,Guru2,Guru_Bahasa,9.25,9.25,7.75,9.25
L1_V6,Struktur Teks Deskripsi,Teori,Guru3,Guru_Bahasa,8.75,9.75,7.25,8.75
L1_V6,Struktur Teks Deskripsi,Teori,Guru4,Guru_Bahasa,8.50,9.50,7.50,9.00
L1_V6,Struktur Teks Deskripsi,Teori,Guru5,Guru_Bahasa,9.00,9.00,7.00,8.50
L1_V6,Struktur Teks Deskripsi,Teori,Guru6,Guru_Bahasa,9.25,9.25,7.75,9.25
L1_V6,Struktur Teks Deskripsi,Teori,Guru7,Guru_Bahasa,8.75,9.75,7.25,8.75
L1_V6,Struktur Teks Deskripsi,Teori,Guru8,Guru_Bahasa,8.50,9.50,7.50,9.00
L1_V6,Struktur Teks Deskripsi,Teori,Guru9,Guru_Bahasa,9.00,9.00,7.00,8.50
L1_V6,Struktur Teks Deskripsi,Teori,AI1,Ahli_AI,9.50,9.50,8.00,9.50
L1_V6,Struktur Teks Deskripsi,Teori,AI2,Ahli_AI,9.25,9.75,8.25,9.25
L1_V6,Struktur Teks Deskripsi,Teori,AI3,Ahli_AI,9.75,9.50,7.75,9.75
L1_V6,Struktur Teks Deskripsi,Teori,AI4,Ahli_AI,9.00,9.75,8.00,9.25
L1_V6,Struktur Teks Deskripsi,Teori,AI5,Ahli_AI,9.50,9.25,7.50,9.00
L1_V6,Struktur Teks Deskripsi,Teori,AI6,Ahli_AI,9.25,9.50,8.25,9.50
L1_V6,Struktur Teks Deskripsi,Teori,AI7,Ahli_AI,9.75,9.75,7.75,9.75
L1_V6,Struktur Teks Deskripsi,Teori,AI8,Ahli_AI,9.00,9.50,8.00,9.25
L1_V6,Struktur Teks Deskripsi,Teori,AI9,Ahli_AI,9.50,9.25,7.50,9.00
L1_V6,Struktur Teks Deskripsi,Teori,AI10,Ahli_AI,9.25,9.75,8.25,9.50
L1_V6,Struktur Teks Deskripsi,Teori,AI11,Ahli_AI,9.75,9.50,7.75,9.75
L1_V6,Struktur Teks Deskripsi,Teori,AI12,Ahli_AI,9.00,9.75,8.00,9.25
L1_V7,Struktur Teks Deskripsi,Aplikasi,Guru1,Guru_Bahasa,8.50,9.00,8.50,8.50
L1_V7,Struktur Teks Deskripsi,Aplikasi,Guru2,Guru_Bahasa,8.75,8.75,8.75,8.75
L1_V7,Struktur Teks Deskripsi,Aplikasi,Guru3,Guru_Bahasa,8.25,9.25,8.25,8.25
L1_V7,Struktur Teks Deskripsi,Aplikasi,Guru4,Guru_Bahasa,8.00,9.00,8.50,8.50
L1_V7,Struktur Teks Deskripsi,Aplikasi,Guru5,Guru_Bahasa,8.50,8.50,8.00,8.00
L1_V7,Struktur Teks Deskripsi,Aplikasi,Guru6,Guru_Bahasa,8.75,8.75,8.75,8.75
L1_V7,Struktur Teks Deskripsi,Aplikasi,Guru7,Guru_Bahasa,8.25,9.25,8.25,8.25
L1_V7,Struktur Teks Deskripsi,Aplikasi,Guru8,Guru_Bahasa,8.00,9.00,8.50,8.50
L1_V7,Struktur Teks Deskripsi,Aplikasi,Guru9,Guru_Bahasa,8.50,8.50,8.00,8.00
L1_V7,Struktur Teks Deskripsi,Aplikasi,AI1,Ahli_AI,9.00,9.00,9.00,9.00
L1_V7,Struktur Teks Deskripsi,Aplikasi,AI2,Ahli_AI,8.75,9.25,8.75,8.75
L1_V7,Struktur Teks Deskripsi,Aplikasi,AI3,Ahli_AI,9.25,8.75,9.25,9.25
L1_V7,Struktur Teks Deskripsi,Aplikasi,AI4,Ahli_AI,8.50,9.25,8.75,8.75
L1_V7,Struktur Teks Deskripsi,Aplikasi,AI5,Ahli_AI,9.00,8.75,8.50,8.50
L1_V7,Struktur Teks Deskripsi,Aplikasi,AI6,Ahli_AI,8.75,9.00,9.00,9.00
L1_V7,Struktur Teks Deskripsi,Aplikasi,AI7,Ahli_AI,9.25,9.25,8.75,9.25
L1_V7,Struktur Teks Deskripsi,Aplikasi,AI8,Ahli_AI,8.50,9.00,8.75,8.75
L1_V7,Struktur Teks Deskripsi,Aplikasi,AI9,Ahli_AI,9.00,8.75,8.50,8.50
L1_V7,Struktur Teks Deskripsi,Aplikasi,AI10,Ahli_AI,8.75,9.25,9.00,9.00
L1_V7,Struktur Teks Deskripsi,Aplikasi,AI11,Ahli_AI,9.25,8.75,9.25,9.25
L1_V7,Struktur Teks Deskripsi,Aplikasi,AI12,Ahli_AI,8.50,9.25,8.75,8.75
L1_V8,Struktur Teks Deskripsi,Visual,Guru1,Guru_Bahasa,8.00,8.00,9.50,8.50
L1_V8,Struktur Teks Deskripsi,Visual,Guru2,Guru_Bahasa,8.25,7.75,9.25,8.25
L1_V8,Struktur Teks Deskripsi,Visual,Guru3,Guru_Bahasa,7.75,8.25,9.75,8.75
L1_V8,Struktur Teks Deskripsi,Visual,Guru4,Guru_Bahasa,7.50,8.00,9.50,8.50
L1_V8,Struktur Teks Deskripsi,Visual,Guru5,Guru_Bahasa,8.00,7.50,9.00,8.00
L1_V8,Struktur Teks Deskripsi,Visual,Guru6,Guru_Bahasa,8.25,7.75,9.25,8.25
L1_V8,Struktur Teks Deskripsi,Visual,Guru7,Guru_Bahasa,7.75,8.25,9.75,8.75
L1_V8,Struktur Teks Deskripsi,Visual,Guru8,Guru_Bahasa,7.50,8.00,9.50,8.50
L1_V8,Struktur Teks Deskripsi,Visual,Guru9,Guru_Bahasa,8.00,7.50,9.00,8.00
L1_V8,Struktur Teks Deskripsi,Visual,AI1,Ahli_AI,8.50,8.50,9.75,9.00
L1_V8,Struktur Teks Deskripsi,Visual,AI2,Ahli_AI,8.25,8.25,9.50,8.75
L1_V8,Struktur Teks Deskripsi,Visual,AI3,Ahli_AI,8.75,8.00,10.00,9.25
L1_V8,Struktur Teks Deskripsi,Visual,AI4,Ahli_AI,8.00,8.50,9.50,8.75
L1_V8,Struktur Teks Deskripsi,Visual,AI5,Ahli_AI,8.50,7.75,9.25,8.50
L1_V8,Struktur Teks Deskripsi,Visual,AI6,Ahli_AI,8.25,8.25,9.75,9.00
L1_V8,Struktur Teks Deskripsi,Visual,AI7,Ahli_AI,8.75,8.00,10.00,9.25
L1_V8,Struktur Teks Deskripsi,Visual,AI8,Ahli_AI,8.00,8.50,9.50,8.75
L1_V8,Struktur Teks Deskripsi,Visual,AI9,Ahli_AI,8.50,7.75,9.25,8.50
L1_V8,Struktur Teks Deskripsi,Visual,AI10,Ahli_AI,8.25,8.25,9.75,9.00
L1_V8,Struktur Teks Deskripsi,Visual,AI11,Ahli_AI,8.75,8.00,10.00,9.25
L1_V8,Struktur Teks Deskripsi,Visual,AI12,Ahli_AI,8.00,8.50,9.50,8.75
L1_V9,Struktur Teks Deskripsi,Interaktif,Guru1,Guru_Bahasa,8.00,8.00,8.50,7.50
L1_V9,Struktur Teks Deskripsi,Interaktif,Guru2,Guru_Bahasa,8.25,7.75,8.75,7.75
L1_V9,Struktur Teks Deskripsi,Interaktif,Guru3,Guru_Bahasa,7.75,8.25,8.25,7.25
L1_V9,Struktur Teks Deskripsi,Interaktif,Guru4,Guru_Bahasa,7.50,8.00,8.50,7.50
L1_V9,Struktur Teks Deskripsi,Interaktif,Guru5,Guru_Bahasa,8.00,7.50,8.00,7.00
L1_V9,Struktur Teks Deskripsi,Interaktif,Guru6,Guru_Bahasa,8.25,7.75,8.75,7.75
L1_V9,Struktur Teks Deskripsi,Interaktif,Guru7,Guru_Bahasa,7.75,8.25,8.25,7.25
L1_V9,Struktur Teks Deskripsi,Interaktif,Guru8,Guru_Bahasa,7.50,8.00,8.50,7.50
L1_V9,Struktur Teks Deskripsi,Interaktif,Guru9,Guru_Bahasa,8.00,7.50,8.00,7.00
L1_V9,Struktur Teks Deskripsi,Interaktif,AI1,Ahli_AI,8.50,8.50,9.00,8.00
L1_V9,Struktur Teks Deskripsi,Interaktif,AI2,Ahli_AI,8.25,8.25,8.75,8.25
L1_V9,Struktur Teks Deskripsi,Interaktif,AI3,Ahli_AI,8.75,8.00,9.25,8.50
L1_V9,Struktur Teks Deskripsi,Interaktif,AI4,Ahli_AI,8.00,8.50,8.75,8.25
L1_V9,Struktur Teks Deskripsi,Interaktif,AI5,Ahli_AI,8.50,7.75,8.50,7.75
L1_V9,Struktur Teks Deskripsi,Interaktif,AI6,Ahli_AI,8.25,8.25,9.00,8.00
L1_V9,Struktur Teks Deskripsi,Interaktif,AI7,Ahli_AI,8.75,8.00,9.25,8.50
L1_V9,Struktur Teks Deskripsi,Interaktif,AI8,Ahli_AI,8.00,8.50,8.75,8.25
L1_V9,Struktur Teks Deskripsi,Interaktif,AI9,Ahli_AI,8.50,7.75,8.50,7.75
L1_V9,Struktur Teks Deskripsi,Interaktif,AI10,Ahli_AI,8.25,8.25,9.00,8.00
L1_V9,Struktur Teks Deskripsi,Interaktif,AI11,Ahli_AI,8.75,8.00,9.25,8.50
L1_V9,Struktur Teks Deskripsi,Interaktif,AI12,Ahli_AI,8.00,8.50,8.75,8.25
L1_V10,Struktur Teks Deskripsi,Analitis,Guru1,Guru_Bahasa,8.50,8.50,8.00,9.50
L1_V10,Struktur Teks Deskripsi,Analitis,Guru2,Guru_Bahasa,8.75,8.25,8.25,9.25
L1_V10,Struktur Teks Deskripsi,Analitis,Guru3,Guru_Bahasa,8.25,8.75,7.75,9.75
L1_V10,Struktur Teks Deskripsi,Analitis,Guru4,Guru_Bahasa,8.00,8.50,8.00,9.50
L1_V10,Struktur Teks Deskripsi,Analitis,Guru5,Guru_Bahasa,8.50,8.00,7.50,9.00
L1_V10,Struktur Teks Deskripsi,Analitis,Guru6,Guru_Bahasa,8.75,8.25,8.25,9.25
L1_V10,Struktur Teks Deskripsi,Analitis,Guru7,Guru_Bahasa,8.25,8.75,7.75,9.75
L1_V10,Struktur Teks Deskripsi,Analitis,Guru8,Guru_Bahasa,8.00,8.50,8.00,9.50
L1_V10,Struktur Teks Deskripsi,Analitis,Guru9,Guru_Bahasa,8.50,8.00,7.50,9.00
L1_V10,Struktur Teks Deskripsi,Analitis,AI1,Ahli_AI,9.00,9.00,8.50,10.00
L1_V10,Struktur Teks Deskripsi,Analitis,AI2,Ahli_AI,8.75,8.75,8.75,9.75
L1_V10,Struktur Teks Deskripsi,Analitis,AI3,Ahli_AI,9.25,9.25,8.25,10.00
L1_V10,Struktur Teks Deskripsi,Analitis,AI4,Ahli_AI,8.50,8.75,8.50,9.75
L1_V10,Struktur Teks Deskripsi,Analitis,AI5,Ahli_AI,9.00,8.50,8.00,9.50
L1_V10,Struktur Teks Deskripsi,Analitis,AI6,Ahli_AI,8.75,9.00,8.75,10.00
L1_V10,Struktur Teks Deskripsi,Analitis,AI7,Ahli_AI,9.25,9.25,8.25,10.00
L1_V10,Struktur Teks Deskripsi,Analitis,AI8,Ahli_AI,8.50,8.75,8.50,9.75
L1_V10,Struktur Teks Deskripsi,Analitis,AI9,Ahli_AI,9.00,8.50,8.00,9.50
L1_V10,Struktur Teks Deskripsi,Analitis,AI10,Ahli_AI,8.75,9.00,8.75,10.00
L1_V10,Struktur Teks Deskripsi,Analitis,AI11,Ahli_AI,9.25,9.25,8.25,10.00
L1_V10,Struktur Teks Deskripsi,Analitis,AI12,Ahli_AI,8.50,8.75,8.50,9.75
L1_V11,Kaidah Kebahasaan Teks Deskripsi,Teori,Guru1,Guru_Bahasa,7.50,8.50,6.50,7.00
L1_V11,Kaidah Kebahasaan Teks Deskripsi,Teori,Guru2,Guru_Bahasa,7.75,8.25,6.75,7.25
L1_V11,Kaidah Kebahasaan Teks Deskripsi,Teori,Guru3,Guru_Bahasa,7.25,8.75,6.25,6.75
L1_V11,Kaidah Kebahasaan Teks Deskripsi,Teori,Guru4,Guru_Bahasa,7.00,8.50,6.50,7.00
L1_V11,Kaidah Kebahasaan Teks Deskripsi,Teori,Guru5,Guru_Bahasa,7.50,8.00,6.00,6.50
L1_V11,Kaidah Kebahasaan Teks Deskripsi,Teori,Guru6,Guru_Bahasa,7.75,8.25,6.75,7.25
L1_V11,Kaidah Kebahasaan Teks Deskripsi,Teori,Guru7,Guru_Bahasa,7.25,8.75,6.25,6.75
L1_V11,Kaidah Kebahasaan Teks Deskripsi,Teori,Guru8,Guru_Bahasa,7.00,8.50,6.50,7.00
L1_V11,Kaidah Kebahasaan Teks Deskripsi,Teori,Guru9,Guru_Bahasa,7.50,8.00,6.00,6.50
L1_V11,Kaidah Kebahasaan Teks Deskripsi,Teori,AI1,Ahli_AI,8.00,9.00,7.00,7.50
L1_V11,Kaidah Kebahasaan Teks Deskripsi,Teori,AI2,Ahli_AI,7.75,8.75,7.25,7.75
L1_V11,Kaidah Kebahasaan Teks Deskripsi,Teori,AI3,Ahli_AI,8.25,9.25,6.75,8.00
L1_V11,Kaidah Kebahasaan Teks Deskripsi,Teori,AI4,Ahli_AI,7.50,8.75,7.00,7.75
L1_V11,Kaidah Kebahasaan Teks Deskripsi,Teori,AI5,Ahli_AI,8.00,8.50,6.50,7.25
L1_V11,Kaidah Kebahasaan Teks Deskripsi,Teori,AI6,Ahli_AI,7.75,9.00,7.25,7.75
L1_V11,Kaidah Kebahasaan Teks Deskripsi,Teori,AI7,Ahli_AI,8.25,9.25,6.75,8.00
L1_V11,Kaidah Kebahasaan Teks Deskripsi,Teori,AI8,Ahli_AI,7.50,8.75,7.00,7.50
L1_V11,Kaidah Kebahasaan Teks Deskripsi,Teori,AI9,Ahli_AI,8.00,8.50,6.50,7.25
L1_V11,Kaidah Kebahasaan Teks Deskripsi,Teori,AI10,Ahli_AI,7.75,9.00,7.25,7.75
L1_V11,Kaidah Kebahasaan Teks Deskripsi,Teori,AI11,Ahli_AI,8.25,9.25,6.75,8.00
L1_V11,Kaidah Kebahasaan Teks Deskripsi,Teori,AI12,Ahli_AI,7.50,8.75,7.00,7.50
L1_V12,Kaidah Kebahasaan Teks Deskripsi,Aplikasi,Guru1,Guru_Bahasa,8.50,8.00,8.50,8.50
L1_V12,Kaidah Kebahasaan Teks Deskripsi,Aplikasi,Guru2,Guru_Bahasa,8.75,8.25,8.75,8.75
L1_V12,Kaidah Kebahasaan Teks Deskripsi,Aplikasi,Guru3,Guru_Bahasa,8.25,7.75,8.25,8.25
L1_V12,Kaidah Kebahasaan Teks Deskripsi,Aplikasi,Guru4,Guru_Bahasa,8.00,8.00,8.50,8.50
L1_V12,Kaidah Kebahasaan Teks Deskripsi,Aplikasi,Guru5,Guru_Bahasa,8.50,7.50,8.00,8.00
L1_V12,Kaidah Kebahasaan Teks Deskripsi,Aplikasi,Guru6,Guru_Bahasa,8.75,8.25,8.75,8.75
L1_V12,Kaidah Kebahasaan Teks Deskripsi,Aplikasi,Guru7,Guru_Bahasa,8.25,7.75,8.25,8.25
L1_V12,Kaidah Kebahasaan Teks Deskripsi,Aplikasi,Guru8,Guru_Bahasa,8.00,8.00,8.50,8.50
L1_V12,Kaidah Kebahasaan Teks Deskripsi,Aplikasi,Guru9,Guru_Bahasa,8.50,7.50,8.00,8.00
L1_V12,Kaidah Kebahasaan Teks Deskripsi,Aplikasi,AI1,Ahli_AI,9.00,8.50,9.00,9.00
L1_V12,Kaidah Kebahasaan Teks Deskripsi,Aplikasi,AI2,Ahli_AI,8.75,8.75,8.75,8.75
L1_V12,Kaidah Kebahasaan Teks Deskripsi,Aplikasi,AI3,Ahli_AI,9.25,8.25,9.25,9.25
L1_V12,Kaidah Kebahasaan Teks Deskripsi,Aplikasi,AI4,Ahli_AI,8.50,8.75,8.75,8.75
L1_V12,Kaidah Kebahasaan Teks Deskripsi,Aplikasi,AI5,Ahli_AI,9.00,8.00,8.50,8.50
L1_V12,Kaidah Kebahasaan Teks Deskripsi,Aplikasi,AI6,Ahli_AI,8.75,8.50,9.00,9.00
L1_V12,Kaidah Kebahasaan Teks Deskripsi,Aplikasi,AI7,Ahli_AI,9.25,8.25,9.25,9.25
L1_V12,Kaidah Kebahasaan Teks Deskripsi,Aplikasi,AI8,Ahli_AI,8.50,8.75,8.75,8.75
L1_V12,Kaidah Kebahasaan Teks Deskripsi,Aplikasi,AI9,Ahli_AI,9.00,8.00,8.50,8.50
L1_V12,Kaidah Kebahasaan Teks Deskripsi,Aplikasi,AI10,Ahli_AI,8.75,8.50,9.00,9.00
L1_V12,Kaidah Kebahasaan Teks Deskripsi,Aplikasi,AI11,Ahli_AI,9.25,8.25,9.25,9.25
L1_V12,Kaidah Kebahasaan Teks Deskripsi,Aplikasi,AI12,Ahli_AI,8.50,8.75,8.75,8.75
L1_V13,Kaidah Kebahasaan Teks Deskripsi,Visual,Guru1,Guru_Bahasa,8.00,7.50,9.00,8.00
L1_V13,Kaidah Kebahasaan Teks Deskripsi,Visual,Guru2,Guru_Bahasa,8.25,7.25,8.75,8.25
L1_V13,Kaidah Kebahasaan Teks Deskripsi,Visual,Guru3,Guru_Bahasa,7.75,7.75,9.25,7.75
L1_V13,Kaidah Kebahasaan Teks Deskripsi,Visual,Guru4,Guru_Bahasa,7.50,7.50,9.00,8.00
L1_V13,Kaidah Kebahasaan Teks Deskripsi,Visual,Guru5,Guru_Bahasa,8.00,7.00,8.50,7.50
L1_V13,Kaidah Kebahasaan Teks Deskripsi,Visual,Guru6,Guru_Bahasa,8.25,7.25,8.75,8.25
L1_V13,Kaidah Kebahasaan Teks Deskripsi,Visual,Guru7,Guru_Bahasa,7.75,7.75,9.25,7.75
L1_V13,Kaidah Kebahasaan Teks Deskripsi,Visual,Guru8,Guru_Bahasa,7.50,7.50,9.00,8.00
L1_V13,Kaidah Kebahasaan Teks Deskripsi,Visual,Guru9,Guru_Bahasa,8.00,7.00,8.50,7.50
L1_V13,Kaidah Kebahasaan Teks Deskripsi,Visual,AI1,Ahli_AI,8.50,7.50,9.50,8.50
L1_V13,Kaidah Kebahasaan Teks Deskripsi,Visual,AI2,Ahli_AI,8.25,7.75,9.25,8.25
L1_V13,Kaidah Kebahasaan Teks Deskripsi,Visual,AI3,Ahli_AI,8.75,7.25,9.75,8.75
L1_V13,Kaidah Kebahasaan Teks Deskripsi,Visual,AI4,Ahli_AI,8.00,7.75,9.25,8.25
L1_V13,Kaidah Kebahasaan Teks Deskripsi,Visual,AI5,Ahli_AI,8.50,7.00,9.00,8.00
L1_V13,Kaidah Kebahasaan Teks Deskripsi,Visual,AI6,Ahli_AI,8.25,7.50,9.50,8.50
L1_V13,Kaidah Kebahasaan Teks Deskripsi,Visual,AI7,Ahli_AI,8.75,7.25,9.75,8.75
L1_V13,Kaidah Kebahasaan Teks Deskripsi,Visual,AI8,Ahli_AI,8.00,7.50,9.25,8.25
L1_V13,Kaidah Kebahasaan Teks Deskripsi,Visual,AI9,Ahli_AI,8.50,7.00,9.00,8.00
L1_V13,Kaidah Kebahasaan Teks Deskripsi,Visual,AI10,Ahli_AI,8.25,7.75,9.50,8.50
L1_V13,Kaidah Kebahasaan Teks Deskripsi,Visual,AI11,Ahli_AI,8.75,7.25,9.75,8.75
L1_V13,Kaidah Kebahasaan Teks Deskripsi,Visual,AI12,Ahli_AI,8.00,7.50,9.25,8.25
L1_V14,Kaidah Kebahasaan Teks Deskripsi,Interaktif,Guru1,Guru_Bahasa,7.50,7.00,8.00,7.00
L1_V14,Kaidah Kebahasaan Teks Deskripsi,Interaktif,Guru2,Guru_Bahasa,7.75,6.75,8.25,7.25
L1_V14,Kaidah Kebahasaan Teks Deskripsi,Interaktif,Guru3,Guru_Bahasa,7.25,7.25,7.75,6.75
L1_V14,Kaidah Kebahasaan Teks Deskripsi,Interaktif,Guru4,Guru_Bahasa,7.00,7.00,8.00,7.00
L1_V14,Kaidah Kebahasaan Teks Deskripsi,Interaktif,Guru5,Guru_Bahasa,7.50,6.50,7.50,6.50
L1_V14,Kaidah Kebahasaan Teks Deskripsi,Interaktif,Guru6,Guru_Bahasa,7.75,6.75,8.25,7.25
L1_V14,Kaidah Kebahasaan Teks Deskripsi,Interaktif,Guru7,Guru_Bahasa,7.25,7.25,7.75,6.75
L1_V14,Kaidah Kebahasaan Teks Deskripsi,Interaktif,Guru8,Guru_Bahasa,7.00,7.00,8.00,7.00
L1_V14,Kaidah Kebahasaan Teks Deskripsi,Interaktif,Guru9,Guru_Bahasa,7.50,6.50,7.50,6.50
L1_V14,Kaidah Kebahasaan Teks Deskripsi,Interaktif,AI1,Ahli_AI,8.00,7.00,8.50,7.50
L1_V14,Kaidah Kebahasaan Teks Deskripsi,Interaktif,AI2,Ahli_AI,7.75,7.25,8.25,7.75
L1_V14,Kaidah Kebahasaan Teks Deskripsi,Interaktif,AI3,Ahli_AI,8.25,6.75,8.75,8.00
L1_V14,Kaidah Kebahasaan Teks Deskripsi,Interaktif,AI4,Ahli_AI,7.50,7.25,8.25,7.75
L1_V14,Kaidah Kebahasaan Teks Deskripsi,Interaktif,AI5,Ahli_AI,8.00,6.50,8.00,7.25
L1_V14,Kaidah Kebahasaan Teks Deskripsi,Interaktif,AI6,Ahli_AI,7.75,7.00,8.50,7.50
L1_V14,Kaidah Kebahasaan Teks Deskripsi,Interaktif,AI7,Ahli_AI,8.25,6.75,8.75,8.00
L1_V14,Kaidah Kebahasaan Teks Deskripsi,Interaktif,AI8,Ahli_AI,7.50,7.25,8.25,7.75
L1_V14,Kaidah Kebahasaan Teks Deskripsi,Interaktif,AI9,Ahli_AI,8.00,6.50,8.00,7.25
L1_V14,Kaidah Kebahasaan Teks Deskripsi,Interaktif,AI10,Ahli_AI,7.75,7.00,8.50,7.50
L1_V14,Kaidah Kebahasaan Teks Deskripsi,Interaktif,AI11,Ahli_AI,8.25,6.75,8.75,8.00
L1_V14,Kaidah Kebahasaan Teks Deskripsi,Interaktif,AI12,Ahli_AI,7.50,7.25,8.25,7.75
L1_V15,Kaidah Kebahasaan Teks Deskripsi,Analitis,Guru1,Guru_Bahasa,8.00,8.00,7.50,8.50
L1_V15,Kaidah Kebahasaan Teks Deskripsi,Analitis,Guru2,Guru_Bahasa,8.25,7.75,7.75,8.75
L1_V15,Kaidah Kebahasaan Teks Deskripsi,Analitis,Guru3,Guru_Bahasa,7.75,8.25,7.25,8.25
L1_V15,Kaidah Kebahasaan Teks Deskripsi,Analitis,Guru4,Guru_Bahasa,7.50,8.00,7.50,8.50
L1_V15,Kaidah Kebahasaan Teks Deskripsi,Analitis,Guru5,Guru_Bahasa,8.00,7.50,7.00,8.00
L1_V15,Kaidah Kebahasaan Teks Deskripsi,Analitis,Guru6,Guru_Bahasa,8.25,7.75,7.75,8.75
L1_V15,Kaidah Kebahasaan Teks Deskripsi,Analitis,Guru7,Guru_Bahasa,7.75,8.25,7.25,8.25
L1_V15,Kaidah Kebahasaan Teks Deskripsi,Analitis,Guru8,Guru_Bahasa,7.50,8.00,7.50,8.50
L1_V15,Kaidah Kebahasaan Teks Deskripsi,Analitis,Guru9,Guru_Bahasa,8.00,7.50,7.00,8.00
L1_V15,Kaidah Kebahasaan Teks Deskripsi,Analitis,AI1,Ahli_AI,8.50,8.50,8.00,9.00
L1_V15,Kaidah Kebahasaan Teks Deskripsi,Analitis,AI2,Ahli_AI,8.25,8.25,8.25,8.75
L1_V15,Kaidah Kebahasaan Teks Deskripsi,Analitis,AI3,Ahli_AI,8.75,8.75,7.75,9.25
L1_V15,Kaidah Kebahasaan Teks Deskripsi,Analitis,AI4,Ahli_AI,8.00,8.25,8.00,8.75
L1_V15,Kaidah Kebahasaan Teks Deskripsi,Analitis,AI5,Ahli_AI,8.50,8.00,7.50,8.50
L1_V15,Kaidah Kebahasaan Teks Deskripsi,Analitis,AI6,Ahli_AI,8.25,8.50,8.25,9.00
L1_V15,Kaidah Kebahasaan Teks Deskripsi,Analitis,AI7,Ahli_AI,8.75,8.75,7.75,9.25
L1_V15,Kaidah Kebahasaan Teks Deskripsi,Analitis,AI8,Ahli_AI,8.00,8.25,8.00,8.75
L1_V15,Kaidah Kebahasaan Teks Deskripsi,Analitis,AI9,Ahli_AI,8.50,8.00,7.50,8.50
L1_V15,Kaidah Kebahasaan Teks Deskripsi,Analitis,AI10,Ahli_AI,8.25,8.50,8.25,9.00
L1_V15,Kaidah Kebahasaan Teks Deskripsi,Analitis,AI11,Ahli_AI,8.75,8.75,7.75,9.25
L1_V15,Kaidah Kebahasaan Teks Deskripsi,Analitis,AI12,Ahli_AI,8.00,8.25,8.00,8.75
L2_V1,Pengenalan Poster,Teori,Guru1,Guru_Bahasa,8.00,8.00,7.00,7.50
L2_V1,Pengenalan Poster,Teori,Guru2,Guru_Bahasa,8.25,7.75,7.25,7.75
L2_V1,Pengenalan Poster,Teori,Guru3,Guru_Bahasa,7.75,8.25,6.75,7.25
L2_V1,Pengenalan Poster,Teori,Guru4,Guru_Bahasa,7.50,8.00,7.00,7.50
L2_V1,Pengenalan Poster,Teori,Guru5,Guru_Bahasa,8.00,7.50,6.50,7.00
L2_V1,Pengenalan Poster,Teori,Guru6,Guru_Bahasa,8.25,7.75,7.25,7.75
L2_V1,Pengenalan Poster,Teori,Guru7,Guru_Bahasa,7.75,8.25,6.75,7.25
L2_V1,Pengenalan Poster,Teori,Guru8,Guru_Bahasa,7.50,8.00,7.00,7.50
L2_V1,Pengenalan Poster,Teori,Guru9,Guru_Bahasa,8.00,7.50,6.50,7.00
L2_V1,Pengenalan Poster,Teori,AI1,Ahli_AI,8.50,8.50,7.50,8.00
L2_V1,Pengenalan Poster,Teori,AI2,Ahli_AI,8.25,8.25,7.75,8.25
L2_V1,Pengenalan Poster,Teori,AI3,Ahli_AI,8.75,8.75,7.25,8.50
L2_V1,Pengenalan Poster,Teori,AI4,Ahli_AI,8.00,8.25,7.50,8.00
L2_V1,Pengenalan Poster,Teori,AI5,Ahli_AI,8.50,8.00,7.00,7.75
L2_V1,Pengenalan Poster,Teori,AI6,Ahli_AI,8.25,8.50,7.75,8.25
L2_V1,Pengenalan Poster,Teori,AI7,Ahli_AI,8.75,8.75,7.25,8.50
L2_V1,Pengenalan Poster,Teori,AI8,Ahli_AI,8.00,8.25,7.50,8.00
L2_V1,Pengenalan Poster,Teori,AI9,Ahli_AI,8.50,8.00,7.00,7.75
L2_V1,Pengenalan Poster,Teori,AI10,Ahli_AI,8.25,8.50,7.75,8.25
L2_V1,Pengenalan Poster,Teori,AI11,Ahli_AI,8.75,8.75,7.25,8.50
L2_V1,Pengenalan Poster,Teori,AI12,Ahli_AI,8.00,8.25,7.50,8.00
L2_V2,Pengenalan Poster,Aplikasi,Guru1,Guru_Bahasa,8.50,8.00,8.50,8.00
L2_V2,Pengenalan Poster,Aplikasi,Guru2,Guru_Bahasa,8.75,8.25,8.75,8.25
L2_V2,Pengenalan Poster,Aplikasi,Guru3,Guru_Bahasa,8.25,7.75,8.25,7.75
L2_V2,Pengenalan Poster,Aplikasi,Guru4,Guru_Bahasa,8.00,8.00,8.50,8.00
L2_V2,Pengenalan Poster,Aplikasi,Guru5,Guru_Bahasa,8.50,7.50,8.00,7.50
L2_V2,Pengenalan Poster,Aplikasi,Guru6,Guru_Bahasa,8.75,8.25,8.75,8.25
L2_V2,Pengenalan Poster,Aplikasi,Guru7,Guru_Bahasa,8.25,7.75,8.25,7.75
L2_V2,Pengenalan Poster,Aplikasi,Guru8,Guru_Bahasa,8.00,8.00,8.50,8.00
L2_V2,Pengenalan Poster,Aplikasi,Guru9,Guru_Bahasa,8.50,7.50,8.00,7.50
L2_V2,Pengenalan Poster,Aplikasi,AI1,Ahli_AI,9.00,8.50,9.00,8.50
L2_V2,Pengenalan Poster,Aplikasi,AI2,Ahli_AI,8.75,8.75,8.75,8.75
L2_V2,Pengenalan Poster,Aplikasi,AI3,Ahli_AI,9.25,8.25,9.25,9.00
L2_V2,Pengenalan Poster,Aplikasi,AI4,Ahli_AI,8.50,8.75,8.75,8.50
L2_V2,Pengenalan Poster,Aplikasi,AI5,Ahli_AI,9.00,8.00,8.50,8.00
L2_V2,Pengenalan Poster,Aplikasi,AI6,Ahli_AI,8.75,8.50,9.00,8.75
L2_V2,Pengenalan Poster,Aplikasi,AI7,Ahli_AI,9.25,8.25,9.25,9.00
L2_V2,Pengenalan Poster,Aplikasi,AI8,Ahli_AI,8.50,8.75,8.75,8.50
L2_V2,Pengenalan Poster,Aplikasi,AI9,Ahli_AI,9.00,8.00,8.50,8.00
L2_V2,Pengenalan Poster,Aplikasi,AI10,Ahli_AI,8.75,8.50,9.00,8.75
L2_V2,Pengenalan Poster,Aplikasi,AI11,Ahli_AI,9.25,8.25,9.25,9.00
L2_V2,Pengenalan Poster,Aplikasi,AI12,Ahli_AI,8.50,8.75,8.75,8.50
L2_V3,Pengenalan Poster,Visual,Guru1,Guru_Bahasa,7.50,7.00,9.00,8.00
L2_V3,Pengenalan Poster,Visual,Guru2,Guru_Bahasa,7.75,7.25,8.75,8.25
L2_V3,Pengenalan Poster,Visual,Guru3,Guru_Bahasa,7.25,6.75,9.25,7.75
L2_V3,Pengenalan Poster,Visual,Guru4,Guru_Bahasa,7.00,7.00,9.00,8.00
L2_V3,Pengenalan Poster,Visual,Guru5,Guru_Bahasa,7.50,6.50,8.50,7.50
L2_V3,Pengenalan Poster,Visual,Guru6,Guru_Bahasa,7.75,7.25,8.75,8.25
L2_V3,Pengenalan Poster,Visual,Guru7,Guru_Bahasa,7.25,6.75,9.25,7.75
L2_V3,Pengenalan Poster,Visual,Guru8,Guru_Bahasa,7.00,7.00,9.00,8.00
L2_V3,Pengenalan Poster,Visual,Guru9,Guru_Bahasa,7.50,6.50,8.50,7.50
L2_V3,Pengenalan Poster,Visual,AI1,Ahli_AI,8.00,7.50,9.50,8.50
L2_V3,Pengenalan Poster,Visual,AI2,Ahli_AI,7.75,7.75,9.25,8.25
L2_V3,Pengenalan Poster,Visual,AI3,Ahli_AI,8.25,7.25,9.75,9.00
L2_V3,Pengenalan Poster,Visual,AI4,Ahli_AI,7.50,7.75,9.25,8.50
L2_V3,Pengenalan Poster,Visual,AI5,Ahli_AI,8.00,7.00,9.00,8.00
L2_V3,Pengenalan Poster,Visual,AI6,Ahli_AI,7.75,7.50,9.50,8.50
L2_V3,Pengenalan Poster,Visual,AI7,Ahli_AI,8.25,7.25,9.75,9.00
L2_V3,Pengenalan Poster,Visual,AI8,Ahli_AI,7.50,7.50,9.25,8.25
L2_V3,Pengenalan Poster,Visual,AI9,Ahli_AI,8.00,7.00,9.00,8.00
L2_V3,Pengenalan Poster,Visual,AI10,Ahli_AI,7.75,7.75,9.50,8.50
L2_V3,Pengenalan Poster,Visual,AI11,Ahli_AI,8.25,7.25,9.75,9.00
L2_V3,Pengenalan Poster,Visual,AI12,Ahli_AI,7.50,7.50,9.25,8.25
L2_V4,Pengenalan Poster,Interaktif,Guru1,Guru_Bahasa,8.00,7.50,8.50,7.50
L2_V4,Pengenalan Poster,Interaktif,Guru2,Guru_Bahasa,8.25,7.75,8.75,7.75
L2_V4,Pengenalan Poster,Interaktif,Guru3,Guru_Bahasa,7.75,7.25,8.25,7.25
L2_V4,Pengenalan Poster,Interaktif,Guru4,Guru_Bahasa,7.50,7.50,8.50,7.50
L2_V4,Pengenalan Poster,Interaktif,Guru5,Guru_Bahasa,8.00,7.00,8.00,7.00
L2_V4,Pengenalan Poster,Interaktif,Guru6,Guru_Bahasa,8.25,7.75,8.75,7.75
L2_V4,Pengenalan Poster,Interaktif,Guru7,Guru_Bahasa,7.75,7.25,8.25,7.25
L2_V4,Pengenalan Poster,Interaktif,Guru8,Guru_Bahasa,7.50,7.50,8.50,7.50
L2_V4,Pengenalan Poster,Interaktif,Guru9,Guru_Bahasa,8.00,7.00,8.00,7.00
L2_V4,Pengenalan Poster,Interaktif,AI1,Ahli_AI,8.50,7.50,9.00,8.00
L2_V4,Pengenalan Poster,Interaktif,AI2,Ahli_AI,8.25,7.75,8.75,8.25
L2_V4,Pengenalan Poster,Interaktif,AI3,Ahli_AI,8.75,7.25,9.25,8.50
L2_V4,Pengenalan Poster,Interaktif,AI4,Ahli_AI,8.00,7.75,8.75,8.00
L2_V4,Pengenalan Poster,Interaktif,AI5,Ahli_AI,8.50,7.00,8.50,7.50
L2_V4,Pengenalan Poster,Interaktif,AI6,Ahli_AI,8.25,7.50,9.00,8.00
L2_V4,Pengenalan Poster,Interaktif,AI7,Ahli_AI,8.75,7.25,9.25,8.50
L2_V4,Pengenalan Poster,Interaktif,AI8,Ahli_AI,8.00,7.50,8.75,8.00
L2_V4,Pengenalan Poster,Interaktif,AI9,Ahli_AI,8.50,7.00,8.50,7.50
L2_V4,Pengenalan Poster,Interaktif,AI10,Ahli_AI,8.25,7.75,9.00,8.00
L2_V4,Pengenalan Poster,Interaktif,AI11,Ahli_AI,8.75,7.25,9.25,8.50
L2_V4,Pengenalan Poster,Interaktif,AI12,Ahli_AI,8.00,7.50,8.75,8.00
L2_V5,Pengenalan Poster,Analitis,Guru1,Guru_Bahasa,7.50,8.00,7.50,8.00
L2_V5,Pengenalan Poster,Analitis,Guru2,Guru_Bahasa,7.75,7.75,7.75,8.25
L2_V5,Pengenalan Poster,Analitis,Guru3,Guru_Bahasa,7.25,8.25,7.25,7.75
L2_V5,Pengenalan Poster,Analitis,Guru4,Guru_Bahasa,7.00,8.00,7.50,8.00
L2_V5,Pengenalan Poster,Analitis,Guru5,Guru_Bahasa,7.50,7.50,7.00,7.50
L2_V5,Pengenalan Poster,Analitis,Guru6,Guru_Bahasa,7.75,7.75,7.75,8.25
L2_V5,Pengenalan Poster,Analitis,Guru7,Guru_Bahasa,7.25,8.25,7.25,7.75
L2_V5,Pengenalan Poster,Analitis,Guru8,Guru_Bahasa,7.00,8.00,7.50,8.00
L2_V5,Pengenalan Poster,Analitis,Guru9,Guru_Bahasa,7.50,7.50,7.00,7.50
L2_V5,Pengenalan Poster,Analitis,AI1,Ahli_AI,8.00,8.50,8.00,8.50
L2_V5,Pengenalan Poster,Analitis,AI2,Ahli_AI,7.75,8.25,8.25,8.75
L2_V5,Pengenalan Poster,Analitis,AI3,Ahli_AI,8.25,8.75,7.75,9.00
L2_V5,Pengenalan Poster,Analitis,AI4,Ahli_AI,7.50,8.25,8.00,8.50
L2_V5,Pengenalan Poster,Analitis,AI5,Ahli_AI,8.00,8.00,7.50,8.00
L2_V5,Pengenalan Poster,Analitis,AI6,Ahli_AI,7.75,8.50,8.25,8.50
L2_V5,Pengenalan Poster,Analitis,AI7,Ahli_AI,8.25,8.75,7.75,9.00
L2_V5,Pengenalan Poster,Analitis,AI8,Ahli_AI,7.50,8.25,8.00,8.50
L2_V5,Pengenalan Poster,Analitis,AI9,Ahli_AI,8.00,8.00,7.50,8.00
L2_V5,Pengenalan Poster,Analitis,AI10,Ahli_AI,7.75,8.50,8.25,8.50
L2_V5,Pengenalan Poster,Analitis,AI11,Ahli_AI,8.25,8.75,7.75,9.00
L2_V5,Pengenalan Poster,Analitis,AI12,Ahli_AI,7.50,8.25,8.00,8.50
L2_V6,Jenis-Jenis Poster,Teori,Guru1,Guru_Bahasa,8.50,8.50,7.00,8.00
L2_V6,Jenis-Jenis Poster,Teori,Guru2,Guru_Bahasa,8.75,8.25,7.25,8.25
L2_V6,Jenis-Jenis Poster,Teori,Guru3,Guru_Bahasa,8.25,8.75,6.75,7.75
L2_V6,Jenis-Jenis Poster,Teori,Guru4,Guru_Bahasa,8.00,8.50,7.00,8.00
L2_V6,Jenis-Jenis Poster,Teori,Guru5,Guru_Bahasa,8.50,8.00,6.50,7.50
L2_V6,Jenis-Jenis Poster,Teori,Guru6,Guru_Bahasa,8.75,8.25,7.25,8.25
L2_V6,Jenis-Jenis Poster,Teori,Guru7,Guru_Bahasa,8.25,8.75,6.75,7.75
L2_V6,Jenis-Jenis Poster,Teori,Guru8,Guru_Bahasa,8.00,8.50,7.00,8.00
L2_V6,Jenis-Jenis Poster,Teori,Guru9,Guru_Bahasa,8.50,8.00,6.50,7.50
L2_V6,Jenis-Jenis Poster,Teori,AI1,Ahli_AI,9.00,8.50,7.50,8.50
L2_V6,Jenis-Jenis Poster,Teori,AI2,Ahli_AI,8.75,8.75,7.75,8.75
L2_V6,Jenis-Jenis Poster,Teori,AI3,Ahli_AI,9.25,8.50,7.25,9.00
L2_V6,Jenis-Jenis Poster,Teori,AI4,Ahli_AI,8.50,8.75,7.50,8.50
L2_V6,Jenis-Jenis Poster,Teori,AI5,Ahli_AI,9.00,8.25,7.00,8.25
L2_V6,Jenis-Jenis Poster,Teori,AI6,Ahli_AI,8.75,8.50,7.75,8.75
L2_V6,Jenis-Jenis Poster,Teori,AI7,Ahli_AI,9.25,8.75,7.25,9.00
L2_V6,Jenis-Jenis Poster,Teori,AI8,Ahli_AI,8.50,8.50,7.50,8.50
L2_V6,Jenis-Jenis Poster,Teori,AI9,Ahli_AI,9.00,8.25,7.00,8.25
L2_V6,Jenis-Jenis Poster,Teori,AI10,Ahli_AI,8.75,8.75,7.75,8.75
L2_V6,Jenis-Jenis Poster,Teori,AI11,Ahli_AI,9.25,8.50,7.25,9.00
L2_V6,Jenis-Jenis Poster,Teori,AI12,Ahli_AI,8.50,8.75,7.50,8.50
L2_V7,Jenis-Jenis Poster,Aplikasi,Guru1,Guru_Bahasa,8.50,8.00,8.50,8.50
L2_V7,Jenis-Jenis Poster,Aplikasi,Guru2,Guru_Bahasa,8.75,8.25,8.75,8.75
L2_V7,Jenis-Jenis Poster,Aplikasi,Guru3,Guru_Bahasa,8.25,7.75,8.25,8.25
L2_V7,Jenis-Jenis Poster,Aplikasi,Guru4,Guru_Bahasa,8.00,8.00,8.50,8.50
L2_V7,Jenis-Jenis Poster,Aplikasi,Guru5,Guru_Bahasa,8.50,7.50,8.00,8.00
L2_V7,Jenis-Jenis Poster,Aplikasi,Guru6,Guru_Bahasa,8.75,8.25,8.75,8.75
L2_V7,Jenis-Jenis Poster,Aplikasi,Guru7,Guru_Bahasa,8.25,7.75,8.25,8.25
L2_V7,Jenis-Jenis Poster,Aplikasi,Guru8,Guru_Bahasa,8.00,8.00,8.50,8.50
L2_V7,Jenis-Jenis Poster,Aplikasi,Guru9,Guru_Bahasa,8.50,7.50,8.00,8.00
L2_V7,Jenis-Jenis Poster,Aplikasi,AI1,Ahli_AI,9.00,8.50,9.00,9.00
L2_V7,Jenis-Jenis Poster,Aplikasi,AI2,Ahli_AI,8.75,8.75,8.75,8.75
L2_V7,Jenis-Jenis Poster,Aplikasi,AI3,Ahli_AI,9.25,8.25,9.25,9.25
L2_V7,Jenis-Jenis Poster,Aplikasi,AI4,Ahli_AI,8.50,8.75,8.75,8.75
L2_V7,Jenis-Jenis Poster,Aplikasi,AI5,Ahli_AI,9.00,8.00,8.50,8.50
L2_V7,Jenis-Jenis Poster,Aplikasi,AI6,Ahli_AI,8.75,8.50,9.00,9.00
L2_V7,Jenis-Jenis Poster,Aplikasi,AI7,Ahli_AI,9.25,8.25,9.25,9.25
L2_V7,Jenis-Jenis Poster,Aplikasi,AI8,Ahli_AI,8.50,8.75,8.75,8.75
L2_V7,Jenis-Jenis Poster,Aplikasi,AI9,Ahli_AI,9.00,8.00,8.50,8.50
L2_V7,Jenis-Jenis Poster,Aplikasi,AI10,Ahli_AI,8.75,8.50,9.00,9.00
L2_V7,Jenis-Jenis Poster,Aplikasi,AI11,Ahli_AI,9.25,8.25,9.25,9.25
L2_V7,Jenis-Jenis Poster,Aplikasi,AI12,Ahli_AI,8.50,8.75,8.75,8.75
L2_V8,Jenis-Jenis Poster,Visual,Guru1,Guru_Bahasa,7.50,7.00,9.00,8.00
L2_V8,Jenis-Jenis Poster,Visual,Guru2,Guru_Bahasa,7.75,7.25,8.75,8.25
L2_V8,Jenis-Jenis Poster,Visual,Guru3,Guru_Bahasa,7.25,6.75,9.25,7.75
L2_V8,Jenis-Jenis Poster,Visual,Guru4,Guru_Bahasa,7.00,7.00,9.00,8.00
L2_V8,Jenis-Jenis Poster,Visual,Guru5,Guru_Bahasa,7.50,6.50,8.50,7.50
L2_V8,Jenis-Jenis Poster,Visual,Guru6,Guru_Bahasa,7.75,7.25,8.75,8.25
L2_V8,Jenis-Jenis Poster,Visual,Guru7,Guru_Bahasa,7.25,6.75,9.25,7.75
L2_V8,Jenis-Jenis Poster,Visual,Guru8,Guru_Bahasa,7.00,7.00,9.00,8.00
L2_V8,Jenis-Jenis Poster,Visual,Guru9,Guru_Bahasa,7.50,6.50,8.50,7.50
L2_V8,Jenis-Jenis Poster,Visual,AI1,Ahli_AI,8.00,7.50,9.50,8.50
L2_V8,Jenis-Jenis Poster,Visual,AI2,Ahli_AI,7.75,7.75,9.25,8.75
L2_V8,Jenis-Jenis Poster,Visual,AI3,Ahli_AI,8.25,7.25,9.75,9.00
L2_V8,Jenis-Jenis Poster,Visual,AI4,Ahli_AI,7.50,7.75,9.25,8.50
L2_V8,Jenis-Jenis Poster,Visual,AI5,Ahli_AI,8.00,7.00,9.00,8.00
L2_V8,Jenis-Jenis Poster,Visual,AI6,Ahli_AI,7.75,7.50,9.50,8.50
L2_V8,Jenis-Jenis Poster,Visual,AI7,Ahli_AI,8.25,7.25,9.75,9.00
L2_V8,Jenis-Jenis Poster,Visual,AI8,Ahli_AI,7.50,7.50,9.25,8.50
L2_V8,Jenis-Jenis Poster,Visual,AI9,Ahli_AI,8.00,7.00,9.00,8.00
L2_V8,Jenis-Jenis Poster,Visual,AI10,Ahli_AI,7.75,7.75,9.50,8.50
L2_V8,Jenis-Jenis Poster,Visual,AI11,Ahli_AI,8.25,7.25,9.75,9.00
L2_V8,Jenis-Jenis Poster,Visual,AI12,Ahli_AI,7.50,7.50,9.25,8.50
L2_V9,Jenis-Jenis Poster,Interaktif,Guru1,Guru_Bahasa,8.00,7.50,8.50,7.50
L2_V9,Jenis-Jenis Poster,Interaktif,Guru2,Guru_Bahasa,8.25,7.75,8.75,7.75
L2_V9,Jenis-Jenis Poster,Interaktif,Guru3,Guru_Bahasa,7.75,7.25,8.25,7.25
L2_V9,Jenis-Jenis Poster,Interaktif,Guru4,Guru_Bahasa,7.50,7.50,8.50,7.50
L2_V9,Jenis-Jenis Poster,Interaktif,Guru5,Guru_Bahasa,8.00,7.00,8.00,7.00
L2_V9,Jenis-Jenis Poster,Interaktif,Guru6,Guru_Bahasa,8.25,7.75,8.75,7.75
L2_V9,Jenis-Jenis Poster,Interaktif,Guru7,Guru_Bahasa,7.75,7.25,8.25,7.25
L2_V9,Jenis-Jenis Poster,Interaktif,Guru8,Guru_Bahasa,7.50,7.50,8.50,7.50
L2_V9,Jenis-Jenis Poster,Interaktif,Guru9,Guru_Bahasa,8.00,7.00,8.00,7.00
L2_V9,Jenis-Jenis Poster,Interaktif,AI1,Ahli_AI,8.50,7.50,9.00,8.00
L2_V9,Jenis-Jenis Poster,Interaktif,AI2,Ahli_AI,8.25,7.75,8.75,8.25
L2_V9,Jenis-Jenis Poster,Interaktif,AI3,Ahli_AI,8.75,7.25,9.25,8.50
L2_V9,Jenis-Jenis Poster,Interaktif,AI4,Ahli_AI,8.00,7.75,8.75,8.00
L2_V9,Jenis-Jenis Poster,Interaktif,AI5,Ahli_AI,8.50,7.00,8.50,7.50
L2_V9,Jenis-Jenis Poster,Interaktif,AI6,Ahli_AI,8.25,7.50,9.00,8.00
L2_V9,Jenis-Jenis Poster,Interaktif,AI7,Ahli_AI,8.75,7.25,9.25,8.50
L2_V9,Jenis-Jenis Poster,Interaktif,AI8,Ahli_AI,8.00,7.50,8.75,8.00
L2_V9,Jenis-Jenis Poster,Interaktif,AI9,Ahli_AI,8.50,7.00,8.50,7.50
L2_V9,Jenis-Jenis Poster,Interaktif,AI10,Ahli_AI,8.25,7.75,9.00,8.00
L2_V9,Jenis-Jenis Poster,Interaktif,AI11,Ahli_AI,8.75,7.25,9.25,8.50
L2_V9,Jenis-Jenis Poster,Interaktif,AI12,Ahli_AI,8.00,7.50,8.75,8.00
L2_V10,Jenis-Jenis Poster,Analitis,Guru1,Guru_Bahasa,8.00,8.00,7.50,8.50
L2_V10,Jenis-Jenis Poster,Analitis,Guru2,Guru_Bahasa,8.25,7.75,7.75,8.75
L2_V10,Jenis-Jenis Poster,Analitis,Guru3,Guru_Bahasa,7.75,8.25,7.25,8.25
L2_V10,Jenis-Jenis Poster,Analitis,Guru4,Guru_Bahasa,7.50,8.00,7.50,8.50
L2_V10,Jenis-Jenis Poster,Analitis,Guru5,Guru_Bahasa,8.00,7.50,7.00,8.00
L2_V10,Jenis-Jenis Poster,Analitis,Guru6,Guru_Bahasa,8.25,7.75,7.75,8.75
L2_V10,Jenis-Jenis Poster,Analitis,Guru7,Guru_Bahasa,7.75,8.25,7.25,8.25
L2_V10,Jenis-Jenis Poster,Analitis,Guru8,Guru_Bahasa,7.50,8.00,7.50,8.50
L2_V10,Jenis-Jenis Poster,Analitis,Guru9,Guru_Bahasa,8.00,7.50,7.00,8.00
L2_V10,Jenis-Jenis Poster,Analitis,AI1,Ahli_AI,8.50,8.50,8.00,9.00
L2_V10,Jenis-Jenis Poster,Analitis,AI2,Ahli_AI,8.25,8.25,8.25,8.75
L2_V10,Jenis-Jenis Poster,Analitis,AI3,Ahli_AI,8.75,8.75,7.75,9.25
L2_V10,Jenis-Jenis Poster,Analitis,AI4,Ahli_AI,8.00,8.25,8.00,8.75
L2_V10,Jenis-Jenis Poster,Analitis,AI5,Ahli_AI,8.50,8.00,7.50,8.50
L2_V10,Jenis-Jenis Poster,Analitis,AI6,Ahli_AI,8.25,8.50,8.25,9.00
L2_V10,Jenis-Jenis Poster,Analitis,AI7,Ahli_AI,8.75,8.75,7.75,9.25
L2_V10,Jenis-Jenis Poster,Analitis,AI8,Ahli_AI,8.00,8.25,8.00,8.75
L2_V10,Jenis-Jenis Poster,Analitis,AI9,Ahli_AI,8.50,8.00,7.50,8.50
L2_V10,Jenis-Jenis Poster,Analitis,AI10,Ahli_AI,8.25,8.50,8.25,9.00
L2_V10,Jenis-Jenis Poster,Analitis,AI11,Ahli_AI,8.75,8.75,7.75,9.25
L2_V10,Jenis-Jenis Poster,Analitis,AI12,Ahli_AI,8.00,8.25,8.00,8.75
L2_V11,Unsur-Unsur Poster,Teori,Guru1,Guru_Bahasa,8.00,8.50,7.00,7.50
L2_V11,Unsur-Unsur Poster,Teori,Guru2,Guru_Bahasa,8.25,8.25,7.25,7.75
L2_V11,Unsur-Unsur Poster,Teori,Guru3,Guru_Bahasa,7.75,8.75,6.75,7.25
L2_V11,Unsur-Unsur Poster,Teori,Guru4,Guru_Bahasa,7.50,8.50,7.00,7.50
L2_V11,Unsur-Unsur Poster,Teori,Guru5,Guru_Bahasa,8.00,8.00,6.50,7.00
L2_V11,Unsur-Unsur Poster,Teori,Guru6,Guru_Bahasa,8.25,8.25,7.25,7.75
L2_V11,Unsur-Unsur Poster,Teori,Guru7,Guru_Bahasa,7.75,8.75,6.75,7.25
L2_V11,Unsur-Unsur Poster,Teori,Guru8,Guru_Bahasa,7.50,8.50,7.00,7.50
L2_V11,Unsur-Unsur Poster,Teori,Guru9,Guru_Bahasa,8.00,8.00,6.50,7.00
L2_V11,Unsur-Unsur Poster,Teori,AI1,Ahli_AI,8.50,9.00,7.50,8.00
L2_V11,Unsur-Unsur Poster,Teori,AI2,Ahli_AI,8.25,8.75,7.75,8.25
L2_V11,Unsur-Unsur Poster,Teori,AI3,Ahli_AI,8.75,9.25,7.25,8.50
L2_V11,Unsur-Unsur Poster,Teori,AI4,Ahli_AI,8.00,8.75,7.50,8.00
L2_V11,Unsur-Unsur Poster,Teori,AI5,Ahli_AI,8.50,8.50,7.00,7.75
L2_V11,Unsur-Unsur Poster,Teori,AI6,Ahli_AI,8.25,9.00,7.75,8.25
L2_V11,Unsur-Unsur Poster,Teori,AI7,Ahli_AI,8.75,9.25,7.25,8.50
L2_V11,Unsur-Unsur Poster,Teori,AI8,Ahli_AI,8.00,8.75,7.50,8.00
L2_V11,Unsur-Unsur Poster,Teori,AI9,Ahli_AI,8.50,8.50,7.00,7.75
L2_V11,Unsur-Unsur Poster,Teori,AI10,Ahli_AI,8.25,9.00,7.75,8.25
L2_V11,Unsur-Unsur Poster,Teori,AI11,Ahli_AI,8.75,9.25,7.25,8.50
L2_V11,Unsur-Unsur Poster,Teori,AI12,Ahli_AI,8.00,8.75,7.50,8.00
L2_V12,Unsur-Unsur Poster,Aplikasi,Guru1,Guru_Bahasa,8.50,8.00,8.50,8.00
L2_V12,Unsur-Unsur Poster,Aplikasi,Guru2,Guru_Bahasa,8.75,8.25,8.75,8.25
L2_V12,Unsur-Unsur Poster,Aplikasi,Guru3,Guru_Bahasa,8.25,7.75,8.25,7.75
L2_V12,Unsur-Unsur Poster,Aplikasi,Guru4,Guru_Bahasa,8.00,8.00,8.50,8.00
L2_V12,Unsur-Unsur Poster,Aplikasi,Guru5,Guru_Bahasa,8.50,7.50,8.00,7.50
L2_V12,Unsur-Unsur Poster,Aplikasi,Guru6,Guru_Bahasa,8.75,8.25,8.75,8.25
L2_V12,Unsur-Unsur Poster,Aplikasi,Guru7,Guru_Bahasa,8.25,7.75,8.25,7.75
L2_V12,Unsur-Unsur Poster,Aplikasi,Guru8,Guru_Bahasa,8.00,8.00,8.50,8.00
L2_V12,Unsur-Unsur Poster,Aplikasi,Guru9,Guru_Bahasa,8.50,7.50,8.00,7.50
L2_V12,Unsur-Unsur Poster,Aplikasi,AI1,Ahli_AI,9.00,8.50,9.00,8.50
L2_V12,Unsur-Unsur Poster,Aplikasi,AI2,Ahli_AI,8.75,8.75,8.75,8.75
L2_V12,Unsur-Unsur Poster,Aplikasi,AI3,Ahli_AI,9.25,8.25,9.25,9.00
L2_V12,Unsur-Unsur Poster,Aplikasi,AI4,Ahli_AI,8.50,8.75,8.75,8.50
L2_V12,Unsur-Unsur Poster,Aplikasi,AI5,Ahli_AI,9.00,8.00,8.50,8.00
L2_V12,Unsur-Unsur Poster,Aplikasi,AI6,Ahli_AI,8.75,8.50,9.00,8.75
L2_V12,Unsur-Unsur Poster,Aplikasi,AI7,Ahli_AI,9.25,8.25,9.25,9.00
L2_V12,Unsur-Unsur Poster,Aplikasi,AI8,Ahli_AI,8.50,8.75,8.75,8.50
L2_V12,Unsur-Unsur Poster,Aplikasi,AI9,Ahli_AI,9.00,8.00,8.50,8.00
L2_V12,Unsur-Unsur Poster,Aplikasi,AI10,Ahli_AI,8.75,8.50,9.00,8.75
L2_V12,Unsur-Unsur Poster,Aplikasi,AI11,Ahli_AI,9.25,8.25,9.25,9.00
L2_V12,Unsur-Unsur Poster,Aplikasi,AI12,Ahli_AI,8.50,8.75,8.75,8.50
L2_V13,Unsur-Unsur Poster,Visual,Guru1,Guru_Bahasa,8.00,7.50,9.00,8.00
L2_V13,Unsur-Unsur Poster,Visual,Guru2,Guru_Bahasa,8.25,7.75,9.25,8.25
L2_V13,Unsur-Unsur Poster,Visual,Guru3,Guru_Bahasa,7.75,7.25,8.75,7.75
L2_V13,Unsur-Unsur Poster,Visual,Guru4,Guru_Bahasa,7.50,7.50,9.00,8.00
L2_V13,Unsur-Unsur Poster,Visual,Guru5,Guru_Bahasa,8.00,7.00,8.50,7.50
L2_V13,Unsur-Unsur Poster,Visual,Guru6,Guru_Bahasa,8.25,7.75,9.25,8.25
L2_V13,Unsur-Unsur Poster,Visual,Guru7,Guru_Bahasa,7.75,7.25,8.75,7.75
L2_V13,Unsur-Unsur Poster,Visual,Guru8,Guru_Bahasa,7.50,7.50,9.00,8.00
L2_V13,Unsur-Unsur Poster,Visual,Guru9,Guru_Bahasa,8.00,7.00,8.50,7.50
L2_V13,Unsur-Unsur Poster,Visual,AI1,Ahli_AI,8.50,7.50,9.50,8.50
L2_V13,Unsur-Unsur Poster,Visual,AI2,Ahli_AI,8.25,7.75,9.25,8.75
L2_V13,Unsur-Unsur Poster,Visual,AI3,Ahli_AI,8.75,7.25,9.75,9.00
L2_V13,Unsur-Unsur Poster,Visual,AI4,Ahli_AI,8.00,7.75,9.25,8.50
L2_V13,Unsur-Unsur Poster,Visual,AI5,Ahli_AI,8.50,7.00,9.00,8.00
L2_V13,Unsur-Unsur Poster,Visual,AI6,Ahli_AI,8.25,7.50,9.50,8.50
L2_V13,Unsur-Unsur Poster,Visual,AI7,Ahli_AI,8.75,7.25,9.75,9.00
L2_V13,Unsur-Unsur Poster,Visual,AI8,Ahli_AI,8.00,7.50,9.25,8.50
L2_V13,Unsur-Unsur Poster,Visual,AI9,Ahli_AI,8.50,7.00,9.00,8.00
L2_V13,Unsur-Unsur Poster,Visual,AI10,Ahli_AI,8.25,7.75,9.50,8.50
L2_V13,Unsur-Unsur Poster,Visual,AI11,Ahli_AI,8.75,7.25,9.75,9.00
L2_V13,Unsur-Unsur Poster,Visual,AI12,Ahli_AI,8.00,7.50,9.25,8.50
L2_V14,Unsur-Unsur Poster,Interaktif,Guru1,Guru_Bahasa,7.50,7.00,8.00,7.00
L2_V14,Unsur-Unsur Poster,Interaktif,Guru2,Guru_Bahasa,7.75,7.25,8.25,7.25
L2_V14,Unsur-Unsur Poster,Interaktif,Guru3,Guru_Bahasa,7.25,6.75,7.75,6.75
L2_V14,Unsur-Unsur Poster,Interaktif,Guru4,Guru_Bahasa,7.00,7.00,8.00,7.00
L2_V14,Unsur-Unsur Poster,Interaktif,Guru5,Guru_Bahasa,7.50,6.50,7.50,6.50
L2_V14,Unsur-Unsur Poster,Interaktif,Guru6,Guru_Bahasa,7.75,7.25,8.25,7.25
L2_V14,Unsur-Unsur Poster,Interaktif,Guru7,Guru_Bahasa,7.25,6.75,7.75,6.75
L2_V14,Unsur-Unsur Poster,Interaktif,Guru8,Guru_Bahasa,7.00,7.00,8.00,7.00
L2_V14,Unsur-Unsur Poster,Interaktif,Guru9,Guru_Bahasa,7.50,6.50,7.50,6.50
L2_V14,Unsur-Unsur Poster,Interaktif,AI1,Ahli_AI,8.00,7.00,8.50,7.50
L2_V14,Unsur-Unsur Poster,Interaktif,AI2,Ahli_AI,7.75,7.25,8.25,7.75
L2_V14,Unsur-Unsur Poster,Interaktif,AI3,Ahli_AI,8.25,6.75,8.75,8.00
L2_V14,Unsur-Unsur Poster,Interaktif,AI4,Ahli_AI,7.50,7.25,8.25,7.75
L2_V14,Unsur-Unsur Poster,Interaktif,AI5,Ahli_AI,8.00,6.50,8.00,7.25
L2_V14,Unsur-Unsur Poster,Interaktif,AI6,Ahli_AI,7.75,7.00,8.50,7.50
L2_V14,Unsur-Unsur Poster,Interaktif,AI7,Ahli_AI,8.25,6.75,8.75,8.00
L2_V14,Unsur-Unsur Poster,Interaktif,AI8,Ahli_AI,7.50,7.25,8.25,7.75
L2_V14,Unsur-Unsur Poster,Interaktif,AI9,Ahli_AI,8.00,6.50,8.00,7.25
L2_V14,Unsur-Unsur Poster,Interaktif,AI10,Ahli_AI,7.75,7.00,8.50,7.50
L2_V14,Unsur-Unsur Poster,Interaktif,AI11,Ahli_AI,8.25,6.75,8.75,8.00
L2_V14,Unsur-Unsur Poster,Interaktif,AI12,Ahli_AI,7.50,7.25,8.25,7.75
L2_V15,Unsur-Unsur Poster,Analitis,Guru1,Guru_Bahasa,7.50,8.00,7.50,8.00
L2_V15,Unsur-Unsur Poster,Analitis,Guru2,Guru_Bahasa,7.75,7.75,7.75,8.25
L2_V15,Unsur-Unsur Poster,Analitis,Guru3,Guru_Bahasa,7.25,8.25,7.25,7.75
L2_V15,Unsur-Unsur Poster,Analitis,Guru4,Guru_Bahasa,7.00,8.00,7.50,8.00
L2_V15,Unsur-Unsur Poster,Analitis,Guru5,Guru_Bahasa,7.50,7.50,7.00,7.50
L2_V15,Unsur-Unsur Poster,Analitis,Guru6,Guru_Bahasa,7.75,7.75,7.75,8.25
L2_V15,Unsur-Unsur Poster,Analitis,Guru7,Guru_Bahasa,7.25,8.25,7.25,7.75
L2_V15,Unsur-Unsur Poster,Analitis,Guru8,Guru_Bahasa,7.00,8.00,7.50,8.00
L2_V15,Unsur-Unsur Poster,Analitis,Guru9,Guru_Bahasa,7.50,7.50,7.00,7.50
L2_V15,Unsur-Unsur Poster,Analitis,AI1,Ahli_AI,8.00,8.50,8.00,8.50
L2_V15,Unsur-Unsur Poster,Analitis,AI2,Ahli_AI,7.75,8.25,8.25,8.75
L2_V15,Unsur-Unsur Poster,Analitis,AI3,Ahli_AI,8.25,8.75,7.75,9.00
L2_V15,Unsur-Unsur Poster,Analitis,AI4,Ahli_AI,7.50,8.25,8.00,8.50
L2_V15,Unsur-Unsur Poster,Analitis,AI5,Ahli_AI,8.00,8.00,7.50,8.00
L2_V15,Unsur-Unsur Poster,Analitis,AI6,Ahli_AI,7.75,8.50,8.25,8.50
L2_V15,Unsur-Unsur Poster,Analitis,AI7,Ahli_AI,8.25,8.75,7.75,9.00
L2_V15,Unsur-Unsur Poster,Analitis,AI8,Ahli_AI,7.50,8.25,8.00,8.50
L2_V15,Unsur-Unsur Poster,Analitis,AI9,Ahli_AI,8.00,8.00,7.50,8.00
L2_V15,Unsur-Unsur Poster,Analitis,AI10,Ahli_AI,7.75,8.50,8.25,8.50
L2_V15,Unsur-Unsur Poster,Analitis,AI11,Ahli_AI,8.25,8.75,7.75,9.00
L2_V15,Unsur-Unsur Poster,Analitis,AI12,Ahli_AI,7.50,8.25,8.00,8.50
L3_V1,Pengenalan Teks Berita,Teori,Guru1,Guru_Bahasa,8.50,8.50,7.00,8.00
L3_V1,Pengenalan Teks Berita,Teori,Guru2,Guru_Bahasa,8.75,8.25,7.25,8.25
L3_V1,Pengenalan Teks Berita,Teori,Guru3,Guru_Bahasa,8.25,8.75,6.75,7.75
L3_V1,Pengenalan Teks Berita,Teori,Guru4,Guru_Bahasa,8.00,8.50,7.00,8.00
L3_V1,Pengenalan Teks Berita,Teori,Guru5,Guru_Bahasa,8.50,8.00,6.50,7.50
L3_V1,Pengenalan Teks Berita,Teori,Guru6,Guru_Bahasa,8.75,8.25,7.25,8.25
L3_V1,Pengenalan Teks Berita,Teori,Guru7,Guru_Bahasa,8.25,8.75,6.75,7.75
L3_V1,Pengenalan Teks Berita,Teori,Guru8,Guru_Bahasa,8.00,8.50,7.00,8.00
L3_V1,Pengenalan Teks Berita,Teori,Guru9,Guru_Bahasa,8.50,8.00,6.50,7.50
L3_V1,Pengenalan Teks Berita,Teori,AI1,Ahli_AI,9.00,8.50,7.50,8.50
L3_V1,Pengenalan Teks Berita,Teori,AI2,Ahli_AI,8.75,8.75,7.75,8.75
L3_V1,Pengenalan Teks Berita,Teori,AI3,Ahli_AI,9.25,8.50,7.25,9.00
L3_V1,Pengenalan Teks Berita,Teori,AI4,Ahli_AI,8.50,8.75,7.50,8.50
L3_V1,Pengenalan Teks Berita,Teori,AI5,Ahli_AI,9.00,8.25,7.00,8.25
L3_V1,Pengenalan Teks Berita,Teori,AI6,Ahli_AI,8.75,8.50,7.75,8.75
L3_V1,Pengenalan Teks Berita,Teori,AI7,Ahli_AI,9.25,8.75,7.25,9.00
L3_V1,Pengenalan Teks Berita,Teori,AI8,Ahli_AI,8.50,8.50,7.50,8.50
L3_V1,Pengenalan Teks Berita,Teori,AI9,Ahli_AI,9.00,8.25,7.00,8.25
L3_V1,Pengenalan Teks Berita,Teori,AI10,Ahli_AI,8.75,8.75,7.75,8.75
L3_V1,Pengenalan Teks Berita,Teori,AI11,Ahli_AI,9.25,8.50,7.25,9.00
L3_V1,Pengenalan Teks Berita,Teori,AI12,Ahli_AI,8.50,8.75,7.50,8.50
L3_V2,Pengenalan Teks Berita,Aplikasi,Guru1,Guru_Bahasa,8.50,8.00,8.50,8.50
L3_V2,Pengenalan Teks Berita,Aplikasi,Guru2,Guru_Bahasa,8.75,8.25,8.75,8.75
L3_V2,Pengenalan Teks Berita,Aplikasi,Guru3,Guru_Bahasa,8.25,7.75,8.25,8.25
L3_V2,Pengenalan Teks Berita,Aplikasi,Guru4,Guru_Bahasa,8.00,8.00,8.50,8.50
L3_V2,Pengenalan Teks Berita,Aplikasi,Guru5,Guru_Bahasa,8.50,7.50,8.00,8.00
L3_V2,Pengenalan Teks Berita,Aplikasi,Guru6,Guru_Bahasa,8.75,8.25,8.75,8.75
L3_V2,Pengenalan Teks Berita,Aplikasi,Guru7,Guru_Bahasa,8.25,7.75,8.25,8.25
L3_V2,Pengenalan Teks Berita,Aplikasi,Guru8,Guru_Bahasa,8.00,8.00,8.50,8.50
L3_V2,Pengenalan Teks Berita,Aplikasi,Guru9,Guru_Bahasa,8.50,7.50,8.00,8.00
L3_V2,Pengenalan Teks Berita,Aplikasi,AI1,Ahli_AI,9.00,8.50,9.00,9.00
L3_V2,Pengenalan Teks Berita,Aplikasi,AI2,Ahli_AI,8.75,8.75,8.75,8.75
L3_V2,Pengenalan Teks Berita,Aplikasi,AI3,Ahli_AI,9.25,8.25,9.25,9.25
L3_V2,Pengenalan Teks Berita,Aplikasi,AI4,Ahli_AI,8.50,8.75,8.75,8.75
L3_V2,Pengenalan Teks Berita,Aplikasi,AI5,Ahli_AI,9.00,8.00,8.50,8.50
L3_V2,Pengenalan Teks Berita,Aplikasi,AI6,Ahli_AI,8.75,8.50,9.00,9.00
L3_V2,Pengenalan Teks Berita,Aplikasi,AI7,Ahli_AI,9.25,8.25,9.25,9.25
L3_V2,Pengenalan Teks Berita,Aplikasi,AI8,Ahli_AI,8.50,8.75,8.75,8.75
L3_V2,Pengenalan Teks Berita,Aplikasi,AI9,Ahli_AI,9.00,8.00,8.50,8.50
L3_V2,Pengenalan Teks Berita,Aplikasi,AI10,Ahli_AI,8.75,8.50,9.00,9.00
L3_V2,Pengenalan Teks Berita,Aplikasi,AI11,Ahli_AI,9.25,8.25,9.25,9.25
L3_V2,Pengenalan Teks Berita,Aplikasi,AI12,Ahli_AI,8.50,8.75,8.75,8.75
L3_V3,Pengenalan Teks Berita,Visual,Guru1,Guru_Bahasa,7.50,7.00,9.00,7.50
L3_V3,Pengenalan Teks Berita,Visual,Guru2,Guru_Bahasa,7.75,7.25,8.75,7.75
L3_V3,Pengenalan Teks Berita,Visual,Guru3,Guru_Bahasa,7.25,6.75,9.25,7.25
L3_V3,Pengenalan Teks Berita,Visual,Guru4,Guru_Bahasa,7.00,7.00,9.00,7.50
L3_V3,Pengenalan Teks Berita,Visual,Guru5,Guru_Bahasa,7.50,6.50,8.50,7.00
L3_V3,Pengenalan Teks Berita,Visual,Guru6,Guru_Bahasa,7.75,7.25,8.75,7.75
L3_V3,Pengenalan Teks Berita,Visual,Guru7,Guru_Bahasa,7.25,6.75,9.25,7.25
L3_V3,Pengenalan Teks Berita,Visual,Guru8,Guru_Bahasa,7.00,7.00,9.00,7.50
L3_V3,Pengenalan Teks Berita,Visual,Guru9,Guru_Bahasa,7.50,6.50,8.50,7.00
L3_V3,Pengenalan Teks Berita,Visual,AI1,Ahli_AI,8.00,7.50,9.50,8.00
L3_V3,Pengenalan Teks Berita,Visual,AI2,Ahli_AI,7.75,7.75,9.25,8.25
L3_V3,Pengenalan Teks Berita,Visual,AI3,Ahli_AI,8.25,7.25,9.75,8.50
L3_V3,Pengenalan Teks Berita,Visual,AI4,Ahli_AI,7.50,7.75,9.25,8.00
L3_V3,Pengenalan Teks Berita,Visual,AI5,Ahli_AI,8.00,7.00,9.00,7.75
L3_V3,Pengenalan Teks Berita,Visual,AI6,Ahli_AI,7.75,7.50,9.50,8.00
L3_V3,Pengenalan Teks Berita,Visual,AI7,Ahli_AI,8.25,7.25,9.75,8.50
L3_V3,Pengenalan Teks Berita,Visual,AI8,Ahli_AI,7.50,7.50,9.25,8.00
L3_V3,Pengenalan Teks Berita,Visual,AI9,Ahli_AI,8.00,7.00,9.00,7.75
L3_V3,Pengenalan Teks Berita,Visual,AI10,Ahli_AI,7.75,7.75,9.50,8.25
L3_V3,Pengenalan Teks Berita,Visual,AI11,Ahli_AI,8.25,7.25,9.75,8.50
L3_V3,Pengenalan Teks Berita,Visual,AI12,Ahli_AI,7.50,7.50,9.25,8.00
L3_V4,Pengenalan Teks Berita,Interaktif,Guru1,Guru_Bahasa,8.00,7.50,8.50,7.50
L3_V4,Pengenalan Teks Berita,Interaktif,Guru2,Guru_Bahasa,8.25,7.75,8.75,7.75
L3_V4,Pengenalan Teks Berita,Interaktif,Guru3,Guru_Bahasa,7.75,7.25,8.25,7.25
L3_V4,Pengenalan Teks Berita,Interaktif,Guru4,Guru_Bahasa,7.50,7.50,8.50,7.50
L3_V4,Pengenalan Teks Berita,Interaktif,Guru5,Guru_Bahasa,8.00,7.00,8.00,7.00
L3_V4,Pengenalan Teks Berita,Interaktif,Guru6,Guru_Bahasa,8.25,7.75,8.75,7.75
L3_V4,Pengenalan Teks Berita,Interaktif,Guru7,Guru_Bahasa,7.75,7.25,8.25,7.25
L3_V4,Pengenalan Teks Berita,Interaktif,Guru8,Guru_Bahasa,7.50,7.50,8.50,7.50
L3_V4,Pengenalan Teks Berita,Interaktif,Guru9,Guru_Bahasa,8.00,7.00,8.00,7.00
L3_V4,Pengenalan Teks Berita,Interaktif,AI1,Ahli_AI,8.50,7.50,9.00,8.00
L3_V4,Pengenalan Teks Berita,Interaktif,AI2,Ahli_AI,8.25,7.75,8.75,8.25
L3_V4,Pengenalan Teks Berita,Interaktif,AI3,Ahli_AI,8.75,7.25,9.25,8.50
L3_V4,Pengenalan Teks Berita,Interaktif,AI4,Ahli_AI,8.00,7.75,8.75,8.00
L3_V4,Pengenalan Teks Berita,Interaktif,AI5,Ahli_AI,8.50,7.00,8.50,7.50
L3_V4,Pengenalan Teks Berita,Interaktif,AI6,Ahli_AI,8.25,7.50,9.00,8.00
L3_V4,Pengenalan Teks Berita,Interaktif,AI7,Ahli_AI,8.75,7.25,9.25,8.50
L3_V4,Pengenalan Teks Berita,Interaktif,AI8,Ahli_AI,8.00,7.50,8.75,8.00
L3_V4,Pengenalan Teks Berita,Interaktif,AI9,Ahli_AI,8.50,7.00,8.50,7.50
L3_V4,Pengenalan Teks Berita,Interaktif,AI10,Ahli_AI,8.25,7.75,9.00,8.00
L3_V4,Pengenalan Teks Berita,Interaktif,AI11,Ahli_AI,8.75,7.25,9.25,8.50
L3_V4,Pengenalan Teks Berita,Interaktif,AI12,Ahli_AI,8.00,7.50,8.75,8.00
L3_V5,Pengenalan Teks Berita,Analitis,Guru1,Guru_Bahasa,8.00,8.50,7.50,8.50
L3_V5,Pengenalan Teks Berita,Analitis,Guru2,Guru_Bahasa,8.25,8.25,7.75,8.75
L3_V5,Pengenalan Teks Berita,Analitis,Guru3,Guru_Bahasa,7.75,8.75,7.25,8.25
L3_V5,Pengenalan Teks Berita,Analitis,Guru4,Guru_Bahasa,7.50,8.50,7.50,8.50
L3_V5,Pengenalan Teks Berita,Analitis,Guru5,Guru_Bahasa,8.00,8.00,7.00,8.00
L3_V5,Pengenalan Teks Berita,Analitis,Guru6,Guru_Bahasa,8.25,8.25,7.75,8.75
L3_V5,Pengenalan Teks Berita,Analitis,Guru7,Guru_Bahasa,7.75,8.75,7.25,8.25
L3_V5,Pengenalan Teks Berita,Analitis,Guru8,Guru_Bahasa,7.50,8.50,7.50,8.50
L3_V5,Pengenalan Teks Berita,Analitis,Guru9,Guru_Bahasa,8.00,8.00,7.00,8.00
L3_V5,Pengenalan Teks Berita,Analitis,AI1,Ahli_AI,8.50,9.00,8.00,9.00
L3_V5,Pengenalan Teks Berita,Analitis,AI2,Ahli_AI,8.25,8.75,8.25,8.75
L3_V5,Pengenalan Teks Berita,Analitis,AI3,Ahli_AI,8.75,9.25,7.75,9.25
L3_V5,Pengenalan Teks Berita,Analitis,AI4,Ahli_AI,8.00,8.75,8.00,8.75
L3_V5,Pengenalan Teks Berita,Analitis,AI5,Ahli_AI,8.50,8.50,7.50,8.50
L3_V5,Pengenalan Teks Berita,Analitis,AI6,Ahli_AI,8.25,9.00,8.25,9.00
L3_V5,Pengenalan Teks Berita,Analitis,AI7,Ahli_AI,8.75,9.25,7.75,9.25
L3_V5,Pengenalan Teks Berita,Analitis,AI8,Ahli_AI,8.00,8.75,8.00,8.75
L3_V5,Pengenalan Teks Berita,Analitis,AI9,Ahli_AI,8.50,8.50,7.50,8.50
L3_V5,Pengenalan Teks Berita,Analitis,AI10,Ahli_AI,8.25,9.00,8.25,9.00
L3_V5,Pengenalan Teks Berita,Analitis,AI11,Ahli_AI,8.75,9.25,7.75,9.25
L3_V5,Pengenalan Teks Berita,Analitis,AI12,Ahli_AI,8.00,8.75,8.00,8.75
L3_V6,Struktur Teks Berita,Teori,Guru1,Guru_Bahasa,9.00,9.00,7.50,8.50
L3_V6,Struktur Teks Berita,Teori,Guru2,Guru_Bahasa,9.25,8.75,7.75,8.75
L3_V6,Struktur Teks Berita,Teori,Guru3,Guru_Bahasa,8.75,9.25,7.25,8.25
L3_V6,Struktur Teks Berita,Teori,Guru4,Guru_Bahasa,8.50,9.00,7.50,8.50
L3_V6,Struktur Teks Berita,Teori,Guru5,Guru_Bahasa,9.00,8.50,7.00,8.00
L3_V6,Struktur Teks Berita,Teori,Guru6,Guru_Bahasa,9.25,8.75,7.75,8.75
L3_V6,Struktur Teks Berita,Teori,Guru7,Guru_Bahasa,8.75,9.25,7.25,8.25
L3_V6,Struktur Teks Berita,Teori,Guru8,Guru_Bahasa,8.50,9.00,7.50,8.50
L3_V6,Struktur Teks Berita,Teori,Guru9,Guru_Bahasa,9.00,8.50,7.00,8.00
L3_V6,Struktur Teks Berita,Teori,AI1,Ahli_AI,9.50,9.50,8.00,9.00
L3_V6,Struktur Teks Berita,Teori,AI2,Ahli_AI,9.25,9.25,8.25,9.25
L3_V6,Struktur Teks Berita,Teori,AI3,Ahli_AI,9.75,9.75,7.75,9.50
L3_V6,Struktur Teks Berita,Teori,AI4,Ahli_AI,9.00,9.25,8.00,9.00
L3_V6,Struktur Teks Berita,Teori,AI5,Ahli_AI,9.50,9.00,7.50,8.75
L3_V6,Struktur Teks Berita,Teori,AI6,Ahli_AI,9.25,9.50,8.25,9.25
L3_V6,Struktur Teks Berita,Teori,AI7,Ahli_AI,9.75,9.75,7.75,9.50
L3_V6,Struktur Teks Berita,Teori,AI8,Ahli_AI,9.00,9.25,8.00,9.00
L3_V6,Struktur Teks Berita,Teori,AI9,Ahli_AI,9.50,9.00,7.50,8.75
L3_V6,Struktur Teks Berita,Teori,AI10,Ahli_AI,9.25,9.50,8.25,9.25
L3_V6,Struktur Teks Berita,Teori,AI11,Ahli_AI,9.75,9.75,7.75,9.50
L3_V6,Struktur Teks Berita,Teori,AI12,Ahli_AI,9.00,9.25,8.00,9.00
L3_V7,Struktur Teks Berita,Aplikasi,Guru1,Guru_Bahasa,8.50,8.50,8.50,8.50
L3_V7,Struktur Teks Berita,Aplikasi,Guru2,Guru_Bahasa,8.75,8.25,8.75,8.75
L3_V7,Struktur Teks Berita,Aplikasi,Guru3,Guru_Bahasa,8.25,8.75,8.25,8.25
L3_V7,Struktur Teks Berita,Aplikasi,Guru4,Guru_Bahasa,8.00,8.50,8.50,8.50
L3_V7,Struktur Teks Berita,Aplikasi,Guru5,Guru_Bahasa,8.50,8.00,8.00,8.00
L3_V7,Struktur Teks Berita,Aplikasi,Guru6,Guru_Bahasa,8.75,8.25,8.75,8.75
L3_V7,Struktur Teks Berita,Aplikasi,Guru7,Guru_Bahasa,8.25,8.75,8.25,8.25
L3_V7,Struktur Teks Berita,Aplikasi,Guru8,Guru_Bahasa,8.00,8.50,8.50,8.50
L3_V7,Struktur Teks Berita,Aplikasi,Guru9,Guru_Bahasa,8.50,8.00,8.00,8.00
L3_V7,Struktur Teks Berita,Aplikasi,AI1,Ahli_AI,9.00,8.50,9.00,9.00
L3_V7,Struktur Teks Berita,Aplikasi,AI2,Ahli_AI,8.75,8.75,8.75,8.75
L3_V7,Struktur Teks Berita,Aplikasi,AI3,Ahli_AI,9.25,8.25,9.25,9.25
L3_V7,Struktur Teks Berita,Aplikasi,AI4,Ahli_AI,8.50,8.75,8.75,8.75
L3_V7,Struktur Teks Berita,Aplikasi,AI5,Ahli_AI,9.00,8.00,8.50,8.50
L3_V7,Struktur Teks Berita,Aplikasi,AI6,Ahli_AI,8.75,8.50,9.00,9.00
L3_V7,Struktur Teks Berita,Aplikasi,AI7,Ahli_AI,9.25,8.25,9.25,9.25
L3_V7,Struktur Teks Berita,Aplikasi,AI8,Ahli_AI,8.50,8.75,8.75,8.75
L3_V7,Struktur Teks Berita,Aplikasi,AI9,Ahli_AI,9.00,8.00,8.50,8.50
L3_V7,Struktur Teks Berita,Aplikasi,AI10,Ahli_AI,8.75,8.50,9.00,9.00
L3_V7,Struktur Teks Berita,Aplikasi,AI11,Ahli_AI,9.25,8.25,9.25,9.25
L3_V7,Struktur Teks Berita,Aplikasi,AI12,Ahli_AI,8.50,8.75,8.75,8.75
L3_V8,Struktur Teks Berita,Visual,Guru1,Guru_Bahasa,7.50,7.50,9.00,8.00
L3_V8,Struktur Teks Berita,Visual,Guru2,Guru_Bahasa,7.75,7.25,8.75,8.25
L3_V8,Struktur Teks Berita,Visual,Guru3,Guru_Bahasa,7.25,7.75,9.25,7.75
L3_V8,Struktur Teks Berita,Visual,Guru4,Guru_Bahasa,7.00,7.50,9.00,8.00
L3_V8,Struktur Teks Berita,Visual,Guru5,Guru_Bahasa,7.50,7.00,8.50,7.50
L3_V8,Struktur Teks Berita,Visual,Guru6,Guru_Bahasa,7.75,7.25,8.75,8.25
L3_V8,Struktur Teks Berita,Visual,Guru7,Guru_Bahasa,7.25,7.75,9.25,7.75
L3_V8,Struktur Teks Berita,Visual,Guru8,Guru_Bahasa,7.00,7.50,9.00,8.00
L3_V8,Struktur Teks Berita,Visual,Guru9,Guru_Bahasa,7.50,7.00,8.50,7.50
L3_V8,Struktur Teks Berita,Visual,AI1,Ahli_AI,8.00,7.50,9.50,8.50
L3_V8,Struktur Teks Berita,Visual,AI2,Ahli_AI,7.75,7.75,9.25,8.75
L3_V8,Struktur Teks Berita,Visual,AI3,Ahli_AI,8.25,7.25,9.75,9.00
L3_V8,Struktur Teks Berita,Visual,AI4,Ahli_AI,7.50,7.75,9.25,8.50
L3_V8,Struktur Teks Berita,Visual,AI5,Ahli_AI,8.00,7.00,9.00,8.00
L3_V8,Struktur Teks Berita,Visual,AI6,Ahli_AI,7.75,7.50,9.50,8.50
L3_V8,Struktur Teks Berita,Visual,AI7,Ahli_AI,8.25,7.25,9.75,9.00
L3_V8,Struktur Teks Berita,Visual,AI8,Ahli_AI,7.50,7.50,9.25,8.50
L3_V8,Struktur Teks Berita,Visual,AI9,Ahli_AI,8.00,7.00,9.00,8.00
L3_V8,Struktur Teks Berita,Visual,AI10,Ahli_AI,7.75,7.75,9.50,8.50
L3_V8,Struktur Teks Berita,Visual,AI11,Ahli_AI,8.25,7.25,9.75,9.00
L3_V8,Struktur Teks Berita,Visual,AI12,Ahli_AI,7.50,7.50,9.25,8.50
L3_V9,Struktur Teks Berita,Interaktif,Guru1,Guru_Bahasa,8.00,7.50,8.50,7.50
L3_V9,Struktur Teks Berita,Interaktif,Guru2,Guru_Bahasa,8.25,7.75,8.75,7.75
L3_V9,Struktur Teks Berita,Interaktif,Guru3,Guru_Bahasa,7.75,7.25,8.25,7.25
L3_V9,Struktur Teks Berita,Interaktif,Guru4,Guru_Bahasa,7.50,7.50,8.50,7.50
L3_V9,Struktur Teks Berita,Interaktif,Guru5,Guru_Bahasa,8.00,7.00,8.00,7.00
L3_V9,Struktur Teks Berita,Interaktif,Guru6,Guru_Bahasa,8.25,7.75,8.75,7.75
L3_V9,Struktur Teks Berita,Interaktif,Guru7,Guru_Bahasa,7.75,7.25,8.25,7.25
L3_V9,Struktur Teks Berita,Interaktif,Guru8,Guru_Bahasa,7.50,7.50,8.50,7.50
L3_V9,Struktur Teks Berita,Interaktif,Guru9,Guru_Bahasa,8.00,7.00,8.00,7.00
L3_V9,Struktur Teks Berita,Interaktif,AI1,Ahli_AI,8.50,7.50,9.00,8.00
L3_V9,Struktur Teks Berita,Interaktif,AI2,Ahli_AI,8.25,7.75,8.75,8.25
L3_V9,Struktur Teks Berita,Interaktif,AI3,Ahli_AI,8.75,7.25,9.25,8.50
L3_V9,Struktur Teks Berita,Interaktif,AI4,Ahli_AI,8.00,7.75,8.75,8.00
L3_V9,Struktur Teks Berita,Interaktif,AI5,Ahli_AI,8.50,7.00,8.50,7.50
L3_V9,Struktur Teks Berita,Interaktif,AI6,Ahli_AI,8.25,7.50,9.00,8.00
L3_V9,Struktur Teks Berita,Interaktif,AI7,Ahli_AI,8.75,7.25,9.25,8.50
L3_V9,Struktur Teks Berita,Interaktif,AI8,Ahli_AI,8.00,7.50,8.75,8.00
L3_V9,Struktur Teks Berita,Interaktif,AI9,Ahli_AI,8.50,7.00,8.50,7.50
L3_V9,Struktur Teks Berita,Interaktif,AI10,Ahli_AI,8.25,7.75,9.00,8.00
L3_V9,Struktur Teks Berita,Interaktif,AI11,Ahli_AI,8.75,7.25,9.25,8.50
L3_V9,Struktur Teks Berita,Interaktif,AI12,Ahli_AI,8.00,7.50,8.75,8.00
L3_V10,Struktur Teks Berita,Analitis,Guru1,Guru_Bahasa,8.50,8.50,8.00,9.00
L3_V10,Struktur Teks Berita,Analitis,Guru2,Guru_Bahasa,8.75,8.25,8.25,9.25
L3_V10,Struktur Teks Berita,Analitis,Guru3,Guru_Bahasa,8.25,8.75,7.75,8.75
L3_V10,Struktur Teks Berita,Analitis,Guru4,Guru_Bahasa,8.00,8.50,8.00,9.00
L3_V10,Struktur Teks Berita,Analitis,Guru5,Guru_Bahasa,8.50,8.00,7.50,8.50
L3_V10,Struktur Teks Berita,Analitis,Guru6,Guru_Bahasa,8.75,8.25,8.25,9.25
L3_V10,Struktur Teks Berita,Analitis,Guru7,Guru_Bahasa,8.25,8.75,7.75,8.75
L3_V10,Struktur Teks Berita,Analitis,Guru8,Guru_Bahasa,8.00,8.50,8.00,9.00
L3_V10,Struktur Teks Berita,Analitis,Guru9,Guru_Bahasa,8.50,8.00,7.50,8.50
L3_V10,Struktur Teks Berita,Analitis,AI1,Ahli_AI,9.00,9.00,8.50,9.50
L3_V10,Struktur Teks Berita,Analitis,AI2,Ahli_AI,8.75,8.75,8.75,9.25
L3_V10,Struktur Teks Berita,Analitis,AI3,Ahli_AI,9.25,9.25,8.25,9.75
L3_V10,Struktur Teks Berita,Analitis,AI4,Ahli_AI,8.50,8.75,8.50,9.25
L3_V10,Struktur Teks Berita,Analitis,AI5,Ahli_AI,9.00,8.50,8.00,9.00
L3_V10,Struktur Teks Berita,Analitis,AI6,Ahli_AI,8.75,9.00,8.75,9.50
L3_V10,Struktur Teks Berita,Analitis,AI7,Ahli_AI,9.25,9.25,8.25,9.75
L3_V10,Struktur Teks Berita,Analitis,AI8,Ahli_AI,8.50,8.75,8.50,9.25
L3_V10,Struktur Teks Berita,Analitis,AI9,Ahli_AI,9.00,8.50,8.00,9.00
L3_V10,Struktur Teks Berita,Analitis,AI10,Ahli_AI,8.75,9.00,8.75,9.50
L3_V10,Struktur Teks Berita,Analitis,AI11,Ahli_AI,9.25,9.25,8.25,9.75
L3_V10,Struktur Teks Berita,Analitis,AI12,Ahli_AI,8.50,8.75,8.50,9.25
L3_V11,Kaidah Kebahasaan Teks Berita,Teori,Guru1,Guru_Bahasa,8.00,8.50,7.00,7.50
L3_V11,Kaidah Kebahasaan Teks Berita,Teori,Guru2,Guru_Bahasa,8.25,8.25,7.25,7.75
L3_V11,Kaidah Kebahasaan Teks Berita,Teori,Guru3,Guru_Bahasa,7.75,8.75,6.75,7.25
L3_V11,Kaidah Kebahasaan Teks Berita,Teori,Guru4,Guru_Bahasa,7.50,8.50,7.00,7.50
L3_V11,Kaidah Kebahasaan Teks Berita,Teori,Guru5,Guru_Bahasa,8.00,8.00,6.50,7.00
L3_V11,Kaidah Kebahasaan Teks Berita,Teori,Guru6,Guru_Bahasa,8.25,8.25,7.25,7.75
L3_V11,Kaidah Kebahasaan Teks Berita,Teori,Guru7,Guru_Bahasa,7.75,8.75,6.75,7.25
L3_V11,Kaidah Kebahasaan Teks Berita,Teori,Guru8,Guru_Bahasa,7.50,8.50,7.00,7.50
L3_V11,Kaidah Kebahasaan Teks Berita,Teori,Guru9,Guru_Bahasa,8.00,8.00,6.50,7.00
L3_V11,Kaidah Kebahasaan Teks Berita,Teori,AI1,Ahli_AI,8.50,9.00,7.50,8.00
L3_V11,Kaidah Kebahasaan Teks Berita,Teori,AI2,Ahli_AI,8.25,8.75,7.75,8.25
L3_V11,Kaidah Kebahasaan Teks Berita,Teori,AI3,Ahli_AI,8.75,9.25,7.25,8.50
L3_V11,Kaidah Kebahasaan Teks Berita,Teori,AI4,Ahli_AI,8.00,8.75,7.50,8.00
L3_V11,Kaidah Kebahasaan Teks Berita,Teori,AI5,Ahli_AI,8.50,8.50,7.00,7.75
L3_V11,Kaidah Kebahasaan Teks Berita,Teori,AI6,Ahli_AI,8.25,9.00,7.75,8.25
L3_V11,Kaidah Kebahasaan Teks Berita,Teori,AI7,Ahli_AI,8.75,9.25,7.25,8.50
L3_V11,Kaidah Kebahasaan Teks Berita,Teori,AI8,Ahli_AI,8.00,8.75,7.50,8.00
L3_V11,Kaidah Kebahasaan Teks Berita,Teori,AI9,Ahli_AI,8.50,8.50,7.00,7.75
L3_V11,Kaidah Kebahasaan Teks Berita,Teori,AI10,Ahli_AI,8.25,9.00,7.75,8.25
L3_V11,Kaidah Kebahasaan Teks Berita,Teori,AI11,Ahli_AI,8.75,9.25,7.25,8.50
L3_V11,Kaidah Kebahasaan Teks Berita,Teori,AI12,Ahli_AI,8.00,8.75,7.50,8.00
L3_V12,Kaidah Kebahasaan Teks Berita,Aplikasi,Guru1,Guru_Bahasa,8.50,8.00,8.50,8.00
L3_V12,Kaidah Kebahasaan Teks Berita,Aplikasi,Guru2,Guru_Bahasa,8.75,8.25,8.75,8.25
L3_V12,Kaidah Kebahasaan Teks Berita,Aplikasi,Guru3,Guru_Bahasa,8.25,7.75,8.25,7.75
L3_V12,Kaidah Kebahasaan Teks Berita,Aplikasi,Guru4,Guru_Bahasa,8.00,8.00,8.50,8.00
L3_V12,Kaidah Kebahasaan Teks Berita,Aplikasi,Guru5,Guru_Bahasa,8.50,7.50,8.00,7.50
L3_V12,Kaidah Kebahasaan Teks Berita,Aplikasi,Guru6,Guru_Bahasa,8.75,8.25,8.75,8.25
L3_V12,Kaidah Kebahasaan Teks Berita,Aplikasi,Guru7,Guru_Bahasa,8.25,7.75,8.25,7.75
L3_V12,Kaidah Kebahasaan Teks Berita,Aplikasi,Guru8,Guru_Bahasa,8.00,8.00,8.50,8.00
L3_V12,Kaidah Kebahasaan Teks Berita,Aplikasi,Guru9,Guru_Bahasa,8.50,7.50,8.00,7.50
L3_V12,Kaidah Kebahasaan Teks Berita,Aplikasi,AI1,Ahli_AI,9.00,8.50,9.00,8.50
L3_V12,Kaidah Kebahasaan Teks Berita,Aplikasi,AI2,Ahli_AI,8.75,8.75,8.75,8.75
L3_V12,Kaidah Kebahasaan Teks Berita,Aplikasi,AI3,Ahli_AI,9.25,8.25,9.25,9.00
L3_V12,Kaidah Kebahasaan Teks Berita,Aplikasi,AI4,Ahli_AI,8.50,8.75,8.75,8.50
L3_V12,Kaidah Kebahasaan Teks Berita,Aplikasi,AI5,Ahli_AI,9.00,8.00,8.50,8.00
L3_V12,Kaidah Kebahasaan Teks Berita,Aplikasi,AI6,Ahli_AI,8.75,8.50,9.00,8.75
L3_V12,Kaidah Kebahasaan Teks Berita,Aplikasi,AI7,Ahli_AI,9.25,8.25,9.25,9.00
L3_V12,Kaidah Kebahasaan Teks Berita,Aplikasi,AI8,Ahli_AI,8.50,8.75,8.75,8.50
L3_V12,Kaidah Kebahasaan Teks Berita,Aplikasi,AI9,Ahli_AI,9.00,8.00,8.50,8.00
L3_V12,Kaidah Kebahasaan Teks Berita,Aplikasi,AI10,Ahli_AI,8.75,8.50,9.00,8.75
L3_V12,Kaidah Kebahasaan Teks Berita,Aplikasi,AI11,Ahli_AI,9.25,8.25,9.25,9.00
L3_V12,Kaidah Kebahasaan Teks Berita,Aplikasi,AI12,Ahli_AI,8.50,8.75,8.75,8.50
L3_V13,Kaidah Kebahasaan Teks Berita,Visual,Guru1,Guru_Bahasa,7.50,7.00,9.00,7.50
L3_V13,Kaidah Kebahasaan Teks Berita,Visual,Guru2,Guru_Bahasa,7.75,7.25,8.75,7.75
L3_V13,Kaidah Kebahasaan Teks Berita,Visual,Guru3,Guru_Bahasa,7.25,6.75,9.25,7.25
L3_V13,Kaidah Kebahasaan Teks Berita,Visual,Guru4,Guru_Bahasa,7.00,7.00,9.00,7.50
L3_V13,Kaidah Kebahasaan Teks Berita,Visual,Guru5,Guru_Bahasa,7.50,6.50,8.50,7.00
L3_V13,Kaidah Kebahasaan Teks Berita,Visual,Guru6,Guru_Bahasa,7.75,7.25,8.75,7.75
L3_V13,Kaidah Kebahasaan Teks Berita,Visual,Guru7,Guru_Bahasa,7.25,6.75,9.25,7.25
L3_V13,Kaidah Kebahasaan Teks Berita,Visual,Guru8,Guru_Bahasa,7.00,7.00,9.00,7.50
L3_V13,Kaidah Kebahasaan Teks Berita,Visual,Guru9,Guru_Bahasa,7.50,6.50,8.50,7.00
L3_V13,Kaidah Kebahasaan Teks Berita,Visual,AI1,Ahli_AI,8.00,7.50,9.50,8.00
L3_V13,Kaidah Kebahasaan Teks Berita,Visual,AI2,Ahli_AI,7.75,7.75,9.25,8.25
L3_V13,Kaidah Kebahasaan Teks Berita,Visual,AI3,Ahli_AI,8.25,7.25,9.75,8.50
L3_V13,Kaidah Kebahasaan Teks Berita,Visual,AI4,Ahli_AI,7.50,7.75,9.25,8.00
L3_V13,Kaidah Kebahasaan Teks Berita,Visual,AI5,Ahli_AI,8.00,7.00,9.00,7.75
L3_V13,Kaidah Kebahasaan Teks Berita,Visual,AI6,Ahli_AI,7.75,7.50,9.50,8.00
L3_V13,Kaidah Kebahasaan Teks Berita,Visual,AI7,Ahli_AI,8.25,7.25,9.75,8.50
L3_V13,Kaidah Kebahasaan Teks Berita,Visual,AI8,Ahli_AI,7.50,7.50,9.25,8.00
L3_V13,Kaidah Kebahasaan Teks Berita,Visual,AI9,Ahli_AI,8.00,7.00,9.00,7.75
L3_V13,Kaidah Kebahasaan Teks Berita,Visual,AI10,Ahli_AI,7.75,7.75,9.50,8.25
L3_V13,Kaidah Kebahasaan Teks Berita,Visual,AI11,Ahli_AI,8.25,7.25,9.75,8.50
L3_V13,Kaidah Kebahasaan Teks Berita,Visual,AI12,Ahli_AI,7.50,7.50,9.25,8.00
L3_V14,Kaidah Kebahasaan Teks Berita,Interaktif,Guru1,Guru_Bahasa,7.50,7.00,8.00,7.00
L3_V14,Kaidah Kebahasaan Teks Berita,Interaktif,Guru2,Guru_Bahasa,7.75,7.25,8.25,7.25
L3_V14,Kaidah Kebahasaan Teks Berita,Interaktif,Guru3,Guru_Bahasa,7.25,6.75,7.75,6.75
L3_V14,Kaidah Kebahasaan Teks Berita,Interaktif,Guru4,Guru_Bahasa,7.00,7.00,8.00,7.00
L3_V14,Kaidah Kebahasaan Teks Berita,Interaktif,Guru5,Guru_Bahasa,7.50,6.50,7.50,6.50
L3_V14,Kaidah Kebahasaan Teks Berita,Interaktif,Guru6,Guru_Bahasa,7.75,7.25,8.25,7.25
L3_V14,Kaidah Kebahasaan Teks Berita,Interaktif,Guru7,Guru_Bahasa,7.25,6.75,7.75,6.75
L3_V14,Kaidah Kebahasaan Teks Berita,Interaktif,Guru8,Guru_Bahasa,7.00,7.00,8.00,7.00
L3_V14,Kaidah Kebahasaan Teks Berita,Interaktif,Guru9,Guru_Bahasa,7.50,6.50,7.50,6.50
L3_V14,Kaidah Kebahasaan Teks Berita,Interaktif,AI1,Ahli_AI,8.00,7.00,8.50,7.50
L3_V14,Kaidah Kebahasaan Teks Berita,Interaktif,AI2,Ahli_AI,7.75,7.25,8.25,7.75
L3_V14,Kaidah Kebahasaan Teks Berita,Interaktif,AI3,Ahli_AI,8.25,6.75,8.75,8.00
L3_V14,Kaidah Kebahasaan Teks Berita,Interaktif,AI4,Ahli_AI,7.50,7.25,8.25,7.75
L3_V14,Kaidah Kebahasaan Teks Berita,Interaktif,AI5,Ahli_AI,8.00,6.50,8.00,7.25
L3_V14,Kaidah Kebahasaan Teks Berita,Interaktif,AI6,Ahli_AI,7.75,7.00,8.50,7.50
L3_V14,Kaidah Kebahasaan Teks Berita,Interaktif,AI7,Ahli_AI,8.25,6.75,8.75,8.00
L3_V14,Kaidah Kebahasaan Teks Berita,Interaktif,AI8,Ahli_AI,7.50,7.25,8.25,7.75
L3_V14,Kaidah Kebahasaan Teks Berita,Interaktif,AI9,Ahli_AI,8.00,6.50,8.00,7.25
L3_V14,Kaidah Kebahasaan Teks Berita,Interaktif,AI10,Ahli_AI,7.75,7.00,8.50,7.50
L3_V14,Kaidah Kebahasaan Teks Berita,Interaktif,AI11,Ahli_AI,8.25,6.75,8.75,8.00
L3_V14,Kaidah Kebahasaan Teks Berita,Interaktif,AI12,Ahli_AI,7.50,7.25,8.25,7.75
L3_V15,Kaidah Kebahasaan Teks Berita,Analitis,Guru1,Guru_Bahasa,7.50,8.00,7.50,8.00
L3_V15,Kaidah Kebahasaan Teks Berita,Analitis,Guru2,Guru_Bahasa,7.75,7.75,7.75,8.25
L3_V15,Kaidah Kebahasaan Teks Berita,Analitis,Guru3,Guru_Bahasa,7.25,8.25,7.25,7.75
L3_V15,Kaidah Kebahasaan Teks Berita,Analitis,Guru4,Guru_Bahasa,7.00,8.00,7.50,8.00
L3_V15,Kaidah Kebahasaan Teks Berita,Analitis,Guru5,Guru_Bahasa,7.50,7.50,7.00,7.50
L3_V15,Kaidah Kebahasaan Teks Berita,Analitis,Guru6,Guru_Bahasa,7.75,7.75,7.75,8.25
L3_V15,Kaidah Kebahasaan Teks Berita,Analitis,Guru7,Guru_Bahasa,7.25,8.25,7.25,7.75
L3_V15,Kaidah Kebahasaan Teks Berita,Analitis,Guru8,Guru_Bahasa,7.00,8.00,7.50,8.00
L3_V15,Kaidah Kebahasaan Teks Berita,Analitis,Guru9,Guru_Bahasa,7.50,7.50,7.00,7.50
L3_V15,Kaidah Kebahasaan Teks Berita,Analitis,AI1,Ahli_AI,8.00,8.50,8.00,8.50
L3_V15,Kaidah Kebahasaan Teks Berita,Analitis,AI2,Ahli_AI,7.75,8.25,8.25,8.75
L3_V15,Kaidah Kebahasaan Teks Berita,Analitis,AI3,Ahli_AI,8.25,8.75,7.75,9.00
L3_V15,Kaidah Kebahasaan Teks Berita,Analitis,AI4,Ahli_AI,7.50,8.25,8.00,8.50
L3_V15,Kaidah Kebahasaan Teks Berita,Analitis,AI5,Ahli_AI,8.00,8.00,7.50,8.00
L3_V15,Kaidah Kebahasaan Teks Berita,Analitis,AI6,Ahli_AI,7.75,8.50,8.25,8.50
L3_V15,Kaidah Kebahasaan Teks Berita,Analitis,AI7,Ahli_AI,8.25,8.75,7.75,9.00
L3_V15,Kaidah Kebahasaan Teks Berita,Analitis,AI8,Ahli_AI,7.50,8.25,8.00,8.50
L3_V15,Kaidah Kebahasaan Teks Berita,Analitis,AI9,Ahli_AI,8.00,8.00,7.50,8.00
L3_V15,Kaidah Kebahasaan Teks Berita,Analitis,AI10,Ahli_AI,7.75,8.50,8.25,8.50
L3_V15,Kaidah Kebahasaan Teks Berita,Analitis,AI11,Ahli_AI,8.25,8.75,7.75,9.00
L3_V15,Kaidah Kebahasaan Teks Berita,Analitis,AI12,Ahli_AI,7.50,8.25,8.00,8.50
L4_V1,Pengenalan Cerpen,Teori,Guru1,Guru_Bahasa,8.50,8.50,7.00,8.00
L4_V1,Pengenalan Cerpen,Teori,Guru2,Guru_Bahasa,8.75,8.25,7.25,8.25
L4_V1,Pengenalan Cerpen,Teori,Guru3,Guru_Bahasa,8.25,8.75,6.75,7.75
L4_V1,Pengenalan Cerpen,Teori,Guru4,Guru_Bahasa,8.00,8.50,7.00,8.00
L4_V1,Pengenalan Cerpen,Teori,Guru5,Guru_Bahasa,8.50,8.00,6.50,7.50
L4_V1,Pengenalan Cerpen,Teori,Guru6,Guru_Bahasa,8.75,8.25,7.25,8.25
L4_V1,Pengenalan Cerpen,Teori,Guru7,Guru_Bahasa,8.25,8.75,6.75,7.75
L4_V1,Pengenalan Cerpen,Teori,Guru8,Guru_Bahasa,8.00,8.50,7.00,8.00
L4_V1,Pengenalan Cerpen,Teori,Guru9,Guru_Bahasa,8.50,8.00,6.50,7.50
L4_V1,Pengenalan Cerpen,Teori,AI1,Ahli_AI,9.00,8.50,7.50,8.50
L4_V1,Pengenalan Cerpen,Teori,AI2,Ahli_AI,8.75,8.75,7.75,8.75
L4_V1,Pengenalan Cerpen,Teori,AI3,Ahli_AI,9.25,8.50,7.25,9.00
L4_V1,Pengenalan Cerpen,Teori,AI4,Ahli_AI,8.50,8.75,7.50,8.50
L4_V1,Pengenalan Cerpen,Teori,AI5,Ahli_AI,9.00,8.25,7.00,8.25
L4_V1,Pengenalan Cerpen,Teori,AI6,Ahli_AI,8.75,8.50,7.75,8.75
L4_V1,Pengenalan Cerpen,Teori,AI7,Ahli_AI,9.25,8.75,7.25,9.00
L4_V1,Pengenalan Cerpen,Teori,AI8,Ahli_AI,8.50,8.50,7.50,8.50
L4_V1,Pengenalan Cerpen,Teori,AI9,Ahli_AI,9.00,8.25,7.00,8.25
L4_V1,Pengenalan Cerpen,Teori,AI10,Ahli_AI,8.75,8.75,7.75,8.75
L4_V1,Pengenalan Cerpen,Teori,AI11,Ahli_AI,9.25,8.50,7.25,9.00
L4_V1,Pengenalan Cerpen,Teori,AI12,Ahli_AI,8.50,8.75,7.50,8.50
L4_V2,Pengenalan Cerpen,Aplikasi,Guru1,Guru_Bahasa,8.50,8.00,8.50,8.50
L4_V2,Pengenalan Cerpen,Aplikasi,Guru2,Guru_Bahasa,8.75,8.25,8.75,8.75
L4_V2,Pengenalan Cerpen,Aplikasi,Guru3,Guru_Bahasa,8.25,7.75,8.25,8.25
L4_V2,Pengenalan Cerpen,Aplikasi,Guru4,Guru_Bahasa,8.00,8.00,8.50,8.50
L4_V2,Pengenalan Cerpen,Aplikasi,Guru5,Guru_Bahasa,8.50,7.50,8.00,8.00
L4_V2,Pengenalan Cerpen,Aplikasi,Guru6,Guru_Bahasa,8.75,8.25,8.75,8.75
L4_V2,Pengenalan Cerpen,Aplikasi,Guru7,Guru_Bahasa,8.25,7.75,8.25,8.25
L4_V2,Pengenalan Cerpen,Aplikasi,Guru8,Guru_Bahasa,8.00,8.00,8.50,8.50
L4_V2,Pengenalan Cerpen,Aplikasi,Guru9,Guru_Bahasa,8.50,7.50,8.00,8.00
L4_V2,Pengenalan Cerpen,Aplikasi,AI1,Ahli_AI,9.00,8.50,9.00,9.00
L4_V2,Pengenalan Cerpen,Aplikasi,AI2,Ahli_AI,8.75,8.75,8.75,8.75
L4_V2,Pengenalan Cerpen,Aplikasi,AI3,Ahli_AI,9.25,8.25,9.25,9.25
L4_V2,Pengenalan Cerpen,Aplikasi,AI4,Ahli_AI,8.50,8.75,8.75,8.75
L4_V2,Pengenalan Cerpen,Aplikasi,AI5,Ahli_AI,9.00,8.00,8.50,8.50
L4_V2,Pengenalan Cerpen,Aplikasi,AI6,Ahli_AI,8.75,8.50,9.00,9.00
L4_V2,Pengenalan Cerpen,Aplikasi,AI7,Ahli_AI,9.25,8.25,9.25,9.25
L4_V2,Pengenalan Cerpen,Aplikasi,AI8,Ahli_AI,8.50,8.75,8.75,8.75
L4_V2,Pengenalan Cerpen,Aplikasi,AI9,Ahli_AI,9.00,8.00,8.50,8.50
L4_V2,Pengenalan Cerpen,Aplikasi,AI10,Ahli_AI,8.75,8.50,9.00,9.00
L4_V2,Pengenalan Cerpen,Aplikasi,AI11,Ahli_AI,9.25,8.25,9.25,9.25
L4_V2,Pengenalan Cerpen,Aplikasi,AI12,Ahli_AI,8.50,8.75,8.75,8.75
L4_V3,Pengenalan Cerpen,Visual,Guru1,Guru_Bahasa,7.50,7.50,9.00,8.00
L4_V3,Pengenalan Cerpen,Visual,Guru2,Guru_Bahasa,7.75,7.25,8.75,8.25
L4_V3,Pengenalan Cerpen,Visual,Guru3,Guru_Bahasa,7.25,7.75,9.25,7.75
L4_V3,Pengenalan Cerpen,Visual,Guru4,Guru_Bahasa,7.00,7.50,9.00,8.00
L4_V3,Pengenalan Cerpen,Visual,Guru5,Guru_Bahasa,7.50,7.00,8.50,7.50
L4_V3,Pengenalan Cerpen,Visual,Guru6,Guru_Bahasa,7.75,7.25,8.75,8.25
L4_V3,Pengenalan Cerpen,Visual,Guru7,Guru_Bahasa,7.25,7.75,9.25,7.75
L4_V3,Pengenalan Cerpen,Visual,Guru8,Guru_Bahasa,7.00,7.50,9.00,8.00
L4_V3,Pengenalan Cerpen,Visual,Guru9,Guru_Bahasa,7.50,7.00,8.50,7.50
L4_V3,Pengenalan Cerpen,Visual,AI1,Ahli_AI,8.00,7.50,9.50,8.50
L4_V3,Pengenalan Cerpen,Visual,AI2,Ahli_AI,7.75,7.75,9.25,8.75
L4_V3,Pengenalan Cerpen,Visual,AI3,Ahli_AI,8.25,7.25,9.75,9.00
L4_V3,Pengenalan Cerpen,Visual,AI4,Ahli_AI,7.50,7.75,9.25,8.50
L4_V3,Pengenalan Cerpen,Visual,AI5,Ahli_AI,8.00,7.00,9.00,8.00
L4_V3,Pengenalan Cerpen,Visual,AI6,Ahli_AI,7.75,7.50,9.50,8.50
L4_V3,Pengenalan Cerpen,Visual,AI7,Ahli_AI,8.25,7.25,9.75,9.00
L4_V3,Pengenalan Cerpen,Visual,AI8,Ahli_AI,7.50,7.50,9.25,8.50
L4_V3,Pengenalan Cerpen,Visual,AI9,Ahli_AI,8.00,7.00,9.00,8.00
L4_V3,Pengenalan Cerpen,Visual,AI10,Ahli_AI,7.75,7.75,9.50,8.50
L4_V3,Pengenalan Cerpen,Visual,AI11,Ahli_AI,8.25,7.25,9.75,9.00
L4_V3,Pengenalan Cerpen,Visual,AI12,Ahli_AI,7.50,7.50,9.25,8.50
L4_V4,Pengenalan Cerpen,Interaktif,Guru1,Guru_Bahasa,8.00,7.50,8.50,7.50
L4_V4,Pengenalan Cerpen,Interaktif,Guru2,Guru_Bahasa,8.25,7.75,8.75,7.75
L4_V4,Pengenalan Cerpen,Interaktif,Guru3,Guru_Bahasa,7.75,7.25,8.25,7.25
L4_V4,Pengenalan Cerpen,Interaktif,Guru4,Guru_Bahasa,7.50,7.50,8.50,7.50
L4_V4,Pengenalan Cerpen,Interaktif,Guru5,Guru_Bahasa,8.00,7.00,8.00,7.00
L4_V4,Pengenalan Cerpen,Interaktif,Guru6,Guru_Bahasa,8.25,7.75,8.75,7.75
L4_V4,Pengenalan Cerpen,Interaktif,Guru7,Guru_Bahasa,7.75,7.25,8.25,7.25
L4_V4,Pengenalan Cerpen,Interaktif,Guru8,Guru_Bahasa,7.50,7.50,8.50,7.50
L4_V4,Pengenalan Cerpen,Interaktif,Guru9,Guru_Bahasa,8.00,7.00,8.00,7.00
L4_V4,Pengenalan Cerpen,Interaktif,AI1,Ahli_AI,8.50,7.50,9.00,8.00
L4_V4,Pengenalan Cerpen,Interaktif,AI2,Ahli_AI,8.25,7.75,8.75,8.25
L4_V4,Pengenalan Cerpen,Interaktif,AI3,Ahli_AI,8.75,7.25,9.25,8.50
L4_V4,Pengenalan Cerpen,Interaktif,AI4,Ahli_AI,8.00,7.75,8.75,8.00
L4_V4,Pengenalan Cerpen,Interaktif,AI5,Ahli_AI,8.50,7.00,8.50,7.50
L4_V4,Pengenalan Cerpen,Interaktif,AI6,Ahli_AI,8.25,7.50,9.00,8.00
L4_V4,Pengenalan Cerpen,Interaktif,AI7,Ahli_AI,8.75,7.25,9.25,8.50
L4_V4,Pengenalan Cerpen,Interaktif,AI8,Ahli_AI,8.00,7.50,8.75,8.00
L4_V4,Pengenalan Cerpen,Interaktif,AI9,Ahli_AI,8.50,7.00,8.50,7.50
L4_V4,Pengenalan Cerpen,Interaktif,AI10,Ahli_AI,8.25,7.75,9.00,8.00
L4_V4,Pengenalan Cerpen,Interaktif,AI11,Ahli_AI,8.75,7.25,9.25,8.50
L4_V4,Pengenalan Cerpen,Interaktif,AI12,Ahli_AI,8.00,7.50,8.75,8.00
L4_V5,Pengenalan Cerpen,Analitis,Guru1,Guru_Bahasa,8.00,8.00,7.50,8.50
L4_V5,Pengenalan Cerpen,Analitis,Guru2,Guru_Bahasa,8.25,7.75,7.75,8.75
L4_V5,Pengenalan Cerpen,Analitis,Guru3,Guru_Bahasa,7.75,8.25,7.25,8.25
L4_V5,Pengenalan Cerpen,Analitis,Guru4,Guru_Bahasa,7.50,8.00,7.50,8.50
L4_V5,Pengenalan Cerpen,Analitis,Guru5,Guru_Bahasa,8.00,7.50,7.00,8.00
L4_V5,Pengenalan Cerpen,Analitis,Guru6,Guru_Bahasa,8.25,7.75,7.75,8.75
L4_V5,Pengenalan Cerpen,Analitis,Guru7,Guru_Bahasa,7.75,8.25,7.25,8.25
L4_V5,Pengenalan Cerpen,Analitis,Guru8,Guru_Bahasa,7.50,8.00,7.50,8.50
L4_V5,Pengenalan Cerpen,Analitis,Guru9,Guru_Bahasa,8.00,7.50,7.00,8.00
L4_V5,Pengenalan Cerpen,Analitis,AI1,Ahli_AI,8.50,8.50,8.00,9.00
L4_V5,Pengenalan Cerpen,Analitis,AI2,Ahli_AI,8.25,8.25,8.25,8.75
L4_V5,Pengenalan Cerpen,Analitis,AI3,Ahli_AI,8.75,8.75,7.75,9.25
L4_V5,Pengenalan Cerpen,Analitis,AI4,Ahli_AI,8.00,8.25,8.00,8.75
L4_V5,Pengenalan Cerpen,Analitis,AI5,Ahli_AI,8.50,8.00,7.50,8.50
L4_V5,Pengenalan Cerpen,Analitis,AI6,Ahli_AI,8.25,8.50,8.25,9.00
L4_V5,Pengenalan Cerpen,Analitis,AI7,Ahli_AI,8.75,8.75,7.75,9.25
L4_V5,Pengenalan Cerpen,Analitis,AI8,Ahli_AI,8.00,8.25,8.00,8.75
L4_V5,Pengenalan Cerpen,Analitis,AI9,Ahli_AI,8.50,8.00,7.50,8.50
L4_V5,Pengenalan Cerpen,Analitis,AI10,Ahli_AI,8.25,8.50,8.25,9.00
L4_V5,Pengenalan Cerpen,Analitis,AI11,Ahli_AI,8.75,8.75,7.75,9.25
L4_V5,Pengenalan Cerpen,Analitis,AI12,Ahli_AI,8.00,8.25,8.00,8.75
L4_V6,Struktur Cerpen,Teori,Guru1,Guru_Bahasa,8.50,9.00,7.00,8.00
L4_V6,Struktur Cerpen,Teori,Guru2,Guru_Bahasa,8.75,8.75,7.25,8.25
L4_V6,Struktur Cerpen,Teori,Guru3,Guru_Bahasa,8.25,9.25,6.75,7.75
L4_V6,Struktur Cerpen,Teori,Guru4,Guru_Bahasa,8.00,9.00,7.00,8.00
L4_V6,Struktur Cerpen,Teori,Guru5,Guru_Bahasa,8.50,8.50,6.50,7.50
L4_V6,Struktur Cerpen,Teori,Guru6,Guru_Bahasa,8.75,8.75,7.25,8.25
L4_V6,Struktur Cerpen,Teori,Guru7,Guru_Bahasa,8.25,9.25,6.75,7.75
L4_V6,Struktur Cerpen,Teori,Guru8,Guru_Bahasa,8.00,9.00,7.00,8.00
L4_V6,Struktur Cerpen,Teori,Guru9,Guru_Bahasa,8.50,8.50,6.50,7.50
L4_V6,Struktur Cerpen,Teori,AI1,Ahli_AI,9.00,9.50,7.50,8.50
L4_V6,Struktur Cerpen,Teori,AI2,Ahli_AI,8.75,9.25,7.75,8.75
L4_V6,Struktur Cerpen,Teori,AI3,Ahli_AI,9.25,9.75,7.25,9.00
L4_V6,Struktur Cerpen,Teori,AI4,Ahli_AI,8.50,9.25,7.50,8.50
L4_V6,Struktur Cerpen,Teori,AI5,Ahli_AI,9.00,9.00,7.00,8.25
L4_V6,Struktur Cerpen,Teori,AI6,Ahli_AI,8.75,9.50,7.75,8.75
L4_V6,Struktur Cerpen,Teori,AI7,Ahli_AI,9.25,9.75,7.25,9.00
L4_V6,Struktur Cerpen,Teori,AI8,Ahli_AI,8.50,9.25,7.50,8.50
L4_V6,Struktur Cerpen,Teori,AI9,Ahli_AI,9.00,9.00,7.00,8.25
L4_V6,Struktur Cerpen,Teori,AI10,Ahli_AI,8.75,9.50,7.75,8.75
L4_V6,Struktur Cerpen,Teori,AI11,Ahli_AI,9.25,9.75,7.25,9.00
L4_V6,Struktur Cerpen,Teori,AI12,Ahli_AI,8.50,9.25,7.50,8.50
L4_V7,Struktur Cerpen,Aplikasi,Guru1,Guru_Bahasa,8.50,8.00,8.50,8.50
L4_V7,Struktur Cerpen,Aplikasi,Guru2,Guru_Bahasa,8.75,8.25,8.75,8.75
L4_V7,Struktur Cerpen,Aplikasi,Guru3,Guru_Bahasa,8.25,7.75,8.25,8.25
L4_V7,Struktur Cerpen,Aplikasi,Guru4,Guru_Bahasa,8.00,8.00,8.50,8.50
L4_V7,Struktur Cerpen,Aplikasi,Guru5,Guru_Bahasa,8.50,7.50,8.00,8.00
L4_V7,Struktur Cerpen,Aplikasi,Guru6,Guru_Bahasa,8.75,8.25,8.75,8.75
L4_V7,Struktur Cerpen,Aplikasi,Guru7,Guru_Bahasa,8.25,7.75,8.25,8.25
L4_V7,Struktur Cerpen,Aplikasi,Guru8,Guru_Bahasa,8.00,8.00,8.50,8.50
L4_V7,Struktur Cerpen,Aplikasi,Guru9,Guru_Bahasa,8.50,7.50,8.00,8.00
L4_V7,Struktur Cerpen,Aplikasi,AI1,Ahli_AI,9.00,8.50,9.00,9.00
L4_V7,Struktur Cerpen,Aplikasi,AI2,Ahli_AI,8.75,8.75,8.75,8.75
L4_V7,Struktur Cerpen,Aplikasi,AI3,Ahli_AI,9.25,8.25,9.25,9.25
L4_V7,Struktur Cerpen,Aplikasi,AI4,Ahli_AI,8.50,8.75,8.75,8.75
L4_V7,Struktur Cerpen,Aplikasi,AI5,Ahli_AI,9.00,8.00,8.50,8.50
L4_V7,Struktur Cerpen,Aplikasi,AI6,Ahli_AI,8.75,8.50,9.00,9.00
L4_V7,Struktur Cerpen,Aplikasi,AI7,Ahli_AI,9.25,8.25,9.25,9.25
L4_V7,Struktur Cerpen,Aplikasi,AI8,Ahli_AI,8.50,8.75,8.75,8.75
L4_V7,Struktur Cerpen,Aplikasi,AI9,Ahli_AI,9.00,8.00,8.50,8.50
L4_V7,Struktur Cerpen,Aplikasi,AI10,Ahli_AI,8.75,8.50,9.00,9.00
L4_V7,Struktur Cerpen,Aplikasi,AI11,Ahli_AI,9.25,8.25,9.25,9.25
L4_V7,Struktur Cerpen,Aplikasi,AI12,Ahli_AI,8.50,8.75,8.75,8.75
L4_V8,Struktur Cerpen,Visual,Guru1,Guru_Bahasa,7.50,7.50,9.00,8.00
L4_V8,Struktur Cerpen,Visual,Guru2,Guru_Bahasa,7.75,7.25,8.75,8.25
L4_V8,Struktur Cerpen,Visual,Guru3,Guru_Bahasa,7.25,7.75,9.25,7.75
L4_V8,Struktur Cerpen,Visual,Guru4,Guru_Bahasa,7.00,7.50,9.00,8.00
L4_V8,Struktur Cerpen,Visual,Guru5,Guru_Bahasa,7.50,7.00,8.50,7.50
L4_V8,Struktur Cerpen,Visual,Guru6,Guru_Bahasa,7.75,7.25,8.75,8.25
L4_V8,Struktur Cerpen,Visual,Guru7,Guru_Bahasa,7.25,7.75,9.25,7.75
L4_V8,Struktur Cerpen,Visual,Guru8,Guru_Bahasa,7.00,7.50,9.00,8.00
L4_V8,Struktur Cerpen,Visual,Guru9,Guru_Bahasa,7.50,7.00,8.50,7.50
L4_V8,Struktur Cerpen,Visual,AI1,Ahli_AI,8.00,7.50,9.50,8.50
L4_V8,Struktur Cerpen,Visual,AI2,Ahli_AI,7.75,7.75,9.25,8.75
L4_V8,Struktur Cerpen,Visual,AI3,Ahli_AI,8.25,7.25,9.75,9.00
L4_V8,Struktur Cerpen,Visual,AI4,Ahli_AI,7.50,7.75,9.25,8.50
L4_V8,Struktur Cerpen,Visual,AI5,Ahli_AI,8.00,7.00,9.00,8.00
L4_V8,Struktur Cerpen,Visual,AI6,Ahli_AI,7.75,7.50,9.50,8.50
L4_V8,Struktur Cerpen,Visual,AI7,Ahli_AI,8.25,7.25,9.75,9.00
L4_V8,Struktur Cerpen,Visual,AI8,Ahli_AI,7.50,7.50,9.25,8.50
L4_V8,Struktur Cerpen,Visual,AI9,Ahli_AI,8.00,7.00,9.00,8.00
L4_V8,Struktur Cerpen,Visual,AI10,Ahli_AI,7.75,7.75,9.50,8.50
L4_V8,Struktur Cerpen,Visual,AI11,Ahli_AI,8.25,7.25,9.75,9.00
L4_V8,Struktur Cerpen,Visual,AI12,Ahli_AI,7.50,7.50,9.25,8.50
L4_V9,Struktur Cerpen,Interaktif,Guru1,Guru_Bahasa,7.50,7.00,8.00,7.00
L4_V9,Struktur Cerpen,Interaktif,Guru2,Guru_Bahasa,7.75,7.25,8.25,7.25
L4_V9,Struktur Cerpen,Interaktif,Guru3,Guru_Bahasa,7.25,6.75,7.75,6.75
L4_V9,Struktur Cerpen,Interaktif,Guru4,Guru_Bahasa,7.00,7.00,8.00,7.00
L4_V9,Struktur Cerpen,Interaktif,Guru5,Guru_Bahasa,7.50,6.50,7.50,6.50
L4_V9,Struktur Cerpen,Interaktif,Guru6,Guru_Bahasa,7.75,7.25,8.25,7.25
L4_V9,Struktur Cerpen,Interaktif,Guru7,Guru_Bahasa,7.25,6.75,7.75,6.75
L4_V9,Struktur Cerpen,Interaktif,Guru8,Guru_Bahasa,7.00,7.00,8.00,7.00
L4_V9,Struktur Cerpen,Interaktif,Guru9,Guru_Bahasa,7.50,6.50,7.50,6.50
L4_V9,Struktur Cerpen,Interaktif,AI1,Ahli_AI,8.00,7.00,8.50,7.50
L4_V9,Struktur Cerpen,Interaktif,AI2,Ahli_AI,7.75,7.25,8.25,7.75
L4_V9,Struktur Cerpen,Interaktif,AI3,Ahli_AI,8.25,6.75,8.75,8.00
L4_V9,Struktur Cerpen,Interaktif,AI4,Ahli_AI,7.50,7.25,8.25,7.75
L4_V9,Struktur Cerpen,Interaktif,AI5,Ahli_AI,8.00,6.50,8.00,7.25
L4_V9,Struktur Cerpen,Interaktif,AI6,Ahli_AI,7.75,7.00,8.50,7.50
L4_V9,Struktur Cerpen,Interaktif,AI7,Ahli_AI,8.25,6.75,8.75,8.00
L4_V9,Struktur Cerpen,Interaktif,AI8,Ahli_AI,7.50,7.25,8.25,7.75
L4_V9,Struktur Cerpen,Interaktif,AI9,Ahli_AI,8.00,6.50,8.00,7.25
L4_V9,Struktur Cerpen,Interaktif,AI10,Ahli_AI,7.75,7.00,8.50,7.50
L4_V9,Struktur Cerpen,Interaktif,AI11,Ahli_AI,8.25,6.75,8.75,8.00
L4_V9,Struktur Cerpen,Interaktif,AI12,Ahli_AI,7.50,7.25,8.25,7.75
L4_V10,Struktur Cerpen,Analitis,Guru1,Guru_Bahasa,8.00,8.50,7.50,8.50
L4_V10,Struktur Cerpen,Analitis,Guru2,Guru_Bahasa,8.25,8.25,7.75,8.75
L4_V10,Struktur Cerpen,Analitis,Guru3,Guru_Bahasa,7.75,8.75,7.25,8.25
L4_V10,Struktur Cerpen,Analitis,Guru4,Guru_Bahasa,7.50,8.50,7.50,8.50
L4_V10,Struktur Cerpen,Analitis,Guru5,Guru_Bahasa,8.00,8.00,7.00,8.00
L4_V10,Struktur Cerpen,Analitis,Guru6,Guru_Bahasa,8.25,8.25,7.75,8.75
L4_V10,Struktur Cerpen,Analitis,Guru7,Guru_Bahasa,7.75,8.75,7.25,8.25
L4_V10,Struktur Cerpen,Analitis,Guru8,Guru_Bahasa,7.50,8.50,7.50,8.50
L4_V10,Struktur Cerpen,Analitis,Guru9,Guru_Bahasa,8.00,8.00,7.00,8.00
L4_V10,Struktur Cerpen,Analitis,AI1,Ahli_AI,8.50,9.00,8.00,9.00
L4_V10,Struktur Cerpen,Analitis,AI2,Ahli_AI,8.25,8.75,8.25,8.75
L4_V10,Struktur Cerpen,Analitis,AI3,Ahli_AI,8.75,9.25,7.75,9.25
L4_V10,Struktur Cerpen,Analitis,AI4,Ahli_AI,8.00,8.75,8.00,8.75
L4_V10,Struktur Cerpen,Analitis,AI5,Ahli_AI,8.50,8.50,7.50,8.50
L4_V10,Struktur Cerpen,Analitis,AI6,Ahli_AI,8.25,9.00,8.25,9.00
L4_V10,Struktur Cerpen,Analitis,AI7,Ahli_AI,8.75,9.25,7.75,9.25
L4_V10,Struktur Cerpen,Analitis,AI8,Ahli_AI,8.00,8.75,8.00,8.75
L4_V10,Struktur Cerpen,Analitis,AI9,Ahli_AI,8.50,8.50,7.50,8.50
L4_V10,Struktur Cerpen,Analitis,AI10,Ahli_AI,8.25,9.00,8.25,9.00
L4_V10,Struktur Cerpen,Analitis,AI11,Ahli_AI,8.75,9.25,7.75,9.25
L4_V10,Struktur Cerpen,Analitis,AI12,Ahli_AI,8.00,8.75,8.00,8.75
L4_V11,Unsur-Unsur Cerpen,Teori,Guru1,Guru_Bahasa,8.50,8.50,7.00,8.00
L4_V11,Unsur-Unsur Cerpen,Teori,Guru2,Guru_Bahasa,8.75,8.25,7.25,8.25
L4_V11,Unsur-Unsur Cerpen,Teori,Guru3,Guru_Bahasa,8.25,8.75,6.75,7.75
L4_V11,Unsur-Unsur Cerpen,Teori,Guru4,Guru_Bahasa,8.00,8.50,7.00,8.00
L4_V11,Unsur-Unsur Cerpen,Teori,Guru5,Guru_Bahasa,8.50,8.00,6.50,7.50
L4_V11,Unsur-Unsur Cerpen,Teori,Guru6,Guru_Bahasa,8.75,8.25,7.25,8.25
L4_V11,Unsur-Unsur Cerpen,Teori,Guru7,Guru_Bahasa,8.25,8.75,6.75,7.75
L4_V11,Unsur-Unsur Cerpen,Teori,Guru8,Guru_Bahasa,8.00,8.50,7.00,8.00
L4_V11,Unsur-Unsur Cerpen,Teori,Guru9,Guru_Bahasa,8.50,8.00,6.50,7.50
L4_V11,Unsur-Unsur Cerpen,Teori,AI1,Ahli_AI,9.00,8.50,7.50,8.50
L4_V11,Unsur-Unsur Cerpen,Teori,AI2,Ahli_AI,8.75,8.75,7.75,8.75
L4_V11,Unsur-Unsur Cerpen,Teori,AI3,Ahli_AI,9.25,8.50,7.25,9.00
L4_V11,Unsur-Unsur Cerpen,Teori,AI4,Ahli_AI,8.50,8.75,7.50,8.50
L4_V11,Unsur-Unsur Cerpen,Teori,AI5,Ahli_AI,9.00,8.25,7.00,8.25
L4_V11,Unsur-Unsur Cerpen,Teori,AI6,Ahli_AI,8.75,8.50,7.75,8.75
L4_V11,Unsur-Unsur Cerpen,Teori,AI7,Ahli_AI,9.25,8.75,7.25,9.00
L4_V11,Unsur-Unsur Cerpen,Teori,AI8,Ahli_AI,8.50,8.50,7.50,8.50
L4_V11,Unsur-Unsur Cerpen,Teori,AI9,Ahli_AI,9.00,8.25,7.00,8.25
L4_V11,Unsur-Unsur Cerpen,Teori,AI10,Ahli_AI,8.75,8.75,7.75,8.75
L4_V11,Unsur-Unsur Cerpen,Teori,AI11,Ahli_AI,9.25,8.50,7.25,9.00
L4_V11,Unsur-Unsur Cerpen,Teori,AI12,Ahli_AI,8.50,8.75,7.50,8.50
L4_V12,Unsur-Unsur Cerpen,Aplikasi,Guru1,Guru_Bahasa,8.50,8.00,8.50,8.50
L4_V12,Unsur-Unsur Cerpen,Aplikasi,Guru2,Guru_Bahasa,8.75,8.25,8.75,8.75
L4_V12,Unsur-Unsur Cerpen,Aplikasi,Guru3,Guru_Bahasa,8.25,7.75,8.25,8.25
L4_V12,Unsur-Unsur Cerpen,Aplikasi,Guru4,Guru_Bahasa,8.00,8.00,8.50,8.50
L4_V12,Unsur-Unsur Cerpen,Aplikasi,Guru5,Guru_Bahasa,8.50,7.50,8.00,8.00
L4_V12,Unsur-Unsur Cerpen,Aplikasi,Guru6,Guru_Bahasa,8.75,8.25,8.75,8.75
L4_V12,Unsur-Unsur Cerpen,Aplikasi,Guru7,Guru_Bahasa,8.25,7.75,8.25,8.25
L4_V12,Unsur-Unsur Cerpen,Aplikasi,Guru8,Guru_Bahasa,8.00,8.00,8.50,8.50
L4_V12,Unsur-Unsur Cerpen,Aplikasi,Guru9,Guru_Bahasa,8.50,7.50,8.00,8.00
L4_V12,Unsur-Unsur Cerpen,Aplikasi,AI1,Ahli_AI,9.00,8.50,9.00,9.00
L4_V12,Unsur-Unsur Cerpen,Aplikasi,AI2,Ahli_AI,8.75,8.75,8.75,8.75
L4_V12,Unsur-Unsur Cerpen,Aplikasi,AI3,Ahli_AI,9.25,8.25,9.25,9.25
L4_V12,Unsur-Unsur Cerpen,Aplikasi,AI4,Ahli_AI,8.50,8.75,8.75,8.75
L4_V12,Unsur-Unsur Cerpen,Aplikasi,AI5,Ahli_AI,9.00,8.00,8.50,8.50
L4_V12,Unsur-Unsur Cerpen,Aplikasi,AI6,Ahli_AI,8.75,8.50,9.00,9.00
L4_V12,Unsur-Unsur Cerpen,Aplikasi,AI7,Ahli_AI,9.25,8.25,9.25,9.25
L4_V12,Unsur-Unsur Cerpen,Aplikasi,AI8,Ahli_AI,8.50,8.75,8.75,8.75
L4_V12,Unsur-Unsur Cerpen,Aplikasi,AI9,Ahli_AI,9.00,8.00,8.50,8.50
L4_V12,Unsur-Unsur Cerpen,Aplikasi,AI10,Ahli_AI,8.75,8.50,9.00,9.00
L4_V12,Unsur-Unsur Cerpen,Aplikasi,AI11,Ahli_AI,9.25,8.25,9.25,9.25
L4_V12,Unsur-Unsur Cerpen,Aplikasi,AI12,Ahli_AI,8.50,8.75,8.75,8.75
L4_V13,Unsur-Unsur Cerpen,Visual,Guru1,Guru_Bahasa,7.50,7.50,9.00,8.00
L4_V13,Unsur-Unsur Cerpen,Visual,Guru2,Guru_Bahasa,7.75,7.25,8.75,8.25
L4_V13,Unsur-Unsur Cerpen,Visual,Guru3,Guru_Bahasa,7.25,7.75,9.25,7.75
L4_V13,Unsur-Unsur Cerpen,Visual,Guru4,Guru_Bahasa,7.00,7.50,9.00,8.00
L4_V13,Unsur-Unsur Cerpen,Visual,Guru5,Guru_Bahasa,7.50,7.00,8.50,7.50
L4_V13,Unsur-Unsur Cerpen,Visual,Guru6,Guru_Bahasa,7.75,7.25,8.75,8.25
L4_V13,Unsur-Unsur Cerpen,Visual,Guru7,Guru_Bahasa,7.25,7.75,9.25,7.75
L4_V13,Unsur-Unsur Cerpen,Visual,Guru8,Guru_Bahasa,7.00,7.50,9.00,8.00
L4_V13,Unsur-Unsur Cerpen,Visual,Guru9,Guru_Bahasa,7.50,7.00,8.50,7.50
L4_V13,Unsur-Unsur Cerpen,Visual,AI1,Ahli_AI,8.00,7.50,9.50,8.50
L4_V13,Unsur-Unsur Cerpen,Visual,AI2,Ahli_AI,7.75,7.75,9.25,8.75
L4_V13,Unsur-Unsur Cerpen,Visual,AI3,Ahli_AI,8.25,7.25,9.75,9.00
L4_V13,Unsur-Unsur Cerpen,Visual,AI4,Ahli_AI,7.50,7.75,9.25,8.50
L4_V13,Unsur-Unsur Cerpen,Visual,AI5,Ahli_AI,8.00,7.00,9.00,8.00
L4_V13,Unsur-Unsur Cerpen,Visual,AI6,Ahli_AI,7.75,7.50,9.50,8.50
L4_V13,Unsur-Unsur Cerpen,Visual,AI7,Ahli_AI,8.25,7.25,9.75,9.00
L4_V13,Unsur-Unsur Cerpen,Visual,AI8,Ahli_AI,7.50,7.50,9.25,8.50
L4_V13,Unsur-Unsur Cerpen,Visual,AI9,Ahli_AI,8.00,7.00,9.00,8.00
L4_V13,Unsur-Unsur Cerpen,Visual,AI10,Ahli_AI,7.75,7.75,9.50,8.50
L4_V13,Unsur-Unsur Cerpen,Visual,AI11,Ahli_AI,8.25,7.25,9.75,9.00
L4_V13,Unsur-Unsur Cerpen,Visual,AI12,Ahli_AI,7.50,7.50,9.25,8.50
L4_V14,Unsur-Unsur Cerpen,Interaktif,Guru1,Guru_Bahasa,8.00,7.50,8.50,7.50
L4_V14,Unsur-Unsur Cerpen,Interaktif,Guru2,Guru_Bahasa,8.25,7.75,8.75,7.75
L4_V14,Unsur-Unsur Cerpen,Interaktif,Guru3,Guru_Bahasa,7.75,7.25,8.25,7.25
L4_V14,Unsur-Unsur Cerpen,Interaktif,Guru4,Guru_Bahasa,7.50,7.50,8.50,7.50
L4_V14,Unsur-Unsur Cerpen,Interaktif,Guru5,Guru_Bahasa,8.00,7.00,8.00,7.00
L4_V14,Unsur-Unsur Cerpen,Interaktif,Guru6,Guru_Bahasa,8.25,7.75,8.75,7.75
L4_V14,Unsur-Unsur Cerpen,Interaktif,Guru7,Guru_Bahasa,7.75,7.25,8.25,7.25
L4_V14,Unsur-Unsur Cerpen,Interaktif,Guru8,Guru_Bahasa,7.50,7.50,8.50,7.50
L4_V14,Unsur-Unsur Cerpen,Interaktif,Guru9,Guru_Bahasa,8.00,7.00,8.00,7.00
L4_V14,Unsur-Unsur Cerpen,Interaktif,AI1,Ahli_AI,8.50,7.50,9.00,8.00
L4_V14,Unsur-Unsur Cerpen,Interaktif,AI2,Ahli_AI,8.25,7.75,8.75,8.25
L4_V14,Unsur-Unsur Cerpen,Interaktif,AI3,Ahli_AI,8.75,7.25,9.25,8.50
L4_V14,Unsur-Unsur Cerpen,Interaktif,AI4,Ahli_AI,8.00,7.75,8.75,8.00
L4_V14,Unsur-Unsur Cerpen,Interaktif,AI5,Ahli_AI,8.50,7.00,8.50,7.50
L4_V14,Unsur-Unsur Cerpen,Interaktif,AI6,Ahli_AI,8.25,7.50,9.00,8.00
L4_V14,Unsur-Unsur Cerpen,Interaktif,AI7,Ahli_AI,8.75,7.25,9.25,8.50
L4_V14,Unsur-Unsur Cerpen,Interaktif,AI8,Ahli_AI,8.00,7.50,8.75,8.00
L4_V14,Unsur-Unsur Cerpen,Interaktif,AI9,Ahli_AI,8.50,7.00,8.50,7.50
L4_V14,Unsur-Unsur Cerpen,Interaktif,AI10,Ahli_AI,8.25,7.75,9.00,8.00
L4_V14,Unsur-Unsur Cerpen,Interaktif,AI11,Ahli_AI,8.75,7.25,9.25,8.50
L4_V14,Unsur-Unsur Cerpen,Interaktif,AI12,Ahli_AI,8.00,7.50,8.75,8.00
L4_V15,Unsur-Unsur Cerpen,Analitis,Guru1,Guru_Bahasa,8.00,8.50,7.50,8.50
L4_V15,Unsur-Unsur Cerpen,Analitis,Guru2,Guru_Bahasa,8.25,8.25,7.75,8.75
L4_V15,Unsur-Unsur Cerpen,Analitis,Guru3,Guru_Bahasa,7.75,8.75,7.25,8.25
L4_V15,Unsur-Unsur Cerpen,Analitis,Guru4,Guru_Bahasa,7.50,8.50,7.50,8.50
L4_V15,Unsur-Unsur Cerpen,Analitis,Guru5,Guru_Bahasa,8.00,8.00,7.00,8.00
L4_V15,Unsur-Unsur Cerpen,Analitis,Guru6,Guru_Bahasa,8.25,8.25,7.75,8.75
L4_V15,Unsur-Unsur Cerpen,Analitis,Guru7,Guru_Bahasa,7.75,8.75,7.25,8.25
L4_V15,Unsur-Unsur Cerpen,Analitis,Guru8,Guru_Bahasa,7.50,8.50,7.50,8.50
L4_V15,Unsur-Unsur Cerpen,Analitis,Guru9,Guru_Bahasa,8.00,8.00,7.00,8.00
L4_V15,Unsur-Unsur Cerpen,Analitis,AI1,Ahli_AI,8.50,9.00,8.00,9.00
L4_V15,Unsur-Unsur Cerpen,Analitis,AI2,Ahli_AI,8.25,8.75,8.25,8.75
L4_V15,Unsur-Unsur Cerpen,Analitis,AI3,Ahli_AI,8.75,9.25,7.75,9.25
L4_V15,Unsur-Unsur Cerpen,Analitis,AI4,Ahli_AI,8.00,8.75,8.00,8.75
L4_V15,Unsur-Unsur Cerpen,Analitis,AI5,Ahli_AI,8.50,8.50,7.50,8.50
L4_V15,Unsur-Unsur Cerpen,Analitis,AI6,Ahli_AI,8.25,9.00,8.25,9.00
L4_V15,Unsur-Unsur Cerpen,Analitis,AI7,Ahli_AI,8.75,9.25,7.75,9.25
L4_V15,Unsur-Unsur Cerpen,Analitis,AI8,Ahli_AI,8.00,8.75,8.00,8.75
L4_V15,Unsur-Unsur Cerpen,Analitis,AI9,Ahli_AI,8.50,8.50,7.50,8.50
L4_V15,Unsur-Unsur Cerpen,Analitis,AI10,Ahli_AI,8.25,9.00,8.25,9.00
L4_V15,Unsur-Unsur Cerpen,Analitis,AI11,Ahli_AI,8.75,9.25,7.75,9.25
L4_V15,Unsur-Unsur Cerpen,Analitis,AI12,Ahli_AI,8.00,8.75,8.00,8.75
L4_V16,Kaidah Kebahasaan Cerpen,Teori,Guru1,Guru_Bahasa,8.50,8.50,7.00,8.00
L4_V16,Kaidah Kebahasaan Cerpen,Teori,Guru2,Guru_Bahasa,8.75,8.25,7.25,8.25
L4_V16,Kaidah Kebahasaan Cerpen,Teori,Guru3,Guru_Bahasa,8.25,8.75,6.75,7.75
L4_V16,Kaidah Kebahasaan Cerpen,Teori,Guru4,Guru_Bahasa,8.00,8.50,7.00,8.00
L4_V16,Kaidah Kebahasaan Cerpen,Teori,Guru5,Guru_Bahasa,8.50,8.00,6.50,7.50
L4_V16,Kaidah Kebahasaan Cerpen,Teori,Guru6,Guru_Bahasa,8.75,8.25,7.25,8.25
L4_V16,Kaidah Kebahasaan Cerpen,Teori,Guru7,Guru_Bahasa,8.25,8.75,6.75,7.75
L4_V16,Kaidah Kebahasaan Cerpen,Teori,Guru8,Guru_Bahasa,8.00,8.50,7.00,8.00
L4_V16,Kaidah Kebahasaan Cerpen,Teori,Guru9,Guru_Bahasa,8.50,8.00,6.50,7.50
L4_V16,Kaidah Kebahasaan Cerpen,Teori,AI1,Ahli_AI,9.00,8.50,7.50,8.50
L4_V16,Kaidah Kebahasaan Cerpen,Teori,AI2,Ahli_AI,8.75,8.75,7.75,8.75
L4_V16,Kaidah Kebahasaan Cerpen,Teori,AI3,Ahli_AI,9.25,8.50,7.25,9.00
L4_V16,Kaidah Kebahasaan Cerpen,Teori,AI4,Ahli_AI,8.50,8.75,7.50,8.50
L4_V16,Kaidah Kebahasaan Cerpen,Teori,AI5,Ahli_AI,9.00,8.25,7.00,8.25
L4_V16,Kaidah Kebahasaan Cerpen,Teori,AI6,Ahli_AI,8.75,8.50,7.75,8.75
L4_V16,Kaidah Kebahasaan Cerpen,Teori,AI7,Ahli_AI,9.25,8.75,7.25,9.00
L4_V16,Kaidah Kebahasaan Cerpen,Teori,AI8,Ahli_AI,8.50,8.50,7.50,8.50
L4_V16,Kaidah Kebahasaan Cerpen,Teori,AI9,Ahli_AI,9.00,8.25,7.00,8.25
L4_V16,Kaidah Kebahasaan Cerpen,Teori,AI10,Ahli_AI,8.75,8.75,7.75,8.75
L4_V16,Kaidah Kebahasaan Cerpen,Teori,AI11,Ahli_AI,9.25,8.50,7.25,9.00
L4_V16,Kaidah Kebahasaan Cerpen,Teori,AI12,Ahli_AI,8.50,8.75,7.50,8.50
L4_V17,Kaidah Kebahasaan Cerpen,Aplikasi,Guru1,Guru_Bahasa,8.50,8.00,8.50,8.50
L4_V17,Kaidah Kebahasaan Cerpen,Aplikasi,Guru2,Guru_Bahasa,8.75,8.25,8.75,8.75
L4_V17,Kaidah Kebahasaan Cerpen,Aplikasi,Guru3,Guru_Bahasa,8.25,7.75,8.25,8.25
L4_V17,Kaidah Kebahasaan Cerpen,Aplikasi,Guru4,Guru_Bahasa,8.00,8.00,8.50,8.50
L4_V17,Kaidah Kebahasaan Cerpen,Aplikasi,Guru5,Guru_Bahasa,8.50,7.50,8.00,8.00
L4_V17,Kaidah Kebahasaan Cerpen,Aplikasi,Guru6,Guru_Bahasa,8.75,8.25,8.75,8.75
L4_V17,Kaidah Kebahasaan Cerpen,Aplikasi,Guru7,Guru_Bahasa,8.25,7.75,8.25,8.25
L4_V17,Kaidah Kebahasaan Cerpen,Aplikasi,Guru8,Guru_Bahasa,8.00,8.00,8.50,8.50
L4_V17,Kaidah Kebahasaan Cerpen,Aplikasi,Guru9,Guru_Bahasa,8.50,7.50,8.00,8.00
L4_V17,Kaidah Kebahasaan Cerpen,Aplikasi,AI1,Ahli_AI,9.00,8.50,9.00,9.00
L4_V17,Kaidah Kebahasaan Cerpen,Aplikasi,AI2,Ahli_AI,8.75,8.75,8.75,8.75
L4_V17,Kaidah Kebahasaan Cerpen,Aplikasi,AI3,Ahli_AI,9.25,8.25,9.25,9.25
L4_V17,Kaidah Kebahasaan Cerpen,Aplikasi,AI4,Ahli_AI,8.50,8.75,8.75,8.75
L4_V17,Kaidah Kebahasaan Cerpen,Aplikasi,AI5,Ahli_AI,9.00,8.00,8.50,8.50
L4_V17,Kaidah Kebahasaan Cerpen,Aplikasi,AI6,Ahli_AI,8.75,8.50,9.00,9.00
L4_V17,Kaidah Kebahasaan Cerpen,Aplikasi,AI7,Ahli_AI,9.25,8.25,9.25,9.25
L4_V17,Kaidah Kebahasaan Cerpen,Aplikasi,AI8,Ahli_AI,8.50,8.75,8.75,8.75
L4_V17,Kaidah Kebahasaan Cerpen,Aplikasi,AI9,Ahli_AI,9.00,8.00,8.50,8.50
L4_V17,Kaidah Kebahasaan Cerpen,Aplikasi,AI10,Ahli_AI,8.75,8.50,9.00,9.00
L4_V17,Kaidah Kebahasaan Cerpen,Aplikasi,AI11,Ahli_AI,9.25,8.25,9.25,9.25
L4_V17,Kaidah Kebahasaan Cerpen,Aplikasi,AI12,Ahli_AI,8.50,8.75,8.75,8.75
L4_V18,Kaidah Kebahasaan Cerpen,Visual,Guru1,Guru_Bahasa,7.50,7.50,9.00,8.00
L4_V18,Kaidah Kebahasaan Cerpen,Visual,Guru2,Guru_Bahasa,7.75,7.25,8.75,8.25
L4_V18,Kaidah Kebahasaan Cerpen,Visual,Guru3,Guru_Bahasa,7.25,7.75,9.25,7.75
L4_V18,Kaidah Kebahasaan Cerpen,Visual,Guru4,Guru_Bahasa,7.00,7.50,9.00,8.00
L4_V18,Kaidah Kebahasaan Cerpen,Visual,Guru5,Guru_Bahasa,7.50,7.00,8.50,7.50
L4_V18,Kaidah Kebahasaan Cerpen,Visual,Guru6,Guru_Bahasa,7.75,7.25,8.75,8.25
L4_V18,Kaidah Kebahasaan Cerpen,Visual,Guru7,Guru_Bahasa,7.25,7.75,9.25,7.75
L4_V18,Kaidah Kebahasaan Cerpen,Visual,Guru8,Guru_Bahasa,7.00,7.50,9.00,8.00
L4_V18,Kaidah Kebahasaan Cerpen,Visual,Guru9,Guru_Bahasa,7.50,7.00,8.50,7.50
L4_V18,Kaidah Kebahasaan Cerpen,Visual,AI1,Ahli_AI,8.00,7.50,9.50,8.50
L4_V18,Kaidah Kebahasaan Cerpen,Visual,AI2,Ahli_AI,7.75,7.75,9.25,8.75
L4_V18,Kaidah Kebahasaan Cerpen,Visual,AI3,Ahli_AI,8.25,7.25,9.75,9.00
L4_V18,Kaidah Kebahasaan Cerpen,Visual,AI4,Ahli_AI,7.50,7.75,9.25,8.50
L4_V18,Kaidah Kebahasaan Cerpen,Visual,AI5,Ahli_AI,8.00,7.00,9.00,8.00
L4_V18,Kaidah Kebahasaan Cerpen,Visual,AI6,Ahli_AI,7.75,7.50,9.50,8.50
L4_V18,Kaidah Kebahasaan Cerpen,Visual,AI7,Ahli_AI,8.25,7.25,9.75,9.00
L4_V18,Kaidah Kebahasaan Cerpen,Visual,AI8,Ahli_AI,7.50,7.50,9.25,8.50
L4_V18,Kaidah Kebahasaan Cerpen,Visual,AI9,Ahli_AI,8.00,7.00,9.00,8.00
L4_V18,Kaidah Kebahasaan Cerpen,Visual,AI10,Ahli_AI,7.75,7.75,9.50,8.50
L4_V18,Kaidah Kebahasaan Cerpen,Visual,AI11,Ahli_AI,8.25,7.25,9.75,9.00
L4_V18,Kaidah Kebahasaan Cerpen,Visual,AI12,Ahli_AI,7.50,7.50,9.25,8.50
L4_V19,Kaidah Kebahasaan Cerpen,Interaktif,Guru1,Guru_Bahasa,7.50,7.00,8.00,7.00
L4_V19,Kaidah Kebahasaan Cerpen,Interaktif,Guru2,Guru_Bahasa,7.75,7.25,8.25,7.25
L4_V19,Kaidah Kebahasaan Cerpen,Interaktif,Guru3,Guru_Bahasa,7.25,6.75,7.75,6.75
L4_V19,Kaidah Kebahasaan Cerpen,Interaktif,Guru4,Guru_Bahasa,7.00,7.00,8.00,7.00
L4_V19,Kaidah Kebahasaan Cerpen,Interaktif,Guru5,Guru_Bahasa,7.50,6.50,7.50,6.50
L4_V19,Kaidah Kebahasaan Cerpen,Interaktif,Guru6,Guru_Bahasa,7.75,7.25,8.25,7.25
L4_V19,Kaidah Kebahasaan Cerpen,Interaktif,Guru7,Guru_Bahasa,7.25,6.75,7.75,6.75
L4_V19,Kaidah Kebahasaan Cerpen,Interaktif,Guru8,Guru_Bahasa,7.00,7.00,8.00,7.00
L4_V19,Kaidah Kebahasaan Cerpen,Interaktif,Guru9,Guru_Bahasa,7.50,6.50,7.50,6.50
L4_V19,Kaidah Kebahasaan Cerpen,Interaktif,AI1,Ahli_AI,8.00,7.00,8.50,7.50
L4_V19,Kaidah Kebahasaan Cerpen,Interaktif,AI2,Ahli_AI,7.75,7.25,8.25,7.75
L4_V19,Kaidah Kebahasaan Cerpen,Interaktif,AI3,Ahli_AI,8.25,6.75,8.75,8.00
L4_V19,Kaidah Kebahasaan Cerpen,Interaktif,AI4,Ahli_AI,7.50,7.25,8.25,7.75
L4_V19,Kaidah Kebahasaan Cerpen,Interaktif,AI5,Ahli_AI,8.00,6.50,8.00,7.25
L4_V19,Kaidah Kebahasaan Cerpen,Interaktif,AI6,Ahli_AI,7.75,7.00,8.50,7.50
L4_V19,Kaidah Kebahasaan Cerpen,Interaktif,AI7,Ahli_AI,8.25,6.75,8.75,8.00
L4_V19,Kaidah Kebahasaan Cerpen,Interaktif,AI8,Ahli_AI,7.50,7.25,8.25,7.75
L4_V19,Kaidah Kebahasaan Cerpen,Interaktif,AI9,Ahli_AI,8.00,6.50,8.00,7.25
L4_V19,Kaidah Kebahasaan Cerpen,Interaktif,AI10,Ahli_AI,7.75,7.00,8.50,7.50
L4_V19,Kaidah Kebahasaan Cerpen,Interaktif,AI11,Ahli_AI,8.25,6.75,8.75,8.00
L4_V19,Kaidah Kebahasaan Cerpen,Interaktif,AI12,Ahli_AI,7.50,7.25,8.25,7.75
L4_V20,Kaidah Kebahasaan Cerpen,Analitis,Guru1,Guru_Bahasa,8.00,8.50,7.50,8.50
L4_V20,Kaidah Kebahasaan Cerpen,Analitis,Guru2,Guru_Bahasa,8.25,8.25,7.75,8.75
L4_V20,Kaidah Kebahasaan Cerpen,Analitis,Guru3,Guru_Bahasa,7.75,8.75,7.25,8.25
L4_V20,Kaidah Kebahasaan Cerpen,Analitis,Guru4,Guru_Bahasa,7.50,8.50,7.50,8.50
L4_V20,Kaidah Kebahasaan Cerpen,Analitis,Guru5,Guru_Bahasa,8.00,8.00,7.00,8.00
L4_V20,Kaidah Kebahasaan Cerpen,Analitis,Guru6,Guru_Bahasa,8.25,8.25,7.75,8.75
L4_V20,Kaidah Kebahasaan Cerpen,Analitis,Guru7,Guru_Bahasa,7.75,8.75,7.25,8.25
L4_V20,Kaidah Kebahasaan Cerpen,Analitis,Guru8,Guru_Bahasa,7.50,8.50,7.50,8.50
L4_V20,Kaidah Kebahasaan Cerpen,Analitis,Guru9,Guru_Bahasa,8.00,8.00,7.00,8.00
L4_V20,Kaidah Kebahasaan Cerpen,Analitis,AI1,Ahli_AI,8.50,9.00,8.00,9.00
L4_V20,Kaidah Kebahasaan Cerpen,Analitis,AI2,Ahli_AI,8.25,8.75,8.25,8.75
L4_V20,Kaidah Kebahasaan Cerpen,Analitis,AI3,Ahli_AI,8.75,9.25,7.75,9.25
L4_V20,Kaidah Kebahasaan Cerpen,Analitis,AI4,Ahli_AI,8.00,8.75,8.00,8.75
L4_V20,Kaidah Kebahasaan Cerpen,Analitis,AI5,Ahli_AI,8.50,8.50,7.50,8.50
L4_V20,Kaidah Kebahasaan Cerpen,Analitis,AI6,Ahli_AI,8.25,9.00,8.25,9.00
L4_V20,Kaidah Kebahasaan Cerpen,Analitis,AI7,Ahli_AI,8.75,9.25,7.75,9.25
L4_V20,Kaidah Kebahasaan Cerpen,Analitis,AI8,Ahli_AI,8.00,8.75,8.00,8.75
L4_V20,Kaidah Kebahasaan Cerpen,Analitis,AI9,Ahli_AI,8.50,8.50,7.50,8.50
L4_V20,Kaidah Kebahasaan Cerpen,Analitis,AI10,Ahli_AI,8.25,9.00,8.25,9.00
L4_V20,Kaidah Kebahasaan Cerpen,Analitis,AI11,Ahli_AI,8.75,9.25,7.75,9.25
L4_V20,Kaidah Kebahasaan Cerpen,Analitis,AI12,Ahli_AI,8.00,8.75,8.00,8.75
L5_V1,Pengenalan Teks Prosedur,Teori,Guru1,Guru_Bahasa,7.50,8.00,6.50,7.00
L5_V1,Pengenalan Teks Prosedur,Teori,Guru2,Guru_Bahasa,7.75,7.75,6.75,7.25
L5_V1,Pengenalan Teks Prosedur,Teori,Guru3,Guru_Bahasa,7.25,8.25,6.25,6.75
L5_V1,Pengenalan Teks Prosedur,Teori,Guru4,Guru_Bahasa,7.00,8.00,6.50,7.00
L5_V1,Pengenalan Teks Prosedur,Teori,Guru5,Guru_Bahasa,7.50,7.50,6.00,6.50
L5_V1,Pengenalan Teks Prosedur,Teori,Guru6,Guru_Bahasa,7.75,7.75,6.75,7.25
L5_V1,Pengenalan Teks Prosedur,Teori,Guru7,Guru_Bahasa,7.25,8.25,6.25,6.75
L5_V1,Pengenalan Teks Prosedur,Teori,Guru8,Guru_Bahasa,7.00,8.00,6.50,7.00
L5_V1,Pengenalan Teks Prosedur,Teori,Guru9,Guru_Bahasa,7.50,7.50,6.00,6.50
L5_V1,Pengenalan Teks Prosedur,Teori,AI1,Ahli_AI,8.00,8.50,7.00,7.50
L5_V1,Pengenalan Teks Prosedur,Teori,AI2,Ahli_AI,7.75,8.25,7.25,7.75
L5_V1,Pengenalan Teks Prosedur,Teori,AI3,Ahli_AI,8.25,8.75,6.75,8.00
L5_V1,Pengenalan Teks Prosedur,Teori,AI4,Ahli_AI,7.50,8.25,7.00,7.50
L5_V1,Pengenalan Teks Prosedur,Teori,AI5,Ahli_AI,8.00,8.00,6.50,7.25
L5_V1,Pengenalan Teks Prosedur,Teori,AI6,Ahli_AI,7.75,8.50,7.25,7.75
L5_V1,Pengenalan Teks Prosedur,Teori,AI7,Ahli_AI,8.25,8.75,6.75,8.00
L5_V1,Pengenalan Teks Prosedur,Teori,AI8,Ahli_AI,7.50,8.25,7.00,7.50
L5_V1,Pengenalan Teks Prosedur,Teori,AI9,Ahli_AI,8.00,8.00,6.50,7.25
L5_V1,Pengenalan Teks Prosedur,Teori,AI10,Ahli_AI,7.75,8.50,7.25,7.75
L5_V1,Pengenalan Teks Prosedur,Teori,AI11,Ahli_AI,8.25,8.75,6.75,8.00
L5_V1,Pengenalan Teks Prosedur,Teori,AI12,Ahli_AI,7.50,8.25,7.00,7.50
L5_V2,Pengenalan Teks Prosedur,Aplikasi,Guru1,Guru_Bahasa,8.50,8.00,8.50,8.00
L5_V2,Pengenalan Teks Prosedur,Aplikasi,Guru2,Guru_Bahasa,8.75,8.25,8.75,8.25
L5_V2,Pengenalan Teks Prosedur,Aplikasi,Guru3,Guru_Bahasa,8.25,7.75,8.25,7.75
L5_V2,Pengenalan Teks Prosedur,Aplikasi,Guru4,Guru_Bahasa,8.00,8.00,8.50,8.00
L5_V2,Pengenalan Teks Prosedur,Aplikasi,Guru5,Guru_Bahasa,8.50,7.50,8.00,7.50
L5_V2,Pengenalan Teks Prosedur,Aplikasi,Guru6,Guru_Bahasa,8.75,8.25,8.75,8.25
L5_V2,Pengenalan Teks Prosedur,Aplikasi,Guru7,Guru_Bahasa,8.25,7.75,8.25,7.75
L5_V2,Pengenalan Teks Prosedur,Aplikasi,Guru8,Guru_Bahasa,8.00,8.00,8.50,8.00
L5_V2,Pengenalan Teks Prosedur,Aplikasi,Guru9,Guru_Bahasa,8.50,7.50,8.00,7.50
L5_V2,Pengenalan Teks Prosedur,Aplikasi,AI1,Ahli_AI,9.00,8.50,9.00,8.50
L5_V2,Pengenalan Teks Prosedur,Aplikasi,AI2,Ahli_AI,8.75,8.75,8.75,8.75
L5_V2,Pengenalan Teks Prosedur,Aplikasi,AI3,Ahli_AI,9.25,8.25,9.25,9.00
L5_V2,Pengenalan Teks Prosedur,Aplikasi,AI4,Ahli_AI,8.50,8.75,8.75,8.50
L5_V2,Pengenalan Teks Prosedur,Aplikasi,AI5,Ahli_AI,9.00,8.00,8.50,8.00
L5_V2,Pengenalan Teks Prosedur,Aplikasi,AI6,Ahli_AI,8.75,8.50,9.00,8.75
L5_V2,Pengenalan Teks Prosedur,Aplikasi,AI7,Ahli_AI,9.25,8.25,9.25,9.00
L5_V2,Pengenalan Teks Prosedur,Aplikasi,AI8,Ahli_AI,8.50,8.75,8.75,8.50
L5_V2,Pengenalan Teks Prosedur,Aplikasi,AI9,Ahli_AI,9.00,8.00,8.50,8.00
L5_V2,Pengenalan Teks Prosedur,Aplikasi,AI10,Ahli_AI,8.75,8.50,9.00,8.75
L5_V2,Pengenalan Teks Prosedur,Aplikasi,AI11,Ahli_AI,9.25,8.25,9.25,9.00
L5_V2,Pengenalan Teks Prosedur,Aplikasi,AI12,Ahli_AI,8.50,8.75,8.75,8.50
L5_V3,Pengenalan Teks Prosedur,Visual,Guru1,Guru_Bahasa,7.50,7.00,9.00,7.50
L5_V3,Pengenalan Teks Prosedur,Visual,Guru2,Guru_Bahasa,7.75,7.25,8.75,7.75
L5_V3,Pengenalan Teks Prosedur,Visual,Guru3,Guru_Bahasa,7.25,6.75,9.25,7.25
L5_V3,Pengenalan Teks Prosedur,Visual,Guru4,Guru_Bahasa,7.00,7.00,9.00,7.50
L5_V3,Pengenalan Teks Prosedur,Visual,Guru5,Guru_Bahasa,7.50,6.50,8.50,7.00
L5_V3,Pengenalan Teks Prosedur,Visual,Guru6,Guru_Bahasa,7.75,7.25,8.75,7.75
L5_V3,Pengenalan Teks Prosedur,Visual,Guru7,Guru_Bahasa,7.25,6.75,9.25,7.25
L5_V3,Pengenalan Teks Prosedur,Visual,Guru8,Guru_Bahasa,7.00,7.00,9.00,7.50
L5_V3,Pengenalan Teks Prosedur,Visual,Guru9,Guru_Bahasa,7.50,6.50,8.50,7.00
L5_V3,Pengenalan Teks Prosedur,Visual,AI1,Ahli_AI,8.00,7.50,9.50,8.00
L5_V3,Pengenalan Teks Prosedur,Visual,AI2,Ahli_AI,7.75,7.75,9.25,8.25
L5_V3,Pengenalan Teks Prosedur,Visual,AI3,Ahli_AI,8.25,7.25,9.75,8.50
L5_V3,Pengenalan Teks Prosedur,Visual,AI4,Ahli_AI,7.50,7.75,9.25,8.00
L5_V3,Pengenalan Teks Prosedur,Visual,AI5,Ahli_AI,8.00,7.00,9.00,7.75
L5_V3,Pengenalan Teks Prosedur,Visual,AI6,Ahli_AI,7.75,7.50,9.50,8.00
L5_V3,Pengenalan Teks Prosedur,Visual,AI7,Ahli_AI,8.25,7.25,9.75,8.50
L5_V3,Pengenalan Teks Prosedur,Visual,AI8,Ahli_AI,7.50,7.50,9.25,8.00
L5_V3,Pengenalan Teks Prosedur,Visual,AI9,Ahli_AI,8.00,7.00,9.00,7.75
L5_V3,Pengenalan Teks Prosedur,Visual,AI10,Ahli_AI,7.75,7.75,9.50,8.25
L5_V3,Pengenalan Teks Prosedur,Visual,AI11,Ahli_AI,8.25,7.25,9.75,8.50
L5_V3,Pengenalan Teks Prosedur,Visual,AI12,Ahli_AI,7.50,7.50,9.25,8.00
L5_V4,Pengenalan Teks Prosedur,Interaktif,Guru1,Guru_Bahasa,8.00,7.50,8.50,7.50
L5_V4,Pengenalan Teks Prosedur,Interaktif,Guru2,Guru_Bahasa,8.25,7.75,8.75,7.75
L5_V4,Pengenalan Teks Prosedur,Interaktif,Guru3,Guru_Bahasa,7.75,7.25,8.25,7.25
L5_V4,Pengenalan Teks Prosedur,Interaktif,Guru4,Guru_Bahasa,7.50,7.50,8.50,7.50
L5_V4,Pengenalan Teks Prosedur,Interaktif,Guru5,Guru_Bahasa,8.00,7.00,8.00,7.00
L5_V4,Pengenalan Teks Prosedur,Interaktif,Guru6,Guru_Bahasa,8.25,7.75,8.75,7.75
L5_V4,Pengenalan Teks Prosedur,Interaktif,Guru7,Guru_Bahasa,7.75,7.25,8.25,7.25
L5_V4,Pengenalan Teks Prosedur,Interaktif,Guru8,Guru_Bahasa,7.50,7.50,8.50,7.50
L5_V4,Pengenalan Teks Prosedur,Interaktif,Guru9,Guru_Bahasa,8.00,7.00,8.00,7.00
L5_V4,Pengenalan Teks Prosedur,Interaktif,AI1,Ahli_AI,8.50,7.50,9.00,8.00
L5_V4,Pengenalan Teks Prosedur,Interaktif,AI2,Ahli_AI,8.25,7.75,8.75,8.25
L5_V4,Pengenalan Teks Prosedur,Interaktif,AI3,Ahli_AI,8.75,7.25,9.25,8.50
L5_V4,Pengenalan Teks Prosedur,Interaktif,AI4,Ahli_AI,8.00,7.75,8.75,8.00
L5_V4,Pengenalan Teks Prosedur,Interaktif,AI5,Ahli_AI,8.50,7.00,8.50,7.50
L5_V4,Pengenalan Teks Prosedur,Interaktif,AI6,Ahli_AI,8.25,7.50,9.00,8.00
L5_V4,Pengenalan Teks Prosedur,Interaktif,AI7,Ahli_AI,8.75,7.25,9.25,8.50
L5_V4,Pengenalan Teks Prosedur,Interaktif,AI8,Ahli_AI,8.00,7.50,8.75,8.00
L5_V4,Pengenalan Teks Prosedur,Interaktif,AI9,Ahli_AI,8.50,7.00,8.50,7.50
L5_V4,Pengenalan Teks Prosedur,Interaktif,AI10,Ahli_AI,8.25,7.75,9.00,8.00
L5_V4,Pengenalan Teks Prosedur,Interaktif,AI11,Ahli_AI,8.75,7.25,9.25,8.50
L5_V4,Pengenalan Teks Prosedur,Interaktif,AI12,Ahli_AI,8.00,7.50,8.75,8.00
L5_V5,Pengenalan Teks Prosedur,Analitis,Guru1,Guru_Bahasa,7.50,8.00,7.00,8.00
L5_V5,Pengenalan Teks Prosedur,Analitis,Guru2,Guru_Bahasa,7.75,7.75,7.25,8.25
L5_V5,Pengenalan Teks Prosedur,Analitis,Guru3,Guru_Bahasa,7.25,8.25,6.75,7.75
L5_V5,Pengenalan Teks Prosedur,Analitis,Guru4,Guru_Bahasa,7.00,8.00,7.00,8.00
L5_V5,Pengenalan Teks Prosedur,Analitis,Guru5,Guru_Bahasa,7.50,7.50,6.50,7.50
L5_V5,Pengenalan Teks Prosedur,Analitis,Guru6,Guru_Bahasa,7.75,7.75,7.25,8.25
L5_V5,Pengenalan Teks Prosedur,Analitis,Guru7,Guru_Bahasa,7.25,8.25,6.75,7.75
L5_V5,Pengenalan Teks Prosedur,Analitis,Guru8,Guru_Bahasa,7.00,8.00,7.00,8.00
L5_V5,Pengenalan Teks Prosedur,Analitis,Guru9,Guru_Bahasa,7.50,7.50,6.50,7.50
L5_V5,Pengenalan Teks Prosedur,Analitis,AI1,Ahli_AI,8.00,8.50,7.50,8.50
L5_V5,Pengenalan Teks Prosedur,Analitis,AI2,Ahli_AI,7.75,8.25,7.75,8.75
L5_V5,Pengenalan Teks Prosedur,Analitis,AI3,Ahli_AI,8.25,8.75,7.25,9.00
L5_V5,Pengenalan Teks Prosedur,Analitis,AI4,Ahli_AI,7.50,8.25,7.50,8.50
L5_V5,Pengenalan Teks Prosedur,Analitis,AI5,Ahli_AI,8.00,8.00,7.00,8.00
L5_V5,Pengenalan Teks Prosedur,Analitis,AI6,Ahli_AI,7.75,8.50,7.75,8.50
L5_V5,Pengenalan Teks Prosedur,Analitis,AI7,Ahli_AI,8.25,8.75,7.25,9.00
L5_V5,Pengenalan Teks Prosedur,Analitis,AI8,Ahli_AI,7.50,8.25,7.50,8.50
L5_V5,Pengenalan Teks Prosedur,Analitis,AI9,Ahli_AI,8.00,8.00,7.00,8.00
L5_V5,Pengenalan Teks Prosedur,Analitis,AI10,Ahli_AI,7.75,8.50,7.75,8.50
L5_V5,Pengenalan Teks Prosedur,Analitis,AI11,Ahli_AI,8.25,8.75,7.25,9.00
L5_V5,Pengenalan Teks Prosedur,Analitis,AI12,Ahli_AI,7.50,8.25,7.50,8.50
L5_V6,Struktur Teks Prosedur,Teori,Guru1,Guru_Bahasa,8.00,8.50,7.00,7.50
L5_V6,Struktur Teks Prosedur,Teori,Guru2,Guru_Bahasa,8.25,8.25,7.25,7.75
L5_V6,Struktur Teks Prosedur,Teori,Guru3,Guru_Bahasa,7.75,8.75,6.75,7.25
L5_V6,Struktur Teks Prosedur,Teori,Guru4,Guru_Bahasa,7.50,8.50,7.00,7.50
L5_V6,Struktur Teks Prosedur,Teori,Guru5,Guru_Bahasa,8.00,8.00,6.50,7.00
L5_V6,Struktur Teks Prosedur,Teori,Guru6,Guru_Bahasa,8.25,8.25,7.25,7.75
L5_V6,Struktur Teks Prosedur,Teori,Guru7,Guru_Bahasa,7.75,8.75,6.75,7.25
L5_V6,Struktur Teks Prosedur,Teori,Guru8,Guru_Bahasa,7.50,8.50,7.00,7.50
L5_V6,Struktur Teks Prosedur,Teori,Guru9,Guru_Bahasa,8.00,8.00,6.50,7.00
L5_V6,Struktur Teks Prosedur,Teori,AI1,Ahli_AI,8.50,9.00,7.50,8.00
L5_V6,Struktur Teks Prosedur,Teori,AI2,Ahli_AI,8.25,8.75,7.75,8.25
L5_V6,Struktur Teks Prosedur,Teori,AI3,Ahli_AI,8.75,9.25,7.25,8.50
L5_V6,Struktur Teks Prosedur,Teori,AI4,Ahli_AI,8.00,8.75,7.50,8.00
L5_V6,Struktur Teks Prosedur,Teori,AI5,Ahli_AI,8.50,8.50,7.00,7.75
L5_V6,Struktur Teks Prosedur,Teori,AI6,Ahli_AI,8.25,9.00,7.75,8.25
L5_V6,Struktur Teks Prosedur,Teori,AI7,Ahli_AI,8.75,9.25,7.25,8.50
L5_V6,Struktur Teks Prosedur,Teori,AI8,Ahli_AI,8.00,8.75,7.50,8.00
L5_V6,Struktur Teks Prosedur,Teori,AI9,Ahli_AI,8.50,8.50,7.00,7.75
L5_V6,Struktur Teks Prosedur,Teori,AI10,Ahli_AI,8.25,9.00,7.75,8.25
L5_V6,Struktur Teks Prosedur,Teori,AI11,Ahli_AI,8.75,9.25,7.25,8.50
L5_V6,Struktur Teks Prosedur,Teori,AI12,Ahli_AI,8.00,8.75,7.50,8.00
L5_V7,Struktur Teks Prosedur,Aplikasi,Guru1,Guru_Bahasa,8.50,8.00,8.50,8.00
L5_V7,Struktur Teks Prosedur,Aplikasi,Guru2,Guru_Bahasa,8.75,8.25,8.75,8.25
L5_V7,Struktur Teks Prosedur,Aplikasi,Guru3,Guru_Bahasa,8.25,7.75,8.25,7.75
L5_V7,Struktur Teks Prosedur,Aplikasi,Guru4,Guru_Bahasa,8.00,8.00,8.50,8.00
L5_V7,Struktur Teks Prosedur,Aplikasi,Guru5,Guru_Bahasa,8.50,7.50,8.00,7.50
L5_V7,Struktur Teks Prosedur,Aplikasi,Guru6,Guru_Bahasa,8.75,8.25,8.75,8.25
L5_V7,Struktur Teks Prosedur,Aplikasi,Guru7,Guru_Bahasa,8.25,7.75,8.25,7.75
L5_V7,Struktur Teks Prosedur,Aplikasi,Guru8,Guru_Bahasa,8.00,8.00,8.50,8.00
L5_V7,Struktur Teks Prosedur,Aplikasi,Guru9,Guru_Bahasa,8.50,7.50,8.00,7.50
L5_V7,Struktur Teks Prosedur,Aplikasi,AI1,Ahli_AI,9.00,8.50,9.00,8.50
L5_V7,Struktur Teks Prosedur,Aplikasi,AI2,Ahli_AI,8.75,8.75,8.75,8.75
L5_V7,Struktur Teks Prosedur,Aplikasi,AI3,Ahli_AI,9.25,8.25,9.25,9.00
L5_V7,Struktur Teks Prosedur,Aplikasi,AI4,Ahli_AI,8.50,8.75,8.75,8.50
L5_V7,Struktur Teks Prosedur,Aplikasi,AI5,Ahli_AI,9.00,8.00,8.50,8.00
L5_V7,Struktur Teks Prosedur,Aplikasi,AI6,Ahli_AI,8.75,8.50,9.00,8.75
L5_V7,Struktur Teks Prosedur,Aplikasi,AI7,Ahli_AI,9.25,8.25,9.25,9.00
L5_V7,Struktur Teks Prosedur,Aplikasi,AI8,Ahli_AI,8.50,8.75,8.75,8.50
L5_V7,Struktur Teks Prosedur,Aplikasi,AI9,Ahli_AI,9.00,8.00,8.50,8.00
L5_V7,Struktur Teks Prosedur,Aplikasi,AI10,Ahli_AI,8.75,8.50,9.00,8.75
L5_V7,Struktur Teks Prosedur,Aplikasi,AI11,Ahli_AI,9.25,8.25,9.25,9.00
L5_V7,Struktur Teks Prosedur,Aplikasi,AI12,Ahli_AI,8.50,8.75,8.75,8.50
L5_V8,Struktur Teks Prosedur,Visual,Guru1,Guru_Bahasa,7.50,7.00,9.00,7.50
L5_V8,Struktur Teks Prosedur,Visual,Guru2,Guru_Bahasa,7.75,7.25,8.75,7.75
L5_V8,Struktur Teks Prosedur,Visual,Guru3,Guru_Bahasa,7.25,6.75,9.25,7.25
L5_V8,Struktur Teks Prosedur,Visual,Guru4,Guru_Bahasa,7.00,7.00,9.00,7.50
L5_V8,Struktur Teks Prosedur,Visual,Guru5,Guru_Bahasa,7.50,6.50,8.50,7.00
L5_V8,Struktur Teks Prosedur,Visual,Guru6,Guru_Bahasa,7.75,7.25,8.75,7.75
L5_V8,Struktur Teks Prosedur,Visual,Guru7,Guru_Bahasa,7.25,6.75,9.25,7.25
L5_V8,Struktur Teks Prosedur,Visual,Guru8,Guru_Bahasa,7.00,7.00,9.00,7.50
L5_V8,Struktur Teks Prosedur,Visual,Guru9,Guru_Bahasa,7.50,6.50,8.50,7.00
L5_V8,Struktur Teks Prosedur,Visual,AI1,Ahli_AI,8.00,7.50,9.50,8.00
L5_V8,Struktur Teks Prosedur,Visual,AI2,Ahli_AI,7.75,7.75,9.25,8.25
L5_V8,Struktur Teks Prosedur,Visual,AI3,Ahli_AI,8.25,7.25,9.75,8.50
L5_V8,Struktur Teks Prosedur,Visual,AI4,Ahli_AI,7.50,7.75,9.25,8.00
L5_V8,Struktur Teks Prosedur,Visual,AI5,Ahli_AI,8.00,7.00,9.00,7.75
L5_V8,Struktur Teks Prosedur,Visual,AI6,Ahli_AI,7.75,7.50,9.50,8.00
L5_V8,Struktur Teks Prosedur,Visual,AI7,Ahli_AI,8.25,7.25,9.75,8.50
L5_V8,Struktur Teks Prosedur,Visual,AI8,Ahli_AI,7.50,7.50,9.25,8.00
L5_V8,Struktur Teks Prosedur,Visual,AI9,Ahli_AI,8.00,7.00,9.00,7.75
L5_V8,Struktur Teks Prosedur,Visual,AI10,Ahli_AI,7.75,7.75,9.50,8.25
L5_V8,Struktur Teks Prosedur,Visual,AI11,Ahli_AI,8.25,7.25,9.75,8.50
L5_V8,Struktur Teks Prosedur,Visual,AI12,Ahli_AI,7.50,7.50,9.25,8.00
L5_V9,Struktur Teks Prosedur,Interaktif,Guru1,Guru_Bahasa,7.50,7.00,8.00,7.00
L5_V9,Struktur Teks Prosedur,Interaktif,Guru2,Guru_Bahasa,7.75,7.25,8.25,7.25
L5_V9,Struktur Teks Prosedur,Interaktif,Guru3,Guru_Bahasa,7.25,6.75,7.75,6.75
L5_V9,Struktur Teks Prosedur,Interaktif,Guru4,Guru_Bahasa,7.00,7.00,8.00,7.00
L5_V9,Struktur Teks Prosedur,Interaktif,Guru5,Guru_Bahasa,7.50,6.50,7.50,6.50
L5_V9,Struktur Teks Prosedur,Interaktif,Guru6,Guru_Bahasa,7.75,7.25,8.25,7.25
L5_V9,Struktur Teks Prosedur,Interaktif,Guru7,Guru_Bahasa,7.25,6.75,7.75,6.75
L5_V9,Struktur Teks Prosedur,Interaktif,Guru8,Guru_Bahasa,7.00,7.00,8.00,7.00
L5_V9,Struktur Teks Prosedur,Interaktif,Guru9,Guru_Bahasa,7.50,6.50,7.50,6.50
L5_V9,Struktur Teks Prosedur,Interaktif,AI1,Ahli_AI,8.00,7.00,8.50,7.50
L5_V9,Struktur Teks Prosedur,Interaktif,AI2,Ahli_AI,7.75,7.25,8.25,7.75
L5_V9,Struktur Teks Prosedur,Interaktif,AI3,Ahli_AI,8.25,6.75,8.75,8.00
L5_V9,Struktur Teks Prosedur,Interaktif,AI4,Ahli_AI,7.50,7.25,8.25,7.75
L5_V9,Struktur Teks Prosedur,Interaktif,AI5,Ahli_AI,8.00,6.50,8.00,7.25
L5_V9,Struktur Teks Prosedur,Interaktif,AI6,Ahli_AI,7.75,7.00,8.50,7.50
L5_V9,Struktur Teks Prosedur,Interaktif,AI7,Ahli_AI,8.25,6.75,8.75,8.00
L5_V9,Struktur Teks Prosedur,Interaktif,AI8,Ahli_AI,7.50,7.25,8.25,7.75
L5_V9,Struktur Teks Prosedur,Interaktif,AI9,Ahli_AI,8.00,6.50,8.00,7.25
L5_V9,Struktur Teks Prosedur,Interaktif,AI10,Ahli_AI,7.75,7.00,8.50,7.50
L5_V9,Struktur Teks Prosedur,Interaktif,AI11,Ahli_AI,8.25,6.75,8.75,8.00
L5_V9,Struktur Teks Prosedur,Interaktif,AI12,Ahli_AI,7.50,7.25,8.25,7.75
L5_V10,Struktur Teks Prosedur,Analitis,Guru1,Guru_Bahasa,8.00,8.00,7.50,8.50
L5_V10,Struktur Teks Prosedur,Analitis,Guru2,Guru_Bahasa,8.25,7.75,7.75,8.75
L5_V10,Struktur Teks Prosedur,Analitis,Guru3,Guru_Bahasa,7.75,8.25,7.25,8.25
L5_V10,Struktur Teks Prosedur,Analitis,Guru4,Guru_Bahasa,7.50,8.00,7.50,8.50
L5_V10,Struktur Teks Prosedur,Analitis,Guru5,Guru_Bahasa,8.00,7.50,7.00,8.00
L5_V10,Struktur Teks Prosedur,Analitis,Guru6,Guru_Bahasa,8.25,7.75,7.75,8.75
L5_V10,Struktur Teks Prosedur,Analitis,Guru7,Guru_Bahasa,7.75,8.25,7.25,8.25
L5_V10,Struktur Teks Prosedur,Analitis,Guru8,Guru_Bahasa,7.50,8.00,7.50,8.50
L5_V10,Struktur Teks Prosedur,Analitis,Guru9,Guru_Bahasa,8.00,7.50,7.00,8.00
L5_V10,Struktur Teks Prosedur,Analitis,AI1,Ahli_AI,8.50,8.50,8.00,9.00
L5_V10,Struktur Teks Prosedur,Analitis,AI2,Ahli_AI,8.25,8.25,8.25,8.75
L5_V10,Struktur Teks Prosedur,Analitis,AI3,Ahli_AI,8.75,8.75,7.75,9.25
L5_V10,Struktur Teks Prosedur,Analitis,AI4,Ahli_AI,8.00,8.25,8.00,8.75
L5_V10,Struktur Teks Prosedur,Analitis,AI5,Ahli_AI,8.50,8.00,7.50,8.50
L5_V10,Struktur Teks Prosedur,Analitis,AI6,Ahli_AI,8.25,8.50,8.25,9.00
L5_V10,Struktur Teks Prosedur,Analitis,AI7,Ahli_AI,8.75,8.75,7.75,9.25
L5_V10,Struktur Teks Prosedur,Analitis,AI8,Ahli_AI,8.00,8.25,8.00,8.75
L5_V10,Struktur Teks Prosedur,Analitis,AI9,Ahli_AI,8.50,8.00,7.50,8.50
L5_V10,Struktur Teks Prosedur,Analitis,AI10,Ahli_AI,8.25,8.50,8.25,9.00
L5_V10,Struktur Teks Prosedur,Analitis,AI11,Ahli_AI,8.75,8.75,7.75,9.25
L5_V10,Struktur Teks Prosedur,Analitis,AI12,Ahli_AI,8.00,8.25,8.00,8.75
L5_V11,Kaidah Kebahasaan Teks Prosedur,Teori,Guru1,Guru_Bahasa,8.00,8.00,6.50,7.50
L5_V11,Kaidah Kebahasaan Teks Prosedur,Teori,Guru2,Guru_Bahasa,8.25,7.75,6.75,7.75
L5_V11,Kaidah Kebahasaan Teks Prosedur,Teori,Guru3,Guru_Bahasa,7.75,8.25,6.25,7.25
L5_V11,Kaidah Kebahasaan Teks Prosedur,Teori,Guru4,Guru_Bahasa,7.50,8.00,6.50,7.50
L5_V11,Kaidah Kebahasaan Teks Prosedur,Teori,Guru5,Guru_Bahasa,8.00,7.50,6.00,7.00
L5_V11,Kaidah Kebahasaan Teks Prosedur,Teori,Guru6,Guru_Bahasa,8.25,7.75,6.75,7.75
L5_V11,Kaidah Kebahasaan Teks Prosedur,Teori,Guru7,Guru_Bahasa,7.75,8.25,6.25,7.25
L5_V11,Kaidah Kebahasaan Teks Prosedur,Teori,Guru8,Guru_Bahasa,7.50,8.00,6.50,7.50
L5_V11,Kaidah Kebahasaan Teks Prosedur,Teori,Guru9,Guru_Bahasa,8.00,7.50,6.00,7.00
L5_V11,Kaidah Kebahasaan Teks Prosedur,Teori,AI1,Ahli_AI,8.50,8.50,7.00,8.00
L5_V11,Kaidah Kebahasaan Teks Prosedur,Teori,AI2,Ahli_AI,8.25,8.25,7.25,8.25
L5_V11,Kaidah Kebahasaan Teks Prosedur,Teori,AI3,Ahli_AI,8.75,8.75,6.75,8.50
L5_V11,Kaidah Kebahasaan Teks Prosedur,Teori,AI4,Ahli_AI,8.00,8.25,7.00,8.00
L5_V11,Kaidah Kebahasaan Teks Prosedur,Teori,AI5,Ahli_AI,8.50,8.00,6.50,7.75
L5_V11,Kaidah Kebahasaan Teks Prosedur,Teori,AI6,Ahli_AI,8.25,8.50,7.25,8.25
L5_V11,Kaidah Kebahasaan Teks Prosedur,Teori,AI7,Ahli_AI,8.75,8.75,6.75,8.50
L5_V11,Kaidah Kebahasaan Teks Prosedur,Teori,AI8,Ahli_AI,8.00,8.25,7.00,8.00
L5_V11,Kaidah Kebahasaan Teks Prosedur,Teori,AI9,Ahli_AI,8.50,8.00,6.50,7.75
L5_V11,Kaidah Kebahasaan Teks Prosedur,Teori,AI10,Ahli_AI,8.25,8.50,7.25,8.25
L5_V11,Kaidah Kebahasaan Teks Prosedur,Teori,AI11,Ahli_AI,8.75,8.75,6.75,8.50
L5_V11,Kaidah Kebahasaan Teks Prosedur,Teori,AI12,Ahli_AI,8.00,8.25,7.00,8.00
L5_V12,Kaidah Kebahasaan Teks Prosedur,Aplikasi,Guru1,Guru_Bahasa,8.50,8.00,8.50,8.00
L5_V12,Kaidah Kebahasaan Teks Prosedur,Aplikasi,Guru2,Guru_Bahasa,8.75,8.25,8.75,8.25
L5_V12,Kaidah Kebahasaan Teks Prosedur,Aplikasi,Guru3,Guru_Bahasa,8.25,7.75,8.25,7.75
L5_V12,Kaidah Kebahasaan Teks Prosedur,Aplikasi,Guru4,Guru_Bahasa,8.00,8.00,8.50,8.00
L5_V12,Kaidah Kebahasaan Teks Prosedur,Aplikasi,Guru5,Guru_Bahasa,8.50,7.50,8.00,7.50
L5_V12,Kaidah Kebahasaan Teks Prosedur,Aplikasi,Guru6,Guru_Bahasa,8.75,8.25,8.75,8.25
L5_V12,Kaidah Kebahasaan Teks Prosedur,Aplikasi,Guru7,Guru_Bahasa,8.25,7.75,8.25,7.75
L5_V12,Kaidah Kebahasaan Teks Prosedur,Aplikasi,Guru8,Guru_Bahasa,8.00,8.00,8.50,8.00
L5_V12,Kaidah Kebahasaan Teks Prosedur,Aplikasi,Guru9,Guru_Bahasa,8.50,7.50,8.00,7.50
L5_V12,Kaidah Kebahasaan Teks Prosedur,Aplikasi,AI1,Ahli_AI,9.00,8.50,9.00,8.50
L5_V12,Kaidah Kebahasaan Teks Prosedur,Aplikasi,AI2,Ahli_AI,8.75,8.75,8.75,8.75
L5_V12,Kaidah Kebahasaan Teks Prosedur,Aplikasi,AI3,Ahli_AI,9.25,8.25,9.25,9.00
L5_V12,Kaidah Kebahasaan Teks Prosedur,Aplikasi,AI4,Ahli_AI,8.50,8.75,8.75,8.50
L5_V12,Kaidah Kebahasaan Teks Prosedur,Aplikasi,AI5,Ahli_AI,9.00,8.00,8.50,8.00
L5_V12,Kaidah Kebahasaan Teks Prosedur,Aplikasi,AI6,Ahli_AI,8.75,8.50,9.00,8.75
L5_V12,Kaidah Kebahasaan Teks Prosedur,Aplikasi,AI7,Ahli_AI,9.25,8.25,9.25,9.00
L5_V12,Kaidah Kebahasaan Teks Prosedur,Aplikasi,AI8,Ahli_AI,8.50,8.75,8.75,8.50
L5_V12,Kaidah Kebahasaan Teks Prosedur,Aplikasi,AI9,Ahli_AI,9.00,8.00,8.50,8.00
L5_V12,Kaidah Kebahasaan Teks Prosedur,Aplikasi,AI10,Ahli_AI,8.75,8.50,9.00,8.75
L5_V12,Kaidah Kebahasaan Teks Prosedur,Aplikasi,AI11,Ahli_AI,9.25,8.25,9.25,9.00
L5_V12,Kaidah Kebahasaan Teks Prosedur,Aplikasi,AI12,Ahli_AI,8.50,8.75,8.75,8.50
L5_V13,Kaidah Kebahasaan Teks Prosedur,Visual,Guru1,Guru_Bahasa,7.50,7.00,9.00,7.50
L5_V13,Kaidah Kebahasaan Teks Prosedur,Visual,Guru2,Guru_Bahasa,7.75,7.25,8.75,7.75
L5_V13,Kaidah Kebahasaan Teks Prosedur,Visual,Guru3,Guru_Bahasa,7.25,6.75,9.25,7.25
L5_V13,Kaidah Kebahasaan Teks Prosedur,Visual,Guru4,Guru_Bahasa,7.00,7.00,9.00,7.50
L5_V13,Kaidah Kebahasaan Teks Prosedur,Visual,Guru5,Guru_Bahasa,7.50,6.50,8.50,7.00
L5_V13,Kaidah Kebahasaan Teks Prosedur,Visual,Guru6,Guru_Bahasa,7.75,7.25,8.75,7.75
L5_V13,Kaidah Kebahasaan Teks Prosedur,Visual,Guru7,Guru_Bahasa,7.25,6.75,9.25,7.25
L5_V13,Kaidah Kebahasaan Teks Prosedur,Visual,Guru8,Guru_Bahasa,7.00,7.00,9.00,7.50
L5_V13,Kaidah Kebahasaan Teks Prosedur,Visual,Guru9,Guru_Bahasa,7.50,6.50,8.50,7.00
L5_V13,Kaidah Kebahasaan Teks Prosedur,Visual,AI1,Ahli_AI,8.00,7.50,9.50,8.00
L5_V13,Kaidah Kebahasaan Teks Prosedur,Visual,AI2,Ahli_AI,7.75,7.75,9.25,8.25
L5_V13,Kaidah Kebahasaan Teks Prosedur,Visual,AI3,Ahli_AI,8.25,7.25,9.75,8.50
L5_V13,Kaidah Kebahasaan Teks Prosedur,Visual,AI4,Ahli_AI,7.50,7.75,9.25,8.00
L5_V13,Kaidah Kebahasaan Teks Prosedur,Visual,AI5,Ahli_AI,8.00,7.00,9.00,7.75
L5_V13,Kaidah Kebahasaan Teks Prosedur,Visual,AI6,Ahli_AI,7.75,7.50,9.50,8.00
L5_V13,Kaidah Kebahasaan Teks Prosedur,Visual,AI7,Ahli_AI,8.25,7.25,9.75,8.50
L5_V13,Kaidah Kebahasaan Teks Prosedur,Visual,AI8,Ahli_AI,7.50,7.50,9.25,8.00
L5_V13,Kaidah Kebahasaan Teks Prosedur,Visual,AI9,Ahli_AI,8.00,7.00,9.00,7.75
L5_V13,Kaidah Kebahasaan Teks Prosedur,Visual,AI10,Ahli_AI,7.75,7.75,9.50,8.25
L5_V13,Kaidah Kebahasaan Teks Prosedur,Visual,AI11,Ahli_AI,8.25,7.25,9.75,8.50
L5_V13,Kaidah Kebahasaan Teks Prosedur,Visual,AI12,Ahli_AI,7.50,7.50,9.25,8.00
L5_V14,Kaidah Kebahasaan Teks Prosedur,Interaktif,Guru1,Guru_Bahasa,7.50,7.00,8.00,7.00
L5_V14,Kaidah Kebahasaan Teks Prosedur,Interaktif,Guru2,Guru_Bahasa,7.75,7.25,8.25,7.25
L5_V14,Kaidah Kebahasaan Teks Prosedur,Interaktif,Guru3,Guru_Bahasa,7.25,6.75,7.75,6.75
L5_V14,Kaidah Kebahasaan Teks Prosedur,Interaktif,Guru4,Guru_Bahasa,7.00,7.00,8.00,7.00
L5_V14,Kaidah Kebahasaan Teks Prosedur,Interaktif,Guru5,Guru_Bahasa,7.50,6.50,7.50,6.50
L5_V14,Kaidah Kebahasaan Teks Prosedur,Interaktif,Guru6,Guru_Bahasa,7.75,7.25,8.25,7.25
L5_V14,Kaidah Kebahasaan Teks Prosedur,Interaktif,Guru7,Guru_Bahasa,7.25,6.75,7.75,6.75
L5_V14,Kaidah Kebahasaan Teks Prosedur,Interaktif,Guru8,Guru_Bahasa,7.00,7.00,8.00,7.00
L5_V14,Kaidah Kebahasaan Teks Prosedur,Interaktif,Guru9,Guru_Bahasa,7.50,6.50,7.50,6.50
L5_V14,Kaidah Kebahasaan Teks Prosedur,Interaktif,AI1,Ahli_AI,8.00,7.00,8.50,7.50
L5_V14,Kaidah Kebahasaan Teks Prosedur,Interaktif,AI2,Ahli_AI,7.75,7.25,8.25,7.75
L5_V14,Kaidah Kebahasaan Teks Prosedur,Interaktif,AI3,Ahli_AI,8.25,6.75,8.75,8.00
L5_V14,Kaidah Kebahasaan Teks Prosedur,Interaktif,AI4,Ahli_AI,7.50,7.25,8.25,7.75
L5_V14,Kaidah Kebahasaan Teks Prosedur,Interaktif,AI5,Ahli_AI,8.00,6.50,8.00,7.25
L5_V14,Kaidah Kebahasaan Teks Prosedur,Interaktif,AI6,Ahli_AI,7.75,7.00,8.50,7.50
L5_V14,Kaidah Kebahasaan Teks Prosedur,Interaktif,AI7,Ahli_AI,8.25,6.75,8.75,8.00
L5_V14,Kaidah Kebahasaan Teks Prosedur,Interaktif,AI8,Ahli_AI,7.50,7.25,8.25,7.75
L5_V14,Kaidah Kebahasaan Teks Prosedur,Interaktif,AI9,Ahli_AI,8.00,6.50,8.00,7.25
L5_V14,Kaidah Kebahasaan Teks Prosedur,Interaktif,AI10,Ahli_AI,7.75,7.00,8.50,7.50
L5_V14,Kaidah Kebahasaan Teks Prosedur,Interaktif,AI11,Ahli_AI,8.25,6.75,8.75,8.00
L5_V14,Kaidah Kebahasaan Teks Prosedur,Interaktif,AI12,Ahli_AI,7.50,7.25,8.25,7.75
L5_V15,Kaidah Kebahasaan Teks Prosedur,Analitis,Guru1,Guru_Bahasa,7.50,7.50,7.00,8.00
L5_V15,Kaidah Kebahasaan Teks Prosedur,Analitis,Guru2,Guru_Bahasa,7.75,7.25,7.25,8.25
L5_V15,Kaidah Kebahasaan Teks Prosedur,Analitis,Guru3,Guru_Bahasa,7.25,7.75,6.75,7.75
L5_V15,Kaidah Kebahasaan Teks Prosedur,Analitis,Guru4,Guru_Bahasa,7.00,7.50,7.00,8.00
L5_V15,Kaidah Kebahasaan Teks Prosedur,Analitis,Guru5,Guru_Bahasa,7.50,7.00,6.50,7.50
L5_V15,Kaidah Kebahasaan Teks Prosedur,Analitis,Guru6,Guru_Bahasa,7.75,7.25,7.25,8.25
L5_V15,Kaidah Kebahasaan Teks Prosedur,Analitis,Guru7,Guru_Bahasa,7.25,7.75,6.75,7.75
L5_V15,Kaidah Kebahasaan Teks Prosedur,Analitis,Guru8,Guru_Bahasa,7.00,7.50,7.00,8.00
L5_V15,Kaidah Kebahasaan Teks Prosedur,Analitis,Guru9,Guru_Bahasa,7.50,7.00,6.50,7.50
L5_V15,Kaidah Kebahasaan Teks Prosedur,Analitis,AI1,Ahli_AI,8.00,8.00,7.50,8.50
L5_V15,Kaidah Kebahasaan Teks Prosedur,Analitis,AI2,Ahli_AI,7.75,7.75,7.75,8.75
L5_V15,Kaidah Kebahasaan Teks Prosedur,Analitis,AI3,Ahli_AI,8.25,8.25,7.25,9.00
L5_V15,Kaidah Kebahasaan Teks Prosedur,Analitis,AI4,Ahli_AI,7.50,7.75,7.50,8.50
L5_V15,Kaidah Kebahasaan Teks Prosedur,Analitis,AI5,Ahli_AI,8.00,7.50,7.00,8.00
L5_V15,Kaidah Kebahasaan Teks Prosedur,Analitis,AI6,Ahli_AI,7.75,8.00,7.75,8.50
L5_V15,Kaidah Kebahasaan Teks Prosedur,Analitis,AI7,Ahli_AI,8.25,8.25,7.25,9.00
L5_V15,Kaidah Kebahasaan Teks Prosedur,Analitis,AI8,Ahli_AI,7.50,7.75,7.50,8.50
L5_V15,Kaidah Kebahasaan Teks Prosedur,Analitis,AI9,Ahli_AI,8.00,7.50,7.00,8.00
L5_V15,Kaidah Kebahasaan Teks Prosedur,Analitis,AI10,Ahli_AI,7.75,8.00,7.75,8.50
L5_V15,Kaidah Kebahasaan Teks Prosedur,Analitis,AI11,Ahli_AI,8.25,8.25,7.25,9.00
L5_V15,Kaidah Kebahasaan Teks Prosedur,Analitis,AI12,Ahli_AI,7.50,7.75,7.50,8.50
L5_V16,Jenis-Jenis Teks Prosedur,Teori,Guru1,Guru_Bahasa,7.50,8.00,6.50,7.00
L5_V16,Jenis-Jenis Teks Prosedur,Teori,Guru2,Guru_Bahasa,7.75,7.75,6.75,7.25
L5_V16,Jenis-Jenis Teks Prosedur,Teori,Guru3,Guru_Bahasa,7.25,8.25,6.25,6.75
L5_V16,Jenis-Jenis Teks Prosedur,Teori,Guru4,Guru_Bahasa,7.00,8.00,6.50,7.00
L5_V16,Jenis-Jenis Teks Prosedur,Teori,Guru5,Guru_Bahasa,7.50,7.50,6.00,6.50
L5_V16,Jenis-Jenis Teks Prosedur,Teori,Guru6,Guru_Bahasa,7.75,7.75,6.75,7.25
L5_V16,Jenis-Jenis Teks Prosedur,Teori,Guru7,Guru_Bahasa,7.25,8.25,6.25,6.75
L5_V16,Jenis-Jenis Teks Prosedur,Teori,Guru8,Guru_Bahasa,7.00,8.00,6.50,7.00
L5_V16,Jenis-Jenis Teks Prosedur,Teori,Guru9,Guru_Bahasa,7.50,7.50,6.00,6.50
L5_V16,Jenis-Jenis Teks Prosedur,Teori,AI1,Ahli_AI,8.00,8.50,7.00,7.50
L5_V16,Jenis-Jenis Teks Prosedur,Teori,AI2,Ahli_AI,7.75,8.25,7.25,7.75
L5_V16,Jenis-Jenis Teks Prosedur,Teori,AI3,Ahli_AI,8.25,8.75,6.75,8.00
L5_V16,Jenis-Jenis Teks Prosedur,Teori,AI4,Ahli_AI,7.50,8.25,7.00,7.50
L5_V16,Jenis-Jenis Teks Prosedur,Teori,AI5,Ahli_AI,8.00,8.00,6.50,7.25
L5_V16,Jenis-Jenis Teks Prosedur,Teori,AI6,Ahli_AI,7.75,8.50,7.25,7.75
L5_V16,Jenis-Jenis Teks Prosedur,Teori,AI7,Ahli_AI,8.25,8.75,6.75,8.00
L5_V16,Jenis-Jenis Teks Prosedur,Teori,AI8,Ahli_AI,7.50,8.25,7.00,7.50
L5_V16,Jenis-Jenis Teks Prosedur,Teori,AI9,Ahli_AI,8.00,8.00,6.50,7.25
L5_V16,Jenis-Jenis Teks Prosedur,Teori,AI10,Ahli_AI,7.75,8.50,7.25,7.75
L5_V16,Jenis-Jenis Teks Prosedur,Teori,AI11,Ahli_AI,8.25,8.75,6.75,8.00
L5_V16,Jenis-Jenis Teks Prosedur,Teori,AI12,Ahli_AI,7.50,8.25,7.00,7.50
L5_V17,Jenis-Jenis Teks Prosedur,Aplikasi,Guru1,Guru_Bahasa,8.00,8.00,8.50,8.00
L5_V17,Jenis-Jenis Teks Prosedur,Aplikasi,Guru2,Guru_Bahasa,8.25,8.25,8.75,8.25
L5_V17,Jenis-Jenis Teks Prosedur,Aplikasi,Guru3,Guru_Bahasa,7.75,7.75,8.25,7.75
L5_V17,Jenis-Jenis Teks Prosedur,Aplikasi,Guru4,Guru_Bahasa,7.50,8.00,8.50,8.00
L5_V17,Jenis-Jenis Teks Prosedur,Aplikasi,Guru5,Guru_Bahasa,8.00,7.50,8.00,7.50
L5_V17,Jenis-Jenis Teks Prosedur,Aplikasi,Guru6,Guru_Bahasa,8.25,8.25,8.75,8.25
L5_V17,Jenis-Jenis Teks Prosedur,Aplikasi,Guru7,Guru_Bahasa,7.75,7.75,8.25,7.75
L5_V17,Jenis-Jenis Teks Prosedur,Aplikasi,Guru8,Guru_Bahasa,7.50,8.00,8.50,8.00
L5_V17,Jenis-Jenis Teks Prosedur,Aplikasi,Guru9,Guru_Bahasa,8.00,7.50,8.00,7.50
L5_V17,Jenis-Jenis Teks Prosedur,Aplikasi,AI1,Ahli_AI,8.50,8.50,9.00,8.50
L5_V17,Jenis-Jenis Teks Prosedur,Aplikasi,AI2,Ahli_AI,8.25,8.75,8.75,8.75
L5_V17,Jenis-Jenis Teks Prosedur,Aplikasi,AI3,Ahli_AI,8.75,8.25,9.25,9.00
L5_V17,Jenis-Jenis Teks Prosedur,Aplikasi,AI4,Ahli_AI,8.00,8.75,8.75,8.50
L5_V17,Jenis-Jenis Teks Prosedur,Aplikasi,AI5,Ahli_AI,8.50,8.00,8.50,8.00
L5_V17,Jenis-Jenis Teks Prosedur,Aplikasi,AI6,Ahli_AI,8.25,8.50,9.00,8.75
L5_V17,Jenis-Jenis Teks Prosedur,Aplikasi,AI7,Ahli_AI,8.75,8.25,9.25,9.00
L5_V17,Jenis-Jenis Teks Prosedur,Aplikasi,AI8,Ahli_AI,8.00,8.75,8.75,8.50
L5_V17,Jenis-Jenis Teks Prosedur,Aplikasi,AI9,Ahli_AI,8.50,8.00,8.50,8.00
L5_V17,Jenis-Jenis Teks Prosedur,Aplikasi,AI10,Ahli_AI,8.25,8.50,9.00,8.75
L5_V17,Jenis-Jenis Teks Prosedur,Aplikasi,AI11,Ahli_AI,8.75,8.25,9.25,9.00
L5_V17,Jenis-Jenis Teks Prosedur,Aplikasi,AI12,Ahli_AI,8.00,8.75,8.75,8.50
L5_V18,Jenis-Jenis Teks Prosedur,Visual,Guru1,Guru_Bahasa,7.50,7.00,9.00,7.50
L5_V18,Jenis-Jenis Teks Prosedur,Visual,Guru2,Guru_Bahasa,7.75,7.25,8.75,7.75
L5_V18,Jenis-Jenis Teks Prosedur,Visual,Guru3,Guru_Bahasa,7.25,6.75,9.25,7.25
L5_V18,Jenis-Jenis Teks Prosedur,Visual,Guru4,Guru_Bahasa,7.00,7.00,9.00,7.50
L5_V18,Jenis-Jenis Teks Prosedur,Visual,Guru5,Guru_Bahasa,7.50,6.50,8.50,7.00
L5_V18,Jenis-Jenis Teks Prosedur,Visual,Guru6,Guru_Bahasa,7.75,7.25,8.75,7.75
L5_V18,Jenis-Jenis Teks Prosedur,Visual,Guru7,Guru_Bahasa,7.25,6.75,9.25,7.25
L5_V18,Jenis-Jenis Teks Prosedur,Visual,Guru8,Guru_Bahasa,7.00,7.00,9.00,7.50
L5_V18,Jenis-Jenis Teks Prosedur,Visual,Guru9,Guru_Bahasa,7.50,6.50,8.50,7.00
L5_V18,Jenis-Jenis Teks Prosedur,Visual,AI1,Ahli_AI,8.00,7.50,9.50,8.00
L5_V18,Jenis-Jenis Teks Prosedur,Visual,AI2,Ahli_AI,7.75,7.75,9.25,8.25
L5_V18,Jenis-Jenis Teks Prosedur,Visual,AI3,Ahli_AI,8.25,7.25,9.75,8.50
L5_V18,Jenis-Jenis Teks Prosedur,Visual,AI4,Ahli_AI,7.50,7.75,9.25,8.00
L5_V18,Jenis-Jenis Teks Prosedur,Visual,AI5,Ahli_AI,8.00,7.00,9.00,7.75
L5_V18,Jenis-Jenis Teks Prosedur,Visual,AI6,Ahli_AI,7.75,7.50,9.50,8.00
L5_V18,Jenis-Jenis Teks Prosedur,Visual,AI7,Ahli_AI,8.25,7.25,9.75,8.50
L5_V18,Jenis-Jenis Teks Prosedur,Visual,AI8,Ahli_AI,7.50,7.50,9.25,8.00
L5_V18,Jenis-Jenis Teks Prosedur,Visual,AI9,Ahli_AI,8.00,7.00,9.00,7.75
L5_V18,Jenis-Jenis Teks Prosedur,Visual,AI10,Ahli_AI,7.75,7.75,9.50,8.25
L5_V18,Jenis-Jenis Teks Prosedur,Visual,AI11,Ahli_AI,8.25,7.25,9.75,8.50
L5_V18,Jenis-Jenis Teks Prosedur,Visual,AI12,Ahli_AI,7.50,7.50,9.25,8.00
L5_V19,Jenis-Jenis Teks Prosedur,Interaktif,Guru1,Guru_Bahasa,7.50,7.00,8.00,7.00
L5_V19,Jenis-Jenis Teks Prosedur,Interaktif,Guru2,Guru_Bahasa,7.75,7.25,8.25,7.25
L5_V19,Jenis-Jenis Teks Prosedur,Interaktif,Guru3,Guru_Bahasa,7.25,6.75,7.75,6.75
L5_V19,Jenis-Jenis Teks Prosedur,Interaktif,Guru4,Guru_Bahasa,7.00,7.00,8.00,7.00
L5_V19,Jenis-Jenis Teks Prosedur,Interaktif,Guru5,Guru_Bahasa,7.50,6.50,7.50,6.50
L5_V19,Jenis-Jenis Teks Prosedur,Interaktif,Guru6,Guru_Bahasa,7.75,7.25,8.25,7.25
L5_V19,Jenis-Jenis Teks Prosedur,Interaktif,Guru7,Guru_Bahasa,7.25,6.75,7.75,6.75
L5_V19,Jenis-Jenis Teks Prosedur,Interaktif,Guru8,Guru_Bahasa,7.00,7.00,8.00,7.00
L5_V19,Jenis-Jenis Teks Prosedur,Interaktif,Guru9,Guru_Bahasa,7.50,6.50,7.50,6.50
L5_V19,Jenis-Jenis Teks Prosedur,Interaktif,AI1,Ahli_AI,8.00,7.00,8.50,7.50
L5_V19,Jenis-Jenis Teks Prosedur,Interaktif,AI2,Ahli_AI,7.75,7.25,8.25,7.75
L5_V19,Jenis-Jenis Teks Prosedur,Interaktif,AI3,Ahli_AI,8.25,6.75,8.75,8.00
L5_V19,Jenis-Jenis Teks Prosedur,Interaktif,AI4,Ahli_AI,7.50,7.25,8.25,7.75
L5_V19,Jenis-Jenis Teks Prosedur,Interaktif,AI5,Ahli_AI,8.00,6.50,8.00,7.25
L5_V19,Jenis-Jenis Teks Prosedur,Interaktif,AI6,Ahli_AI,7.75,7.00,8.50,7.50
L5_V19,Jenis-Jenis Teks Prosedur,Interaktif,AI7,Ahli_AI,8.25,6.75,8.75,8.00
L5_V19,Jenis-Jenis Teks Prosedur,Interaktif,AI8,Ahli_AI,7.50,7.25,8.25,7.75
L5_V19,Jenis-Jenis Teks Prosedur,Interaktif,AI9,Ahli_AI,8.00,6.50,8.00,7.25
L5_V19,Jenis-Jenis Teks Prosedur,Interaktif,AI10,Ahli_AI,7.75,7.00,8.50,7.50
L5_V19,Jenis-Jenis Teks Prosedur,Interaktif,AI11,Ahli_AI,8.25,6.75,8.75,8.00
L5_V19,Jenis-Jenis Teks Prosedur,Interaktif,AI12,Ahli_AI,7.50,7.25,8.25,7.75
L5_V20,Jenis-Jenis Teks Prosedur,Analitis,Guru1,Guru_Bahasa,7.50,7.50,7.00,8.00
L5_V20,Jenis-Jenis Teks Prosedur,Analitis,Guru2,Guru_Bahasa,7.75,7.25,7.25,8.25
L5_V20,Jenis-Jenis Teks Prosedur,Analitis,Guru3,Guru_Bahasa,7.25,7.75,6.75,7.75
L5_V20,Jenis-Jenis Teks Prosedur,Analitis,Guru4,Guru_Bahasa,7.00,7.50,7.00,8.00
L5_V20,Jenis-Jenis Teks Prosedur,Analitis,Guru5,Guru_Bahasa,7.50,7.00,6.50,7.50
L5_V20,Jenis-Jenis Teks Prosedur,Analitis,Guru6,Guru_Bahasa,7.75,7.25,7.25,8.25
L5_V20,Jenis-Jenis Teks Prosedur,Analitis,Guru7,Guru_Bahasa,7.25,7.75,6.75,7.75
L5_V20,Jenis-Jenis Teks Prosedur,Analitis,Guru8,Guru_Bahasa,7.00,7.50,7.00,8.00
L5_V20,Jenis-Jenis Teks Prosedur,Analitis,Guru9,Guru_Bahasa,7.50,7.00,6.50,7.50
L5_V20,Jenis-Jenis Teks Prosedur,Analitis,AI1,Ahli_AI,8.00,8.00,7.50,8.50
L5_V20,Jenis-Jenis Teks Prosedur,Analitis,AI2,Ahli_AI,7.75,7.75,7.75,8.75
L5_V20,Jenis-Jenis Teks Prosedur,Analitis,AI3,Ahli_AI,8.25,8.25,7.25,9.00
L5_V20,Jenis-Jenis Teks Prosedur,Analitis,AI4,Ahli_AI,7.50,7.75,7.50,8.50
L5_V20,Jenis-Jenis Teks Prosedur,Analitis,AI5,Ahli_AI,8.00,7.50,7.00,8.00
L5_V20,Jenis-Jenis Teks Prosedur,Analitis,AI6,Ahli_AI,7.75,8.00,7.75,8.50
L5_V20,Jenis-Jenis Teks Prosedur,Analitis,AI7,Ahli_AI,8.25,8.25,7.25,9.00
L5_V20,Jenis-Jenis Teks Prosedur,Analitis,AI8,Ahli_AI,7.50,7.75,7.50,8.50
L5_V20,Jenis-Jenis Teks Prosedur,Analitis,AI9,Ahli_AI,8.00,7.50,7.00,8.00
L5_V20,Jenis-Jenis Teks Prosedur,Analitis,AI10,Ahli_AI,7.75,8.00,7.75,8.50
L5_V20,Jenis-Jenis Teks Prosedur,Analitis,AI11,Ahli_AI,8.25,8.25,7.25,9.00
L5_V20,Jenis-Jenis Teks Prosedur,Analitis,AI12,Ahli_AI,7.50,7.75,7.50,8.50
N1_V1,Pengenalan Statistika,Teori,Guru1,Guru_Matematika,7.50,8.00,6.50,7.00
N1_V1,Pengenalan Statistika,Teori,Guru2,Guru_Matematika,7.75,7.75,6.75,7.25
N1_V1,Pengenalan Statistika,Teori,Guru3,Guru_Matematika,7.25,8.25,6.25,6.75
N1_V1,Pengenalan Statistika,Teori,Guru4,Guru_Matematika,7.00,8.00,6.50,7.00
N1_V1,Pengenalan Statistika,Teori,Guru5,Guru_Matematika,7.50,7.50,6.00,6.50
N1_V1,Pengenalan Statistika,Teori,Guru6,Guru_Matematika,7.75,7.75,6.75,7.25
N1_V1,Pengenalan Statistika,Teori,Guru7,Guru_Matematika,7.25,8.25,6.25,6.75
N1_V1,Pengenalan Statistika,Teori,Guru8,Guru_Matematika,7.00,8.00,6.50,7.00
N1_V1,Pengenalan Statistika,Teori,Guru9,Guru_Matematika,7.50,7.50,6.00,6.50
N1_V1,Pengenalan Statistika,Teori,AI1,Ahli_AI,8.00,8.50,7.00,7.50
N1_V1,Pengenalan Statistika,Teori,AI2,Ahli_AI,7.75,8.25,7.25,7.75
N1_V1,Pengenalan Statistika,Teori,AI3,Ahli_AI,8.25,8.75,6.75,8.00
N1_V1,Pengenalan Statistika,Teori,AI4,Ahli_AI,7.50,8.25,7.00,7.50
N1_V1,Pengenalan Statistika,Teori,AI5,Ahli_AI,8.00,8.00,6.50,7.25
N1_V1,Pengenalan Statistika,Teori,AI6,Ahli_AI,7.75,8.50,7.25,7.75
N1_V1,Pengenalan Statistika,Teori,AI7,Ahli_AI,8.25,8.75,6.75,8.00
N1_V1,Pengenalan Statistika,Teori,AI8,Ahli_AI,7.50,8.25,7.00,7.50
N1_V1,Pengenalan Statistika,Teori,AI9,Ahli_AI,8.00,8.00,6.50,7.25
N1_V1,Pengenalan Statistika,Teori,AI10,Ahli_AI,7.75,8.50,7.25,7.75
N1_V1,Pengenalan Statistika,Teori,AI11,Ahli_AI,8.25,8.75,6.75,8.00
N1_V1,Pengenalan Statistika,Teori,AI12,Ahli_AI,7.50,8.25,7.00,7.50
N1_V2,Pengenalan Statistika,Aplikasi,Guru1,Guru_Matematika,8.50,8.00,8.50,8.00
N1_V2,Pengenalan Statistika,Aplikasi,Guru2,Guru_Matematika,8.75,8.25,8.75,8.25
N1_V2,Pengenalan Statistika,Aplikasi,Guru3,Guru_Matematika,8.25,7.75,8.25,7.75
N1_V2,Pengenalan Statistika,Aplikasi,Guru4,Guru_Matematika,8.00,8.00,8.50,8.00
N1_V2,Pengenalan Statistika,Aplikasi,Guru5,Guru_Matematika,8.50,7.50,8.00,7.50
N1_V2,Pengenalan Statistika,Aplikasi,Guru6,Guru_Matematika,8.75,8.25,8.75,8.25
N1_V2,Pengenalan Statistika,Aplikasi,Guru7,Guru_Matematika,8.25,7.75,8.25,7.75
N1_V2,Pengenalan Statistika,Aplikasi,Guru8,Guru_Matematika,8.00,8.00,8.50,8.00
N1_V2,Pengenalan Statistika,Aplikasi,Guru9,Guru_Matematika,8.50,7.50,8.00,7.50
N1_V2,Pengenalan Statistika,Aplikasi,AI1,Ahli_AI,9.00,8.50,9.00,8.50
N1_V2,Pengenalan Statistika,Aplikasi,AI2,Ahli_AI,8.75,8.75,8.75,8.75
N1_V2,Pengenalan Statistika,Aplikasi,AI3,Ahli_AI,9.25,8.25,9.25,9.00
N1_V2,Pengenalan Statistika,Aplikasi,AI4,Ahli_AI,8.50,8.75,8.75,8.50
N1_V2,Pengenalan Statistika,Aplikasi,AI5,Ahli_AI,9.00,8.00,8.50,8.00
N1_V2,Pengenalan Statistika,Aplikasi,AI6,Ahli_AI,8.75,8.50,9.00,8.75
N1_V2,Pengenalan Statistika,Aplikasi,AI7,Ahli_AI,9.25,8.25,9.25,9.00
N1_V2,Pengenalan Statistika,Aplikasi,AI8,Ahli_AI,8.50,8.75,8.75,8.50
N1_V2,Pengenalan Statistika,Aplikasi,AI9,Ahli_AI,9.00,8.00,8.50,8.00
N1_V2,Pengenalan Statistika,Aplikasi,AI10,Ahli_AI,8.75,8.50,9.00,8.75
N1_V2,Pengenalan Statistika,Aplikasi,AI11,Ahli_AI,9.25,8.25,9.25,9.00
N1_V2,Pengenalan Statistika,Aplikasi,AI12,Ahli_AI,8.50,8.75,8.75,8.50
N1_V3,Pengenalan Statistika,Visual,Guru1,Guru_Matematika,8.00,7.50,9.00,7.50
N1_V3,Pengenalan Statistika,Visual,Guru2,Guru_Matematika,8.25,7.75,8.75,7.75
N1_V3,Pengenalan Statistika,Visual,Guru3,Guru_Matematika,7.75,7.25,9.25,7.25
N1_V3,Pengenalan Statistika,Visual,Guru4,Guru_Matematika,7.50,7.50,9.00,7.50
N1_V3,Pengenalan Statistika,Visual,Guru5,Guru_Matematika,8.00,7.00,8.50,7.00
N1_V3,Pengenalan Statistika,Visual,Guru6,Guru_Matematika,8.25,7.75,8.75,7.75
N1_V3,Pengenalan Statistika,Visual,Guru7,Guru_Matematika,7.75,7.25,9.25,7.25
N1_V3,Pengenalan Statistika,Visual,Guru8,Guru_Matematika,7.50,7.50,9.00,7.50
N1_V3,Pengenalan Statistika,Visual,Guru9,Guru_Matematika,8.00,7.00,8.50,7.00
N1_V3,Pengenalan Statistika,Visual,AI1,Ahli_AI,8.50,7.50,9.50,8.00
N1_V3,Pengenalan Statistika,Visual,AI2,Ahli_AI,8.25,7.75,9.25,8.25
N1_V3,Pengenalan Statistika,Visual,AI3,Ahli_AI,8.75,7.25,9.75,8.50
N1_V3,Pengenalan Statistika,Visual,AI4,Ahli_AI,8.00,7.75,9.25,8.00
N1_V3,Pengenalan Statistika,Visual,AI5,Ahli_AI,8.50,7.00,9.00,7.75
N1_V3,Pengenalan Statistika,Visual,AI6,Ahli_AI,8.25,7.50,9.50,8.00
N1_V3,Pengenalan Statistika,Visual,AI7,Ahli_AI,8.75,7.25,9.75,8.50
N1_V3,Pengenalan Statistika,Visual,AI8,Ahli_AI,8.00,7.50,9.25,8.00
N1_V3,Pengenalan Statistika,Visual,AI9,Ahli_AI,8.50,7.00,9.00,7.75
N1_V3,Pengenalan Statistika,Visual,AI10,Ahli_AI,8.25,7.75,9.50,8.25
N1_V3,Pengenalan Statistika,Visual,AI11,Ahli_AI,8.75,7.25,9.75,8.50
N1_V3,Pengenalan Statistika,Visual,AI12,Ahli_AI,8.00,7.50,9.25,8.00
N1_V4,Pengenalan Statistika,Interaktif,Guru1,Guru_Matematika,7.50,7.00,8.00,7.00
N1_V4,Pengenalan Statistika,Interaktif,Guru2,Guru_Matematika,7.75,7.25,8.25,7.25
N1_V4,Pengenalan Statistika,Interaktif,Guru3,Guru_Matematika,7.25,6.75,7.75,6.75
N1_V4,Pengenalan Statistika,Interaktif,Guru4,Guru_Matematika,7.00,7.00,8.00,7.00
N1_V4,Pengenalan Statistika,Interaktif,Guru5,Guru_Matematika,7.50,6.50,7.50,6.50
N1_V4,Pengenalan Statistika,Interaktif,Guru6,Guru_Matematika,7.75,7.25,8.25,7.25
N1_V4,Pengenalan Statistika,Interaktif,Guru7,Guru_Matematika,7.25,6.75,7.75,6.75
N1_V4,Pengenalan Statistika,Interaktif,Guru8,Guru_Matematika,7.00,7.00,8.00,7.00
N1_V4,Pengenalan Statistika,Interaktif,Guru9,Guru_Matematika,7.50,6.50,7.50,6.50
N1_V4,Pengenalan Statistika,Interaktif,AI1,Ahli_AI,8.00,7.00,8.50,7.50
N1_V4,Pengenalan Statistika,Interaktif,AI2,Ahli_AI,7.75,7.25,8.25,7.75
N1_V4,Pengenalan Statistika,Interaktif,AI3,Ahli_AI,8.25,6.75,8.75,8.00
N1_V4,Pengenalan Statistika,Interaktif,AI4,Ahli_AI,7.50,7.25,8.25,7.75
N1_V4,Pengenalan Statistika,Interaktif,AI5,Ahli_AI,8.00,6.50,8.00,7.25
N1_V4,Pengenalan Statistika,Interaktif,AI6,Ahli_AI,7.75,7.00,8.50,7.50
N1_V4,Pengenalan Statistika,Interaktif,AI7,Ahli_AI,8.25,6.75,8.75,8.00
N1_V4,Pengenalan Statistika,Interaktif,AI8,Ahli_AI,7.50,7.25,8.25,7.75
N1_V4,Pengenalan Statistika,Interaktif,AI9,Ahli_AI,8.00,6.50,8.00,7.25
N1_V4,Pengenalan Statistika,Interaktif,AI10,Ahli_AI,7.75,7.00,8.50,7.50
N1_V4,Pengenalan Statistika,Interaktif,AI11,Ahli_AI,8.25,6.75,8.75,8.00
N1_V4,Pengenalan Statistika,Interaktif,AI12,Ahli_AI,7.50,7.25,8.25,7.75
N1_V5,Pengenalan Statistika,Analitis,Guru1,Guru_Matematika,8.00,8.00,7.00,8.00
N1_V5,Pengenalan Statistika,Analitis,Guru2,Guru_Matematika,8.25,7.75,7.25,8.25
N1_V5,Pengenalan Statistika,Analitis,Guru3,Guru_Matematika,7.75,8.25,6.75,7.75
N1_V5,Pengenalan Statistika,Analitis,Guru4,Guru_Matematika,7.50,8.00,7.00,8.00
N1_V5,Pengenalan Statistika,Analitis,Guru5,Guru_Matematika,8.00,7.50,6.50,7.50
N1_V5,Pengenalan Statistika,Analitis,Guru6,Guru_Matematika,8.25,7.75,7.25,8.25
N1_V5,Pengenalan Statistika,Analitis,Guru7,Guru_Matematika,7.75,8.25,6.75,7.75
N1_V5,Pengenalan Statistika,Analitis,Guru8,Guru_Matematika,7.50,8.00,7.00,8.00
N1_V5,Pengenalan Statistika,Analitis,Guru9,Guru_Matematika,8.00,7.50,6.50,7.50
N1_V5,Pengenalan Statistika,Analitis,AI1,Ahli_AI,8.50,8.50,7.50,8.50
N1_V5,Pengenalan Statistika,Analitis,AI2,Ahli_AI,8.25,8.25,7.75,8.75
N1_V5,Pengenalan Statistika,Analitis,AI3,Ahli_AI,8.75,8.75,7.25,9.00
N1_V5,Pengenalan Statistika,Analitis,AI4,Ahli_AI,8.00,8.25,7.50,8.50
N1_V5,Pengenalan Statistika,Analitis,AI5,Ahli_AI,8.50,8.00,7.00,8.00
N1_V5,Pengenalan Statistika,Analitis,AI6,Ahli_AI,8.25,8.50,7.75,8.50
N1_V5,Pengenalan Statistika,Analitis,AI7,Ahli_AI,8.75,8.75,7.25,9.00
N1_V5,Pengenalan Statistika,Analitis,AI8,Ahli_AI,8.00,8.25,7.50,8.50
N1_V5,Pengenalan Statistika,Analitis,AI9,Ahli_AI,8.50,8.00,7.00,8.00
N1_V5,Pengenalan Statistika,Analitis,AI10,Ahli_AI,8.25,8.50,7.75,8.50
N1_V5,Pengenalan Statistika,Analitis,AI11,Ahli_AI,8.75,8.75,7.25,9.00
N1_V5,Pengenalan Statistika,Analitis,AI12,Ahli_AI,8.00,8.25,7.50,8.50
N1_V6,Statistika Deskriptif Bag.1,Teori,Guru1,Guru_Matematika,9.00,9.00,7.50,8.50
N1_V6,Statistika Deskriptif Bag.1,Teori,Guru2,Guru_Matematika,9.25,8.75,7.75,8.75
N1_V6,Statistika Deskriptif Bag.1,Teori,Guru3,Guru_Matematika,8.75,9.25,7.25,8.25
N1_V6,Statistika Deskriptif Bag.1,Teori,Guru4,Guru_Matematika,8.50,9.00,7.50,8.50
N1_V6,Statistika Deskriptif Bag.1,Teori,Guru5,Guru_Matematika,9.00,8.50,7.00,8.00
N1_V6,Statistika Deskriptif Bag.1,Teori,Guru6,Guru_Matematika,9.25,8.75,7.75,8.75
N1_V6,Statistika Deskriptif Bag.1,Teori,Guru7,Guru_Matematika,8.75,9.25,7.25,8.25
N1_V6,Statistika Deskriptif Bag.1,Teori,Guru8,Guru_Matematika,8.50,9.00,7.50,8.50
N1_V6,Statistika Deskriptif Bag.1,Teori,Guru9,Guru_Matematika,9.00,8.50,7.00,8.00
N1_V6,Statistika Deskriptif Bag.1,Teori,AI1,Ahli_AI,9.50,9.50,8.00,9.00
N1_V6,Statistika Deskriptif Bag.1,Teori,AI2,Ahli_AI,9.25,9.25,8.25,9.25
N1_V6,Statistika Deskriptif Bag.1,Teori,AI3,Ahli_AI,9.75,9.75,7.75,9.50
N1_V6,Statistika Deskriptif Bag.1,Teori,AI4,Ahli_AI,9.00,9.25,8.00,9.00
N1_V6,Statistika Deskriptif Bag.1,Teori,AI5,Ahli_AI,9.50,9.00,7.50,8.75
N1_V6,Statistika Deskriptif Bag.1,Teori,AI6,Ahli_AI,9.25,9.50,8.25,9.25
N1_V6,Statistika Deskriptif Bag.1,Teori,AI7,Ahli_AI,9.75,9.75,7.75,9.50
N1_V6,Statistika Deskriptif Bag.1,Teori,AI8,Ahli_AI,9.00,9.25,8.00,9.00
N1_V6,Statistika Deskriptif Bag.1,Teori,AI9,Ahli_AI,9.50,9.00,7.50,8.75
N1_V6,Statistika Deskriptif Bag.1,Teori,AI10,Ahli_AI,9.25,9.50,8.25,9.25
N1_V6,Statistika Deskriptif Bag.1,Teori,AI11,Ahli_AI,9.75,9.75,7.75,9.50
N1_V6,Statistika Deskriptif Bag.1,Teori,AI12,Ahli_AI,9.00,9.25,8.00,9.00
N1_V7,Statistika Deskriptif Bag.1,Aplikasi,Guru1,Guru_Matematika,8.50,8.00,8.50,8.50
N1_V7,Statistika Deskriptif Bag.1,Aplikasi,Guru2,Guru_Matematika,8.75,8.25,8.75,8.75
N1_V7,Statistika Deskriptif Bag.1,Aplikasi,Guru3,Guru_Matematika,8.25,7.75,8.25,8.25
N1_V7,Statistika Deskriptif Bag.1,Aplikasi,Guru4,Guru_Matematika,8.00,8.00,8.50,8.50
N1_V7,Statistika Deskriptif Bag.1,Aplikasi,Guru5,Guru_Matematika,8.50,7.50,8.00,8.00
N1_V7,Statistika Deskriptif Bag.1,Aplikasi,Guru6,Guru_Matematika,8.75,8.25,8.75,8.75
N1_V7,Statistika Deskriptif Bag.1,Aplikasi,Guru7,Guru_Matematika,8.25,7.75,8.25,8.25
N1_V7,Statistika Deskriptif Bag.1,Aplikasi,Guru8,Guru_Matematika,8.00,8.00,8.50,8.50
N1_V7,Statistika Deskriptif Bag.1,Aplikasi,Guru9,Guru_Matematika,8.50,7.50,8.00,8.00
N1_V7,Statistika Deskriptif Bag.1,Aplikasi,AI1,Ahli_AI,9.00,8.50,9.00,9.00
N1_V7,Statistika Deskriptif Bag.1,Aplikasi,AI2,Ahli_AI,8.75,8.75,8.75,8.75
N1_V7,Statistika Deskriptif Bag.1,Aplikasi,AI3,Ahli_AI,9.25,8.25,9.25,9.25
N1_V7,Statistika Deskriptif Bag.1,Aplikasi,AI4,Ahli_AI,8.50,8.75,8.75,8.75
N1_V7,Statistika Deskriptif Bag.1,Aplikasi,AI5,Ahli_AI,9.00,8.00,8.50,8.50
N1_V7,Statistika Deskriptif Bag.1,Aplikasi,AI6,Ahli_AI,8.75,8.50,9.00,9.00
N1_V7,Statistika Deskriptif Bag.1,Aplikasi,AI7,Ahli_AI,9.25,8.25,9.25,9.25
N1_V7,Statistika Deskriptif Bag.1,Aplikasi,AI8,Ahli_AI,8.50,8.75,8.75,8.75
N1_V7,Statistika Deskriptif Bag.1,Aplikasi,AI9,Ahli_AI,9.00,8.00,8.50,8.50
N1_V7,Statistika Deskriptif Bag.1,Aplikasi,AI10,Ahli_AI,8.75,8.50,9.00,9.00
N1_V7,Statistika Deskriptif Bag.1,Aplikasi,AI11,Ahli_AI,9.25,8.25,9.25,9.25
N1_V7,Statistika Deskriptif Bag.1,Aplikasi,AI12,Ahli_AI,8.50,8.75,8.75,8.75
N1_V8,Statistika Deskriptif Bag.1,Visual,Guru1,Guru_Matematika,7.50,7.00,9.00,7.50
N1_V8,Statistika Deskriptif Bag.1,Visual,Guru2,Guru_Matematika,7.75,7.25,8.75,7.75
N1_V8,Statistika Deskriptif Bag.1,Visual,Guru3,Guru_Matematika,7.25,6.75,9.25,7.25
N1_V8,Statistika Deskriptif Bag.1,Visual,Guru4,Guru_Matematika,7.00,7.00,9.00,7.50
N1_V8,Statistika Deskriptif Bag.1,Visual,Guru5,Guru_Matematika,7.50,6.50,8.50,7.00
N1_V8,Statistika Deskriptif Bag.1,Visual,Guru6,Guru_Matematika,7.75,7.25,8.75,7.75
N1_V8,Statistika Deskriptif Bag.1,Visual,Guru7,Guru_Matematika,7.25,6.75,9.25,7.25
N1_V8,Statistika Deskriptif Bag.1,Visual,Guru8,Guru_Matematika,7.00,7.00,9.00,7.50
N1_V8,Statistika Deskriptif Bag.1,Visual,Guru9,Guru_Matematika,7.50,6.50,8.50,7.00
N1_V8,Statistika Deskriptif Bag.1,Visual,AI1,Ahli_AI,8.00,7.50,9.50,8.00
N1_V8,Statistika Deskriptif Bag.1,Visual,AI2,Ahli_AI,7.75,7.75,9.25,8.25
N1_V8,Statistika Deskriptif Bag.1,Visual,AI3,Ahli_AI,8.25,7.25,9.75,8.50
N1_V8,Statistika Deskriptif Bag.1,Visual,AI4,Ahli_AI,7.50,7.75,9.25,8.00
N1_V8,Statistika Deskriptif Bag.1,Visual,AI5,Ahli_AI,8.00,7.00,9.00,7.75
N1_V8,Statistika Deskriptif Bag.1,Visual,AI6,Ahli_AI,7.75,7.50,9.50,8.00
N1_V8,Statistika Deskriptif Bag.1,Visual,AI7,Ahli_AI,8.25,7.25,9.75,8.50
N1_V8,Statistika Deskriptif Bag.1,Visual,AI8,Ahli_AI,7.50,7.50,9.25,8.00
N1_V8,Statistika Deskriptif Bag.1,Visual,AI9,Ahli_AI,8.00,7.00,9.00,7.75
N1_V8,Statistika Deskriptif Bag.1,Visual,AI10,Ahli_AI,7.75,7.75,9.50,8.25
N1_V8,Statistika Deskriptif Bag.1,Visual,AI11,Ahli_AI,8.25,7.25,9.75,8.50
N1_V8,Statistika Deskriptif Bag.1,Visual,AI12,Ahli_AI,7.50,7.50,9.25,8.00
N1_V9,Statistika Deskriptif Bag.1,Interaktif,Guru1,Guru_Matematika,7.50,7.00,8.00,7.00
N1_V9,Statistika Deskriptif Bag.1,Interaktif,Guru2,Guru_Matematika,7.75,7.25,8.25,7.25
N1_V9,Statistika Deskriptif Bag.1,Interaktif,Guru3,Guru_Matematika,7.25,6.75,7.75,6.75
N1_V9,Statistika Deskriptif Bag.1,Interaktif,Guru4,Guru_Matematika,7.00,7.00,8.00,7.00
N1_V9,Statistika Deskriptif Bag.1,Interaktif,Guru5,Guru_Matematika,7.50,6.50,7.50,6.50
N1_V9,Statistika Deskriptif Bag.1,Interaktif,Guru6,Guru_Matematika,7.75,7.25,8.25,7.25
N1_V9,Statistika Deskriptif Bag.1,Interaktif,Guru7,Guru_Matematika,7.25,6.75,7.75,6.75
N1_V9,Statistika Deskriptif Bag.1,Interaktif,Guru8,Guru_Matematika,7.00,7.00,8.00,7.00
N1_V9,Statistika Deskriptif Bag.1,Interaktif,Guru9,Guru_Matematika,7.50,6.50,7.50,6.50
N1_V9,Statistika Deskriptif Bag.1,Interaktif,AI1,Ahli_AI,8.00,7.00,8.50,7.50
N1_V9,Statistika Deskriptif Bag.1,Interaktif,AI2,Ahli_AI,7.75,7.25,8.25,7.75
N1_V9,Statistika Deskriptif Bag.1,Interaktif,AI3,Ahli_AI,8.25,6.75,8.75,8.00
N1_V9,Statistika Deskriptif Bag.1,Interaktif,AI4,Ahli_AI,7.50,7.25,8.25,7.75
N1_V9,Statistika Deskriptif Bag.1,Interaktif,AI5,Ahli_AI,8.00,6.50,8.00,7.25
N1_V9,Statistika Deskriptif Bag.1,Interaktif,AI6,Ahli_AI,7.75,7.00,8.50,7.50
N1_V9,Statistika Deskriptif Bag.1,Interaktif,AI7,Ahli_AI,8.25,6.75,8.75,8.00
N1_V9,Statistika Deskriptif Bag.1,Interaktif,AI8,Ahli_AI,7.50,7.25,8.25,7.75
N1_V9,Statistika Deskriptif Bag.1,Interaktif,AI9,Ahli_AI,8.00,6.50,8.00,7.25
N1_V9,Statistika Deskriptif Bag.1,Interaktif,AI10,Ahli_AI,7.75,7.00,8.50,7.50
N1_V9,Statistika Deskriptif Bag.1,Interaktif,AI11,Ahli_AI,8.25,6.75,8.75,8.00
N1_V9,Statistika Deskriptif Bag.1,Interaktif,AI12,Ahli_AI,7.50,7.25,8.25,7.75
N1_V10,Statistika Deskriptif Bag.1,Analitis,Guru1,Guru_Matematika,8.50,8.50,7.50,9.00
N1_V10,Statistika Deskriptif Bag.1,Analitis,Guru2,Guru_Matematika,8.75,8.25,7.75,9.25
N1_V10,Statistika Deskriptif Bag.1,Analitis,Guru3,Guru_Matematika,8.25,8.75,7.25,8.75
N1_V10,Statistika Deskriptif Bag.1,Analitis,Guru4,Guru_Matematika,8.00,8.50,7.50,9.00
N1_V10,Statistika Deskriptif Bag.1,Analitis,Guru5,Guru_Matematika,8.50,8.00,7.00,8.50
N1_V10,Statistika Deskriptif Bag.1,Analitis,Guru6,Guru_Matematika,8.75,8.25,7.75,9.25
N1_V10,Statistika Deskriptif Bag.1,Analitis,Guru7,Guru_Matematika,8.25,8.75,7.25,8.75
N1_V10,Statistika Deskriptif Bag.1,Analitis,Guru8,Guru_Matematika,8.00,8.50,7.50,9.00
N1_V10,Statistika Deskriptif Bag.1,Analitis,Guru9,Guru_Matematika,8.50,8.00,7.00,8.50
N1_V10,Statistika Deskriptif Bag.1,Analitis,AI1,Ahli_AI,9.00,9.00,8.00,9.50
N1_V10,Statistika Deskriptif Bag.1,Analitis,AI2,Ahli_AI,8.75,8.75,8.25,9.25
N1_V10,Statistika Deskriptif Bag.1,Analitis,AI3,Ahli_AI,9.25,9.25,7.75,9.75
N1_V10,Statistika Deskriptif Bag.1,Analitis,AI4,Ahli_AI,8.50,8.75,8.00,9.25
N1_V10,Statistika Deskriptif Bag.1,Analitis,AI5,Ahli_AI,9.00,8.50,7.50,9.00
N1_V10,Statistika Deskriptif Bag.1,Analitis,AI6,Ahli_AI,8.75,9.00,8.25,9.50
N1_V10,Statistika Deskriptif Bag.1,Analitis,AI7,Ahli_AI,9.25,9.25,7.75,9.75
N1_V10,Statistika Deskriptif Bag.1,Analitis,AI8,Ahli_AI,8.50,8.75,8.00,9.25
N1_V10,Statistika Deskriptif Bag.1,Analitis,AI9,Ahli_AI,9.00,8.50,7.50,9.00
N1_V10,Statistika Deskriptif Bag.1,Analitis,AI10,Ahli_AI,8.75,9.00,8.25,9.50
N1_V10,Statistika Deskriptif Bag.1,Analitis,AI11,Ahli_AI,9.25,9.25,7.75,9.75
N1_V10,Statistika Deskriptif Bag.1,Analitis,AI12,Ahli_AI,8.50,8.75,8.00,9.25
N1_V11,Statistika Deskriptif Bag.2,Teori,Guru1,Guru_Matematika,8.50,8.50,7.50,8.00
N1_V11,Statistika Deskriptif Bag.2,Teori,Guru2,Guru_Matematika,8.75,8.25,7.75,8.25
N1_V11,Statistika Deskriptif Bag.2,Teori,Guru3,Guru_Matematika,8.25,8.75,7.25,7.75
N1_V11,Statistika Deskriptif Bag.2,Teori,Guru4,Guru_Matematika,8.00,8.50,7.50,8.00
N1_V11,Statistika Deskriptif Bag.2,Teori,Guru5,Guru_Matematika,8.50,8.00,7.00,7.50
N1_V11,Statistika Deskriptif Bag.2,Teori,Guru6,Guru_Matematika,8.75,8.25,7.75,8.25
N1_V11,Statistika Deskriptif Bag.2,Teori,Guru7,Guru_Matematika,8.25,8.75,7.25,7.75
N1_V11,Statistika Deskriptif Bag.2,Teori,Guru8,Guru_Matematika,8.00,8.50,7.50,8.00
N1_V11,Statistika Deskriptif Bag.2,Teori,Guru9,Guru_Matematika,8.50,8.00,7.00,7.50
N1_V11,Statistika Deskriptif Bag.2,Teori,AI1,Ahli_AI,9.00,8.50,8.00,8.50
N1_V11,Statistika Deskriptif Bag.2,Teori,AI2,Ahli_AI,8.75,8.75,8.25,8.75
N1_V11,Statistika Deskriptif Bag.2,Teori,AI3,Ahli_AI,9.25,8.50,7.75,9.00
N1_V11,Statistika Deskriptif Bag.2,Teori,AI4,Ahli_AI,8.50,8.75,8.00,8.50
N1_V11,Statistika Deskriptif Bag.2,Teori,AI5,Ahli_AI,9.00,8.25,7.50,8.25
N1_V11,Statistika Deskriptif Bag.2,Teori,AI6,Ahli_AI,8.75,8.50,8.25,8.75
N1_V11,Statistika Deskriptif Bag.2,Teori,AI7,Ahli_AI,9.25,8.75,7.75,9.00
N1_V11,Statistika Deskriptif Bag.2,Teori,AI8,Ahli_AI,8.50,8.50,8.00,8.50
N1_V11,Statistika Deskriptif Bag.2,Teori,AI9,Ahli_AI,9.00,8.25,7.50,8.25
N1_V11,Statistika Deskriptif Bag.2,Teori,AI10,Ahli_AI,8.75,8.75,8.25,8.75
N1_V11,Statistika Deskriptif Bag.2,Teori,AI11,Ahli_AI,9.25,8.50,7.75,9.00
N1_V11,Statistika Deskriptif Bag.2,Teori,AI12,Ahli_AI,8.50,8.75,8.00,8.50
N1_V12,Statistika Deskriptif Bag.2,Aplikasi,Guru1,Guru_Matematika,8.50,8.50,8.50,8.50
N1_V12,Statistika Deskriptif Bag.2,Aplikasi,Guru2,Guru_Matematika,8.75,8.25,8.75,8.75
N1_V12,Statistika Deskriptif Bag.2,Aplikasi,Guru3,Guru_Matematika,8.25,8.75,8.25,8.25
N1_V12,Statistika Deskriptif Bag.2,Aplikasi,Guru4,Guru_Matematika,8.00,8.50,8.50,8.50
N1_V12,Statistika Deskriptif Bag.2,Aplikasi,Guru5,Guru_Matematika,8.50,8.00,8.00,8.00
N1_V12,Statistika Deskriptif Bag.2,Aplikasi,Guru6,Guru_Matematika,8.75,8.25,8.75,8.75
N1_V12,Statistika Deskriptif Bag.2,Aplikasi,Guru7,Guru_Matematika,8.25,8.75,8.25,8.25
N1_V12,Statistika Deskriptif Bag.2,Aplikasi,Guru8,Guru_Matematika,8.00,8.50,8.50,8.50
N1_V12,Statistika Deskriptif Bag.2,Aplikasi,Guru9,Guru_Matematika,8.50,8.00,8.00,8.00
N1_V12,Statistika Deskriptif Bag.2,Aplikasi,AI1,Ahli_AI,9.00,8.50,9.00,9.00
N1_V12,Statistika Deskriptif Bag.2,Aplikasi,AI2,Ahli_AI,8.75,8.75,8.75,8.75
N1_V12,Statistika Deskriptif Bag.2,Aplikasi,AI3,Ahli_AI,9.25,8.25,9.25,9.25
N1_V12,Statistika Deskriptif Bag.2,Aplikasi,AI4,Ahli_AI,8.50,8.75,8.75,8.75
N1_V12,Statistika Deskriptif Bag.2,Aplikasi,AI5,Ahli_AI,9.00,8.00,8.50,8.50
N1_V12,Statistika Deskriptif Bag.2,Aplikasi,AI6,Ahli_AI,8.75,8.50,9.00,9.00
N1_V12,Statistika Deskriptif Bag.2,Aplikasi,AI7,Ahli_AI,9.25,8.25,9.25,9.25
N1_V12,Statistika Deskriptif Bag.2,Aplikasi,AI8,Ahli_AI,8.50,8.75,8.75,8.75
N1_V12,Statistika Deskriptif Bag.2,Aplikasi,AI9,Ahli_AI,9.00,8.00,8.50,8.50
N1_V12,Statistika Deskriptif Bag.2,Aplikasi,AI10,Ahli_AI,8.75,8.50,9.00,9.00
N1_V12,Statistika Deskriptif Bag.2,Aplikasi,AI11,Ahli_AI,9.25,8.25,9.25,9.25
N1_V12,Statistika Deskriptif Bag.2,Aplikasi,AI12,Ahli_AI,8.50,8.75,8.75,8.75
N1_V13,Statistika Deskriptif Bag.2,Visual,Guru1,Guru_Matematika,7.50,7.00,9.00,7.50
N1_V13,Statistika Deskriptif Bag.2,Visual,Guru2,Guru_Matematika,7.75,7.25,8.75,7.75
N1_V13,Statistika Deskriptif Bag.2,Visual,Guru3,Guru_Matematika,7.25,6.75,9.25,7.25
N1_V13,Statistika Deskriptif Bag.2,Visual,Guru4,Guru_Matematika,7.00,7.00,9.00,7.50
N1_V13,Statistika Deskriptif Bag.2,Visual,Guru5,Guru_Matematika,7.50,6.50,8.50,7.00
N1_V13,Statistika Deskriptif Bag.2,Visual,Guru6,Guru_Matematika,7.75,7.25,8.75,7.75
N1_V13,Statistika Deskriptif Bag.2,Visual,Guru7,Guru_Matematika,7.25,6.75,9.25,7.25
N1_V13,Statistika Deskriptif Bag.2,Visual,Guru8,Guru_Matematika,7.00,7.00,9.00,7.50
N1_V13,Statistika Deskriptif Bag.2,Visual,Guru9,Guru_Matematika,7.50,6.50,8.50,7.00
N1_V13,Statistika Deskriptif Bag.2,Visual,AI1,Ahli_AI,8.00,7.50,9.50,8.00
N1_V13,Statistika Deskriptif Bag.2,Visual,AI2,Ahli_AI,7.75,7.75,9.25,8.25
N1_V13,Statistika Deskriptif Bag.2,Visual,AI3,Ahli_AI,8.25,7.25,9.75,8.50
N1_V13,Statistika Deskriptif Bag.2,Visual,AI4,Ahli_AI,7.50,7.75,9.25,8.00
N1_V13,Statistika Deskriptif Bag.2,Visual,AI5,Ahli_AI,8.00,7.00,9.00,7.75
N1_V13,Statistika Deskriptif Bag.2,Visual,AI6,Ahli_AI,7.75,7.50,9.50,8.00
N1_V13,Statistika Deskriptif Bag.2,Visual,AI7,Ahli_AI,8.25,7.25,9.75,8.50
N1_V13,Statistika Deskriptif Bag.2,Visual,AI8,Ahli_AI,7.50,7.50,9.25,8.00
N1_V13,Statistika Deskriptif Bag.2,Visual,AI9,Ahli_AI,8.00,7.00,9.00,7.75
N1_V13,Statistika Deskriptif Bag.2,Visual,AI10,Ahli_AI,7.75,7.75,9.50,8.25
N1_V13,Statistika Deskriptif Bag.2,Visual,AI11,Ahli_AI,8.25,7.25,9.75,8.50
N1_V13,Statistika Deskriptif Bag.2,Visual,AI12,Ahli_AI,7.50,7.50,9.25,8.00
N1_V14,Statistika Deskriptif Bag.2,Interaktif,Guru1,Guru_Matematika,7.50,7.00,8.00,7.00
N1_V14,Statistika Deskriptif Bag.2,Interaktif,Guru2,Guru_Matematika,7.75,7.25,8.25,7.25
N1_V14,Statistika Deskriptif Bag.2,Interaktif,Guru3,Guru_Matematika,7.25,6.75,7.75,6.75
N1_V14,Statistika Deskriptif Bag.2,Interaktif,Guru4,Guru_Matematika,7.00,7.00,8.00,7.00
N1_V14,Statistika Deskriptif Bag.2,Interaktif,Guru5,Guru_Matematika,7.50,6.50,7.50,6.50
N1_V14,Statistika Deskriptif Bag.2,Interaktif,Guru6,Guru_Matematika,7.75,7.25,8.25,7.25
N1_V14,Statistika Deskriptif Bag.2,Interaktif,Guru7,Guru_Matematika,7.25,6.75,7.75,6.75
N1_V14,Statistika Deskriptif Bag.2,Interaktif,Guru8,Guru_Matematika,7.00,7.00,8.00,7.00
N1_V14,Statistika Deskriptif Bag.2,Interaktif,Guru9,Guru_Matematika,7.50,6.50,7.50,6.50
N1_V14,Statistika Deskriptif Bag.2,Interaktif,AI1,Ahli_AI,8.00,7.00,8.50,7.50
N1_V14,Statistika Deskriptif Bag.2,Interaktif,AI2,Ahli_AI,7.75,7.25,8.25,7.75
N1_V14,Statistika Deskriptif Bag.2,Interaktif,AI3,Ahli_AI,8.25,6.75,8.75,8.00
N1_V14,Statistika Deskriptif Bag.2,Interaktif,AI4,Ahli_AI,7.50,7.25,8.25,7.75
N1_V14,Statistika Deskriptif Bag.2,Interaktif,AI5,Ahli_AI,8.00,6.50,8.00,7.25
N1_V14,Statistika Deskriptif Bag.2,Interaktif,AI6,Ahli_AI,7.75,7.00,8.50,7.50
N1_V14,Statistika Deskriptif Bag.2,Interaktif,AI7,Ahli_AI,8.25,6.75,8.75,8.00
N1_V14,Statistika Deskriptif Bag.2,Interaktif,AI8,Ahli_AI,7.50,7.25,8.25,7.75
N1_V14,Statistika Deskriptif Bag.2,Interaktif,AI9,Ahli_AI,8.00,6.50,8.00,7.25
N1_V14,Statistika Deskriptif Bag.2,Interaktif,AI10,Ahli_AI,7.75,7.00,8.50,7.50
N1_V14,Statistika Deskriptif Bag.2,Interaktif,AI11,Ahli_AI,8.25,6.75,8.75,8.00
N1_V14,Statistika Deskriptif Bag.2,Interaktif,AI12,Ahli_AI,7.50,7.25,8.25,7.75
N1_V15,Statistika Deskriptif Bag.2,Analitis,Guru1,Guru_Matematika,8.50,8.50,7.50,9.00
N1_V15,Statistika Deskriptif Bag.2,Analitis,Guru2,Guru_Matematika,8.75,8.25,7.75,9.25
N1_V15,Statistika Deskriptif Bag.2,Analitis,Guru3,Guru_Matematika,8.25,8.75,7.25,8.75
N1_V15,Statistika Deskriptif Bag.2,Analitis,Guru4,Guru_Matematika,8.00,8.50,7.50,9.00
N1_V15,Statistika Deskriptif Bag.2,Analitis,Guru5,Guru_Matematika,8.50,8.00,7.00,8.50
N1_V15,Statistika Deskriptif Bag.2,Analitis,Guru6,Guru_Matematika,8.75,8.25,7.75,9.25
N1_V15,Statistika Deskriptif Bag.2,Analitis,Guru7,Guru_Matematika,8.25,8.75,7.25,8.75
N1_V15,Statistika Deskriptif Bag.2,Analitis,Guru8,Guru_Matematika,8.00,8.50,7.50,9.00
N1_V15,Statistika Deskriptif Bag.2,Analitis,Guru9,Guru_Matematika,8.50,8.00,7.00,8.50
N1_V15,Statistika Deskriptif Bag.2,Analitis,AI1,Ahli_AI,9.00,9.00,8.00,9.50
N1_V15,Statistika Deskriptif Bag.2,Analitis,AI2,Ahli_AI,8.75,8.75,8.25,9.25
N1_V15,Statistika Deskriptif Bag.2,Analitis,AI3,Ahli_AI,9.25,9.25,7.75,9.75
N1_V15,Statistika Deskriptif Bag.2,Analitis,AI4,Ahli_AI,8.50,8.75,8.00,9.25
N1_V15,Statistika Deskriptif Bag.2,Analitis,AI5,Ahli_AI,9.00,8.50,7.50,9.00
N1_V15,Statistika Deskriptif Bag.2,Analitis,AI6,Ahli_AI,8.75,9.00,8.25,9.50
N1_V15,Statistika Deskriptif Bag.2,Analitis,AI7,Ahli_AI,9.25,9.25,7.75,9.75
N1_V15,Statistika Deskriptif Bag.2,Analitis,AI8,Ahli_AI,8.50,8.75,8.00,9.25
N1_V15,Statistika Deskriptif Bag.2,Analitis,AI9,Ahli_AI,9.00,8.50,7.50,9.00
N1_V15,Statistika Deskriptif Bag.2,Analitis,AI10,Ahli_AI,8.75,9.00,8.25,9.50
N1_V15,Statistika Deskriptif Bag.2,Analitis,AI11,Ahli_AI,9.25,9.25,7.75,9.75
N1_V15,Statistika Deskriptif Bag.2,Analitis,AI12,Ahli_AI,8.50,8.75,8.00,9.25
N1_V16,Probabilitas Bag.1,Teori,Guru1,Guru_Matematika,8.50,8.50,7.50,8.00
N1_V16,Probabilitas Bag.1,Teori,Guru2,Guru_Matematika,8.75,8.25,7.75,8.25
N1_V16,Probabilitas Bag.1,Teori,Guru3,Guru_Matematika,8.25,8.75,7.25,7.75
N1_V16,Probabilitas Bag.1,Teori,Guru4,Guru_Matematika,8.00,8.50,7.50,8.00
N1_V16,Probabilitas Bag.1,Teori,Guru5,Guru_Matematika,8.50,8.00,7.00,7.50
N1_V16,Probabilitas Bag.1,Teori,Guru6,Guru_Matematika,8.75,8.25,7.75,8.25
N1_V16,Probabilitas Bag.1,Teori,Guru7,Guru_Matematika,8.25,8.75,7.25,7.75
N1_V16,Probabilitas Bag.1,Teori,Guru8,Guru_Matematika,8.00,8.50,7.50,8.00
N1_V16,Probabilitas Bag.1,Teori,Guru9,Guru_Matematika,8.50,8.00,7.00,7.50
N1_V16,Probabilitas Bag.1,Teori,AI1,Ahli_AI,9.00,8.50,8.00,8.50
N1_V16,Probabilitas Bag.1,Teori,AI2,Ahli_AI,8.75,8.75,8.25,8.75
N1_V16,Probabilitas Bag.1,Teori,AI3,Ahli_AI,9.25,8.50,7.75,9.00
N1_V16,Probabilitas Bag.1,Teori,AI4,Ahli_AI,8.50,8.75,8.00,8.50
N1_V16,Probabilitas Bag.1,Teori,AI5,Ahli_AI,9.00,8.25,7.50,8.25
N1_V16,Probabilitas Bag.1,Teori,AI6,Ahli_AI,8.75,8.50,8.25,8.75
N1_V16,Probabilitas Bag.1,Teori,AI7,Ahli_AI,9.25,8.75,7.75,9.00
N1_V16,Probabilitas Bag.1,Teori,AI8,Ahli_AI,8.50,8.50,8.00,8.50
N1_V16,Probabilitas Bag.1,Teori,AI9,Ahli_AI,9.00,8.25,7.50,8.25
N1_V16,Probabilitas Bag.1,Teori,AI10,Ahli_AI,8.75,8.75,8.25,8.75
N1_V16,Probabilitas Bag.1,Teori,AI11,Ahli_AI,9.25,8.50,7.75,9.00
N1_V16,Probabilitas Bag.1,Teori,AI12,Ahli_AI,8.50,8.75,8.00,8.50
N1_V17,Probabilitas Bag.1,Aplikasi,Guru1,Guru_Matematika,8.50,8.00,8.50,8.50
N1_V17,Probabilitas Bag.1,Aplikasi,Guru2,Guru_Matematika,8.75,8.25,8.75,8.75
N1_V17,Probabilitas Bag.1,Aplikasi,Guru3,Guru_Matematika,8.25,7.75,8.25,8.25
N1_V17,Probabilitas Bag.1,Aplikasi,Guru4,Guru_Matematika,8.00,8.00,8.50,8.50
N1_V17,Probabilitas Bag.1,Aplikasi,Guru5,Guru_Matematika,8.50,7.50,8.00,8.00
N1_V17,Probabilitas Bag.1,Aplikasi,Guru6,Guru_Matematika,8.75,8.25,8.75,8.75
N1_V17,Probabilitas Bag.1,Aplikasi,Guru7,Guru_Matematika,8.25,7.75,8.25,8.25
N1_V17,Probabilitas Bag.1,Aplikasi,Guru8,Guru_Matematika,8.00,8.00,8.50,8.50
N1_V17,Probabilitas Bag.1,Aplikasi,Guru9,Guru_Matematika,8.50,7.50,8.00,8.00
N1_V17,Probabilitas Bag.1,Aplikasi,AI1,Ahli_AI,9.00,8.50,9.00,9.00
N1_V17,Probabilitas Bag.1,Aplikasi,AI2,Ahli_AI,8.75,8.75,8.75,8.75
N1_V17,Probabilitas Bag.1,Aplikasi,AI3,Ahli_AI,9.25,8.25,9.25,9.25
N1_V17,Probabilitas Bag.1,Aplikasi,AI4,Ahli_AI,8.50,8.75,8.75,8.75
N1_V17,Probabilitas Bag.1,Aplikasi,AI5,Ahli_AI,9.00,8.00,8.50,8.50
N1_V17,Probabilitas Bag.1,Aplikasi,AI6,Ahli_AI,8.75,8.50,9.00,9.00
N1_V17,Probabilitas Bag.1,Aplikasi,AI7,Ahli_AI,9.25,8.25,9.25,9.25
N1_V17,Probabilitas Bag.1,Aplikasi,AI8,Ahli_AI,8.50,8.75,8.75,8.75
N1_V17,Probabilitas Bag.1,Aplikasi,AI9,Ahli_AI,9.00,8.00,8.50,8.50
N1_V17,Probabilitas Bag.1,Aplikasi,AI10,Ahli_AI,8.75,8.50,9.00,9.00
N1_V17,Probabilitas Bag.1,Aplikasi,AI11,Ahli_AI,9.25,8.25,9.25,9.25
N1_V17,Probabilitas Bag.1,Aplikasi,AI12,Ahli_AI,8.50,8.75,8.75,8.75
N1_V18,Probabilitas Bag.1,Visual,Guru1,Guru_Matematika,8.00,7.50,9.00,8.00
N1_V18,Probabilitas Bag.1,Visual,Guru2,Guru_Matematika,8.25,7.75,8.75,8.25
N1_V18,Probabilitas Bag.1,Visual,Guru3,Guru_Matematika,7.75,7.25,9.25,7.75
N1_V18,Probabilitas Bag.1,Visual,Guru4,Guru_Matematika,7.50,7.50,9.00,8.00
N1_V18,Probabilitas Bag.1,Visual,Guru5,Guru_Matematika,8.00,7.00,8.50,7.50
N1_V18,Probabilitas Bag.1,Visual,Guru6,Guru_Matematika,8.25,7.75,8.75,8.25
N1_V18,Probabilitas Bag.1,Visual,Guru7,Guru_Matematika,7.75,7.25,9.25,7.75
N1_V18,Probabilitas Bag.1,Visual,Guru8,Guru_Matematika,7.50,7.50,9.00,8.00
N1_V18,Probabilitas Bag.1,Visual,Guru9,Guru_Matematika,8.00,7.00,8.50,7.50
N1_V18,Probabilitas Bag.1,Visual,AI1,Ahli_AI,8.50,7.50,9.50,8.50
N1_V18,Probabilitas Bag.1,Visual,AI2,Ahli_AI,8.25,7.75,9.25,8.75
N1_V18,Probabilitas Bag.1,Visual,AI3,Ahli_AI,8.75,7.25,9.75,9.00
N1_V18,Probabilitas Bag.1,Visual,AI4,Ahli_AI,8.00,7.75,9.25,8.50
N1_V18,Probabilitas Bag.1,Visual,AI5,Ahli_AI,8.50,7.00,9.00,8.00
N1_V18,Probabilitas Bag.1,Visual,AI6,Ahli_AI,8.25,7.50,9.50,8.50
N1_V18,Probabilitas Bag.1,Visual,AI7,Ahli_AI,8.75,7.25,9.75,9.00
N1_V18,Probabilitas Bag.1,Visual,AI8,Ahli_AI,8.00,7.50,9.25,8.50
N1_V18,Probabilitas Bag.1,Visual,AI9,Ahli_AI,8.50,7.00,9.00,8.00
N1_V18,Probabilitas Bag.1,Visual,AI10,Ahli_AI,8.25,7.75,9.50,8.50
N1_V18,Probabilitas Bag.1,Visual,AI11,Ahli_AI,8.75,7.25,9.75,9.00
N1_V18,Probabilitas Bag.1,Visual,AI12,Ahli_AI,8.00,7.50,9.25,8.50
N1_V19,Probabilitas Bag.1,Interaktif,Guru1,Guru_Matematika,7.50,7.00,8.00,7.00
N1_V19,Probabilitas Bag.1,Interaktif,Guru2,Guru_Matematika,7.75,7.25,8.25,7.25
N1_V19,Probabilitas Bag.1,Interaktif,Guru3,Guru_Matematika,7.25,6.75,7.75,6.75
N1_V19,Probabilitas Bag.1,Interaktif,Guru4,Guru_Matematika,7.00,7.00,8.00,7.00
N1_V19,Probabilitas Bag.1,Interaktif,Guru5,Guru_Matematika,7.50,6.50,7.50,6.50
N1_V19,Probabilitas Bag.1,Interaktif,Guru6,Guru_Matematika,7.75,7.25,8.25,7.25
N1_V19,Probabilitas Bag.1,Interaktif,Guru7,Guru_Matematika,7.25,6.75,7.75,6.75
N1_V19,Probabilitas Bag.1,Interaktif,Guru8,Guru_Matematika,7.00,7.00,8.00,7.00
N1_V19,Probabilitas Bag.1,Interaktif,Guru9,Guru_Matematika,7.50,6.50,7.50,6.50
N1_V19,Probabilitas Bag.1,Interaktif,AI1,Ahli_AI,8.00,7.00,8.50,7.50
N1_V19,Probabilitas Bag.1,Interaktif,AI2,Ahli_AI,7.75,7.25,8.25,7.75
N1_V19,Probabilitas Bag.1,Interaktif,AI3,Ahli_AI,8.25,6.75,8.75,8.00
N1_V19,Probabilitas Bag.1,Interaktif,AI4,Ahli_AI,7.50,7.25,8.25,7.75
N1_V19,Probabilitas Bag.1,Interaktif,AI5,Ahli_AI,8.00,6.50,8.00,7.25
N1_V19,Probabilitas Bag.1,Interaktif,AI6,Ahli_AI,7.75,7.00,8.50,7.50
N1_V19,Probabilitas Bag.1,Interaktif,AI7,Ahli_AI,8.25,6.75,8.75,8.00
N1_V19,Probabilitas Bag.1,Interaktif,AI8,Ahli_AI,7.50,7.25,8.25,7.75
N1_V19,Probabilitas Bag.1,Interaktif,AI9,Ahli_AI,8.00,6.50,8.00,7.25
N1_V19,Probabilitas Bag.1,Interaktif,AI10,Ahli_AI,7.75,7.00,8.50,7.50
N1_V19,Probabilitas Bag.1,Interaktif,AI11,Ahli_AI,8.25,6.75,8.75,8.00
N1_V19,Probabilitas Bag.1,Interaktif,AI12,Ahli_AI,7.50,7.25,8.25,7.75
N1_V20,Probabilitas Bag.1,Analitis,Guru1,Guru_Matematika,8.00,8.00,7.50,8.50
N1_V20,Probabilitas Bag.1,Analitis,Guru2,Guru_Matematika,8.25,7.75,7.75,8.75
N1_V20,Probabilitas Bag.1,Analitis,Guru3,Guru_Matematika,7.75,8.25,7.25,8.25
N1_V20,Probabilitas Bag.1,Analitis,Guru4,Guru_Matematika,7.50,8.00,7.50,8.50
N1_V20,Probabilitas Bag.1,Analitis,Guru5,Guru_Matematika,8.00,7.50,7.00,8.00
N1_V20,Probabilitas Bag.1,Analitis,Guru6,Guru_Matematika,8.25,7.75,7.75,8.75
N1_V20,Probabilitas Bag.1,Analitis,Guru7,Guru_Matematika,7.75,8.25,7.25,8.25
N1_V20,Probabilitas Bag.1,Analitis,Guru8,Guru_Matematika,7.50,8.00,7.50,8.50
N1_V20,Probabilitas Bag.1,Analitis,Guru9,Guru_Matematika,8.00,7.50,7.00,8.00
N1_V20,Probabilitas Bag.1,Analitis,AI1,Ahli_AI,8.50,8.50,8.00,9.00
N1_V20,Probabilitas Bag.1,Analitis,AI2,Ahli_AI,8.25,8.25,8.25,8.75
N1_V20,Probabilitas Bag.1,Analitis,AI3,Ahli_AI,8.75,8.75,7.75,9.25
N1_V20,Probabilitas Bag.1,Analitis,AI4,Ahli_AI,8.00,8.25,8.00,8.75
N1_V20,Probabilitas Bag.1,Analitis,AI5,Ahli_AI,8.50,8.00,7.50,8.50
N1_V20,Probabilitas Bag.1,Analitis,AI6,Ahli_AI,8.25,8.50,8.25,9.00
N1_V20,Probabilitas Bag.1,Analitis,AI7,Ahli_AI,8.75,8.75,7.75,9.25
N1_V20,Probabilitas Bag.1,Analitis,AI8,Ahli_AI,8.00,8.25,8.00,8.75
N1_V20,Probabilitas Bag.1,Analitis,AI9,Ahli_AI,8.50,8.00,7.50,8.50
N1_V20,Probabilitas Bag.1,Analitis,AI10,Ahli_AI,8.25,8.50,8.25,9.00
N1_V20,Probabilitas Bag.1,Analitis,AI11,Ahli_AI,8.75,8.75,7.75,9.25
N1_V20,Probabilitas Bag.1,Analitis,AI12,Ahli_AI,8.00,8.25,8.00,8.75
N1_V21,Probabilitas Bag.2,Teori,Guru1,Guru_Matematika,8.00,8.00,7.00,7.50
N1_V21,Probabilitas Bag.2,Teori,Guru2,Guru_Matematika,8.25,7.75,7.25,7.75
N1_V21,Probabilitas Bag.2,Teori,Guru3,Guru_Matematika,7.75,8.25,6.75,7.25
N1_V21,Probabilitas Bag.2,Teori,Guru4,Guru_Matematika,7.50,8.00,7.00,7.50
N1_V21,Probabilitas Bag.2,Teori,Guru5,Guru_Matematika,8.00,7.50,6.50,7.00
N1_V21,Probabilitas Bag.2,Teori,Guru6,Guru_Matematika,8.25,7.75,7.25,7.75
N1_V21,Probabilitas Bag.2,Teori,Guru7,Guru_Matematika,7.75,8.25,6.75,7.25
N1_V21,Probabilitas Bag.2,Teori,Guru8,Guru_Matematika,7.50,8.00,7.00,7.50
N1_V21,Probabilitas Bag.2,Teori,Guru9,Guru_Matematika,8.00,7.50,6.50,7.00
N1_V21,Probabilitas Bag.2,Teori,AI1,Ahli_AI,8.50,8.50,7.50,8.00
N1_V21,Probabilitas Bag.2,Teori,AI2,Ahli_AI,8.25,8.25,7.75,8.25
N1_V21,Probabilitas Bag.2,Teori,AI3,Ahli_AI,8.75,8.75,7.25,8.50
N1_V21,Probabilitas Bag.2,Teori,AI4,Ahli_AI,8.00,8.25,7.50,8.00
N1_V21,Probabilitas Bag.2,Teori,AI5,Ahli_AI,8.50,8.00,7.00,7.75
N1_V21,Probabilitas Bag.2,Teori,AI6,Ahli_AI,8.25,8.50,7.75,8.25
N1_V21,Probabilitas Bag.2,Teori,AI7,Ahli_AI,8.75,8.75,7.25,8.50
N1_V21,Probabilitas Bag.2,Teori,AI8,Ahli_AI,8.00,8.25,7.50,8.00
N1_V21,Probabilitas Bag.2,Teori,AI9,Ahli_AI,8.50,8.00,7.00,7.75
N1_V21,Probabilitas Bag.2,Teori,AI10,Ahli_AI,8.25,8.50,7.75,8.25
N1_V21,Probabilitas Bag.2,Teori,AI11,Ahli_AI,8.75,8.75,7.25,8.50
N1_V21,Probabilitas Bag.2,Teori,AI12,Ahli_AI,8.00,8.25,7.50,8.00
N1_V22,Probabilitas Bag.2,Aplikasi,Guru1,Guru_Matematika,8.00,8.00,8.50,8.00
N1_V22,Probabilitas Bag.2,Aplikasi,Guru2,Guru_Matematika,8.25,8.25,8.75,8.25
N1_V22,Probabilitas Bag.2,Aplikasi,Guru3,Guru_Matematika,7.75,7.75,8.25,7.75
N1_V22,Probabilitas Bag.2,Aplikasi,Guru4,Guru_Matematika,7.50,8.00,8.50,8.00
N1_V22,Probabilitas Bag.2,Aplikasi,Guru5,Guru_Matematika,8.00,7.50,8.00,7.50
N1_V22,Probabilitas Bag.2,Aplikasi,Guru6,Guru_Matematika,8.25,8.25,8.75,8.25
N1_V22,Probabilitas Bag.2,Aplikasi,Guru7,Guru_Matematika,7.75,7.75,8.25,7.75
N1_V22,Probabilitas Bag.2,Aplikasi,Guru8,Guru_Matematika,7.50,8.00,8.50,8.00
N1_V22,Probabilitas Bag.2,Aplikasi,Guru9,Guru_Matematika,8.00,7.50,8.00,7.50
N1_V22,Probabilitas Bag.2,Aplikasi,AI1,Ahli_AI,8.50,8.50,9.00,8.50
N1_V22,Probabilitas Bag.2,Aplikasi,AI2,Ahli_AI,8.25,8.75,8.75,8.75
N1_V22,Probabilitas Bag.2,Aplikasi,AI3,Ahli_AI,8.75,8.25,9.25,9.00
N1_V22,Probabilitas Bag.2,Aplikasi,AI4,Ahli_AI,8.00,8.75,8.75,8.50
N1_V22,Probabilitas Bag.2,Aplikasi,AI5,Ahli_AI,8.50,8.00,8.50,8.00
N1_V22,Probabilitas Bag.2,Aplikasi,AI6,Ahli_AI,8.25,8.50,9.00,8.75
N1_V22,Probabilitas Bag.2,Aplikasi,AI7,Ahli_AI,8.75,8.25,9.25,9.00
N1_V22,Probabilitas Bag.2,Aplikasi,AI8,Ahli_AI,8.00,8.75,8.75,8.50
N1_V22,Probabilitas Bag.2,Aplikasi,AI9,Ahli_AI,8.50,8.00,8.50,8.00
N1_V22,Probabilitas Bag.2,Aplikasi,AI10,Ahli_AI,8.25,8.50,9.00,8.75
N1_V22,Probabilitas Bag.2,Aplikasi,AI11,Ahli_AI,8.75,8.25,9.25,9.00
N1_V22,Probabilitas Bag.2,Aplikasi,AI12,Ahli_AI,8.00,8.75,8.75,8.50
N1_V23,Probabilitas Bag.2,Visual,Guru1,Guru_Matematika,7.50,7.00,9.00,7.50
N1_V23,Probabilitas Bag.2,Visual,Guru2,Guru_Matematika,7.75,7.25,8.75,7.75
N1_V23,Probabilitas Bag.2,Visual,Guru3,Guru_Matematika,7.25,6.75,9.25,7.25
N1_V23,Probabilitas Bag.2,Visual,Guru4,Guru_Matematika,7.00,7.00,9.00,7.50
N1_V23,Probabilitas Bag.2,Visual,Guru5,Guru_Matematika,7.50,6.50,8.50,7.00
N1_V23,Probabilitas Bag.2,Visual,Guru6,Guru_Matematika,7.75,7.25,8.75,7.75
N1_V23,Probabilitas Bag.2,Visual,Guru7,Guru_Matematika,7.25,6.75,9.25,7.25
N1_V23,Probabilitas Bag.2,Visual,Guru8,Guru_Matematika,7.00,7.00,9.00,7.50
N1_V23,Probabilitas Bag.2,Visual,Guru9,Guru_Matematika,7.50,6.50,8.50,7.00
N1_V23,Probabilitas Bag.2,Visual,AI1,Ahli_AI,8.00,7.50,9.50,8.00
N1_V23,Probabilitas Bag.2,Visual,AI2,Ahli_AI,7.75,7.75,9.25,8.25
N1_V23,Probabilitas Bag.2,Visual,AI3,Ahli_AI,8.25,7.25,9.75,8.50
N1_V23,Probabilitas Bag.2,Visual,AI4,Ahli_AI,7.50,7.75,9.25,8.00
N1_V23,Probabilitas Bag.2,Visual,AI5,Ahli_AI,8.00,7.00,9.00,7.75
N1_V23,Probabilitas Bag.2,Visual,AI6,Ahli_AI,7.75,7.50,9.50,8.00
N1_V23,Probabilitas Bag.2,Visual,AI7,Ahli_AI,8.25,7.25,9.75,8.50
N1_V23,Probabilitas Bag.2,Visual,AI8,Ahli_AI,7.50,7.50,9.25,8.00
N1_V23,Probabilitas Bag.2,Visual,AI9,Ahli_AI,8.00,7.00,9.00,7.75
N1_V23,Probabilitas Bag.2,Visual,AI10,Ahli_AI,7.75,7.75,9.50,8.25
N1_V23,Probabilitas Bag.2,Visual,AI11,Ahli_AI,8.25,7.25,9.75,8.50
N1_V23,Probabilitas Bag.2,Visual,AI12,Ahli_AI,7.50,7.50,9.25,8.00
N1_V24,Probabilitas Bag.2,Interaktif,Guru1,Guru_Matematika,7.00,6.50,7.50,6.50
N1_V24,Probabilitas Bag.2,Interaktif,Guru2,Guru_Matematika,7.25,6.75,7.75,6.75
N1_V24,Probabilitas Bag.2,Interaktif,Guru3,Guru_Matematika,6.75,6.25,7.25,6.25
N1_V24,Probabilitas Bag.2,Interaktif,Guru4,Guru_Matematika,6.50,6.50,7.50,6.50
N1_V24,Probabilitas Bag.2,Interaktif,Guru5,Guru_Matematika,7.00,6.00,7.00,6.00
N1_V24,Probabilitas Bag.2,Interaktif,Guru6,Guru_Matematika,7.25,6.75,7.75,6.75
N1_V24,Probabilitas Bag.2,Interaktif,Guru7,Guru_Matematika,6.75,6.25,7.25,6.25
N1_V24,Probabilitas Bag.2,Interaktif,Guru8,Guru_Matematika,6.50,6.50,7.50,6.50
N1_V24,Probabilitas Bag.2,Interaktif,Guru9,Guru_Matematika,7.00,6.00,7.00,6.00
N1_V24,Probabilitas Bag.2,Interaktif,AI1,Ahli_AI,7.50,6.50,8.00,7.00
N1_V24,Probabilitas Bag.2,Interaktif,AI2,Ahli_AI,7.25,6.75,7.75,7.25
N1_V24,Probabilitas Bag.2,Interaktif,AI3,Ahli_AI,7.75,6.25,8.25,7.50
N1_V24,Probabilitas Bag.2,Interaktif,AI4,Ahli_AI,7.00,6.75,7.75,7.25
N1_V24,Probabilitas Bag.2,Interaktif,AI5,Ahli_AI,7.50,6.00,7.50,6.75
N1_V24,Probabilitas Bag.2,Interaktif,AI6,Ahli_AI,7.25,6.50,8.00,7.00
N1_V24,Probabilitas Bag.2,Interaktif,AI7,Ahli_AI,7.75,6.25,8.25,7.50
N1_V24,Probabilitas Bag.2,Interaktif,AI8,Ahli_AI,7.00,6.75,7.75,7.25
N1_V24,Probabilitas Bag.2,Interaktif,AI9,Ahli_AI,7.50,6.00,7.50,6.75
N1_V24,Probabilitas Bag.2,Interaktif,AI10,Ahli_AI,7.25,6.50,8.00,7.00
N1_V24,Probabilitas Bag.2,Interaktif,AI11,Ahli_AI,7.75,6.25,8.25,7.50
N1_V24,Probabilitas Bag.2,Interaktif,AI12,Ahli_AI,7.00,6.75,7.75,7.25
N1_V25,Probabilitas Bag.2,Analitis,Guru1,Guru_Matematika,8.00,8.00,7.50,8.50
N1_V25,Probabilitas Bag.2,Analitis,Guru2,Guru_Matematika,8.25,7.75,7.75,8.75
N1_V25,Probabilitas Bag.2,Analitis,Guru3,Guru_Matematika,7.75,8.25,7.25,8.25
N1_V25,Probabilitas Bag.2,Analitis,Guru4,Guru_Matematika,7.50,8.00,7.50,8.50
N1_V25,Probabilitas Bag.2,Analitis,Guru5,Guru_Matematika,8.00,7.50,7.00,8.00
N1_V25,Probabilitas Bag.2,Analitis,Guru6,Guru_Matematika,8.25,7.75,7.75,8.75
N1_V25,Probabilitas Bag.2,Analitis,Guru7,Guru_Matematika,7.75,8.25,7.25,8.25
N1_V25,Probabilitas Bag.2,Analitis,Guru8,Guru_Matematika,7.50,8.00,7.50,8.50
N1_V25,Probabilitas Bag.2,Analitis,Guru9,Guru_Matematika,8.00,7.50,7.00,8.00
N1_V25,Probabilitas Bag.2,Analitis,AI1,Ahli_AI,8.50,8.50,8.00,9.00
N1_V25,Probabilitas Bag.2,Analitis,AI2,Ahli_AI,8.25,8.25,8.25,8.75
N1_V25,Probabilitas Bag.2,Analitis,AI3,Ahli_AI,8.75,8.75,7.75,9.25
N1_V25,Probabilitas Bag.2,Analitis,AI4,Ahli_AI,8.00,8.25,8.00,8.75
N1_V25,Probabilitas Bag.2,Analitis,AI5,Ahli_AI,8.50,8.00,7.50,8.50
N1_V25,Probabilitas Bag.2,Analitis,AI6,Ahli_AI,8.25,8.50,8.25,9.00
N1_V25,Probabilitas Bag.2,Analitis,AI7,Ahli_AI,8.75,8.75,7.75,9.25
N1_V25,Probabilitas Bag.2,Analitis,AI8,Ahli_AI,8.00,8.25,8.00,8.75
N1_V25,Probabilitas Bag.2,Analitis,AI9,Ahli_AI,8.50,8.00,7.50,8.50
N1_V25,Probabilitas Bag.2,Analitis,AI10,Ahli_AI,8.25,8.50,8.25,9.00
N1_V25,Probabilitas Bag.2,Analitis,AI11,Ahli_AI,8.75,8.75,7.75,9.25
N1_V25,Probabilitas Bag.2,Analitis,AI12,Ahli_AI,8.00,8.25,8.00,8.75
N2_V1,Keuntungan dan Kerugian,Teori,Guru1,Guru_Matematika,7.50,8.00,6.50,7.00
N2_V1,Keuntungan dan Kerugian,Teori,Guru2,Guru_Matematika,7.75,7.75,6.75,7.25
N2_V1,Keuntungan dan Kerugian,Teori,Guru3,Guru_Matematika,7.25,8.25,6.25,6.75
N2_V1,Keuntungan dan Kerugian,Teori,Guru4,Guru_Matematika,7.00,8.00,6.50,7.00
N2_V1,Keuntungan dan Kerugian,Teori,Guru5,Guru_Matematika,7.50,7.50,6.00,6.50
N2_V1,Keuntungan dan Kerugian,Teori,Guru6,Guru_Matematika,7.75,7.75,6.75,7.25
N2_V1,Keuntungan dan Kerugian,Teori,Guru7,Guru_Matematika,7.25,8.25,6.25,6.75
N2_V1,Keuntungan dan Kerugian,Teori,Guru8,Guru_Matematika,7.00,8.00,6.50,7.00
N2_V1,Keuntungan dan Kerugian,Teori,Guru9,Guru_Matematika,7.50,7.50,6.00,6.50
N2_V1,Keuntungan dan Kerugian,Teori,AI1,Ahli_AI,8.00,8.50,7.00,7.50
N2_V1,Keuntungan dan Kerugian,Teori,AI2,Ahli_AI,7.75,8.25,7.25,7.75
N2_V1,Keuntungan dan Kerugian,Teori,AI3,Ahli_AI,8.25,8.75,6.75,8.00
N2_V1,Keuntungan dan Kerugian,Teori,AI4,Ahli_AI,7.50,8.25,7.00,7.50
N2_V1,Keuntungan dan Kerugian,Teori,AI5,Ahli_AI,8.00,8.00,6.50,7.25
N2_V1,Keuntungan dan Kerugian,Teori,AI6,Ahli_AI,7.75,8.50,7.25,7.75
N2_V1,Keuntungan dan Kerugian,Teori,AI7,Ahli_AI,8.25,8.75,6.75,8.00
N2_V1,Keuntungan dan Kerugian,Teori,AI8,Ahli_AI,7.50,8.25,7.00,7.50
N2_V1,Keuntungan dan Kerugian,Teori,AI9,Ahli_AI,8.00,8.00,6.50,7.25
N2_V1,Keuntungan dan Kerugian,Teori,AI10,Ahli_AI,7.75,8.50,7.25,7.75
N2_V1,Keuntungan dan Kerugian,Teori,AI11,Ahli_AI,8.25,8.75,6.75,8.00
N2_V1,Keuntungan dan Kerugian,Teori,AI12,Ahli_AI,7.50,8.25,7.00,7.50
N2_V2,Keuntungan dan Kerugian,Aplikasi,Guru1,Guru_Matematika,8.50,8.00,8.50,8.50
N2_V2,Keuntungan dan Kerugian,Aplikasi,Guru2,Guru_Matematika,8.75,8.25,8.75,8.75
N2_V2,Keuntungan dan Kerugian,Aplikasi,Guru3,Guru_Matematika,8.25,7.75,8.25,8.25
N2_V2,Keuntungan dan Kerugian,Aplikasi,Guru4,Guru_Matematika,8.00,8.00,8.50,8.50
N2_V2,Keuntungan dan Kerugian,Aplikasi,Guru5,Guru_Matematika,8.50,7.50,8.00,8.00
N2_V2,Keuntungan dan Kerugian,Aplikasi,Guru6,Guru_Matematika,8.75,8.25,8.75,8.75
N2_V2,Keuntungan dan Kerugian,Aplikasi,Guru7,Guru_Matematika,8.25,7.75,8.25,8.25
N2_V2,Keuntungan dan Kerugian,Aplikasi,Guru8,Guru_Matematika,8.00,8.00,8.50,8.50
N2_V2,Keuntungan dan Kerugian,Aplikasi,Guru9,Guru_Matematika,8.50,7.50,8.00,8.00
N2_V2,Keuntungan dan Kerugian,Aplikasi,AI1,Ahli_AI,9.00,8.50,9.00,9.00
N2_V2,Keuntungan dan Kerugian,Aplikasi,AI2,Ahli_AI,8.75,8.75,8.75,8.75
N2_V2,Keuntungan dan Kerugian,Aplikasi,AI3,Ahli_AI,9.25,8.25,9.25,9.25
N2_V2,Keuntungan dan Kerugian,Aplikasi,AI4,Ahli_AI,8.50,8.75,8.75,8.75
N2_V2,Keuntungan dan Kerugian,Aplikasi,AI5,Ahli_AI,9.00,8.00,8.50,8.50
N2_V2,Keuntungan dan Kerugian,Aplikasi,AI6,Ahli_AI,8.75,8.50,9.00,9.00
N2_V2,Keuntungan dan Kerugian,Aplikasi,AI7,Ahli_AI,9.25,8.25,9.25,9.25
N2_V2,Keuntungan dan Kerugian,Aplikasi,AI8,Ahli_AI,8.50,8.75,8.75,8.75
N2_V2,Keuntungan dan Kerugian,Aplikasi,AI9,Ahli_AI,9.00,8.00,8.50,8.50
N2_V2,Keuntungan dan Kerugian,Aplikasi,AI10,Ahli_AI,8.75,8.50,9.00,9.00
N2_V2,Keuntungan dan Kerugian,Aplikasi,AI11,Ahli_AI,9.25,8.25,9.25,9.25
N2_V2,Keuntungan dan Kerugian,Aplikasi,AI12,Ahli_AI,8.50,8.75,8.75,8.75
N2_V3,Keuntungan dan Kerugian,Visual,Guru1,Guru_Matematika,7.50,7.00,9.00,8.00
N2_V3,Keuntungan dan Kerugian,Visual,Guru2,Guru_Matematika,7.75,7.25,8.75,8.25
N2_V3,Keuntungan dan Kerugian,Visual,Guru3,Guru_Matematika,7.25,6.75,9.25,7.75
N2_V3,Keuntungan dan Kerugian,Visual,Guru4,Guru_Matematika,7.00,7.00,9.00,8.00
N2_V3,Keuntungan dan Kerugian,Visual,Guru5,Guru_Matematika,7.50,6.50,8.50,7.50
N2_V3,Keuntungan dan Kerugian,Visual,Guru6,Guru_Matematika,7.75,7.25,8.75,8.25
N2_V3,Keuntungan dan Kerugian,Visual,Guru7,Guru_Matematika,7.25,6.75,9.25,7.75
N2_V3,Keuntungan dan Kerugian,Visual,Guru8,Guru_Matematika,7.00,7.00,9.00,8.00
N2_V3,Keuntungan dan Kerugian,Visual,Guru9,Guru_Matematika,7.50,6.50,8.50,7.50
N2_V3,Keuntungan dan Kerugian,Visual,AI1,Ahli_AI,8.00,7.50,9.50,8.50
N2_V3,Keuntungan dan Kerugian,Visual,AI2,Ahli_AI,7.75,7.75,9.25,8.75
N2_V3,Keuntungan dan Kerugian,Visual,AI3,Ahli_AI,8.25,7.25,9.75,9.00
N2_V3,Keuntungan dan Kerugian,Visual,AI4,Ahli_AI,7.50,7.75,9.25,8.50
N2_V3,Keuntungan dan Kerugian,Visual,AI5,Ahli_AI,8.00,7.00,9.00,8.00
N2_V3,Keuntungan dan Kerugian,Visual,AI6,Ahli_AI,7.75,7.50,9.50,8.50
N2_V3,Keuntungan dan Kerugian,Visual,AI7,Ahli_AI,8.25,7.25,9.75,9.00
N2_V3,Keuntungan dan Kerugian,Visual,AI8,Ahli_AI,7.50,7.50,9.25,8.50
N2_V3,Keuntungan dan Kerugian,Visual,AI9,Ahli_AI,8.00,7.00,9.00,8.00
N2_V3,Keuntungan dan Kerugian,Visual,AI10,Ahli_AI,7.75,7.75,9.50,8.50
N2_V3,Keuntungan dan Kerugian,Visual,AI11,Ahli_AI,8.25,7.25,9.75,9.00
N2_V3,Keuntungan dan Kerugian,Visual,AI12,Ahli_AI,7.50,7.50,9.25,8.50
N2_V4,Keuntungan dan Kerugian,Interaktif,Guru1,Guru_Matematika,8.00,7.50,8.50,7.50
N2_V4,Keuntungan dan Kerugian,Interaktif,Guru2,Guru_Matematika,8.25,7.75,8.75,7.75
N2_V4,Keuntungan dan Kerugian,Interaktif,Guru3,Guru_Matematika,7.75,7.25,8.25,7.25
N2_V4,Keuntungan dan Kerugian,Interaktif,Guru4,Guru_Matematika,7.50,7.50,8.50,7.50
N2_V4,Keuntungan dan Kerugian,Interaktif,Guru5,Guru_Matematika,8.00,7.00,8.00,7.00
N2_V4,Keuntungan dan Kerugian,Interaktif,Guru6,Guru_Matematika,8.25,7.75,8.75,7.75
N2_V4,Keuntungan dan Kerugian,Interaktif,Guru7,Guru_Matematika,7.75,7.25,8.25,7.25
N2_V4,Keuntungan dan Kerugian,Interaktif,Guru8,Guru_Matematika,7.50,7.50,8.50,7.50
N2_V4,Keuntungan dan Kerugian,Interaktif,Guru9,Guru_Matematika,8.00,7.00,8.00,7.00
N2_V4,Keuntungan dan Kerugian,Interaktif,AI1,Ahli_AI,8.50,7.50,9.00,8.00
N2_V4,Keuntungan dan Kerugian,Interaktif,AI2,Ahli_AI,8.25,7.75,8.75,8.25
N2_V4,Keuntungan dan Kerugian,Interaktif,AI3,Ahli_AI,8.75,7.25,9.25,8.50
N2_V4,Keuntungan dan Kerugian,Interaktif,AI4,Ahli_AI,8.00,7.75,8.75,8.00
N2_V4,Keuntungan dan Kerugian,Interaktif,AI5,Ahli_AI,8.50,7.00,8.50,7.50
N2_V4,Keuntungan dan Kerugian,Interaktif,AI6,Ahli_AI,8.25,7.50,9.00,8.00
N2_V4,Keuntungan dan Kerugian,Interaktif,AI7,Ahli_AI,8.75,7.25,9.25,8.50
N2_V4,Keuntungan dan Kerugian,Interaktif,AI8,Ahli_AI,8.00,7.50,8.75,8.00
N2_V4,Keuntungan dan Kerugian,Interaktif,AI9,Ahli_AI,8.50,7.00,8.50,7.50
N2_V4,Keuntungan dan Kerugian,Interaktif,AI10,Ahli_AI,8.25,7.75,9.00,8.00
N2_V4,Keuntungan dan Kerugian,Interaktif,AI11,Ahli_AI,8.75,7.25,9.25,8.50
N2_V4,Keuntungan dan Kerugian,Interaktif,AI12,Ahli_AI,8.00,7.50,8.75,8.00
N2_V5,Keuntungan dan Kerugian,Analitis,Guru1,Guru_Matematika,7.50,8.00,7.00,8.00
N2_V5,Keuntungan dan Kerugian,Analitis,Guru2,Guru_Matematika,7.75,7.75,7.25,8.25
N2_V5,Keuntungan dan Kerugian,Analitis,Guru3,Guru_Matematika,7.25,8.25,6.75,7.75
N2_V5,Keuntungan dan Kerugian,Analitis,Guru4,Guru_Matematika,7.00,8.00,7.00,8.00
N2_V5,Keuntungan dan Kerugian,Analitis,Guru5,Guru_Matematika,7.50,7.50,6.50,7.50
N2_V5,Keuntungan dan Kerugian,Analitis,Guru6,Guru_Matematika,7.75,7.75,7.25,8.25
N2_V5,Keuntungan dan Kerugian,Analitis,Guru7,Guru_Matematika,7.25,8.25,6.75,7.75
N2_V5,Keuntungan dan Kerugian,Analitis,Guru8,Guru_Matematika,7.00,8.00,7.00,8.00
N2_V5,Keuntungan dan Kerugian,Analitis,Guru9,Guru_Matematika,7.50,7.50,6.50,7.50
N2_V5,Keuntungan dan Kerugian,Analitis,AI1,Ahli_AI,8.00,8.50,7.50,8.50
N2_V5,Keuntungan dan Kerugian,Analitis,AI2,Ahli_AI,7.75,8.25,7.75,8.75
N2_V5,Keuntungan dan Kerugian,Analitis,AI3,Ahli_AI,8.25,8.75,7.25,9.00
N2_V5,Keuntungan dan Kerugian,Analitis,AI4,Ahli_AI,7.50,8.25,7.50,8.50
N2_V5,Keuntungan dan Kerugian,Analitis,AI5,Ahli_AI,8.00,8.00,7.00,8.00
N2_V5,Keuntungan dan Kerugian,Analitis,AI6,Ahli_AI,7.75,8.50,7.75,8.50
N2_V5,Keuntungan dan Kerugian,Analitis,AI7,Ahli_AI,8.25,8.75,7.25,9.00
N2_V5,Keuntungan dan Kerugian,Analitis,AI8,Ahli_AI,7.50,8.25,7.50,8.50
N2_V5,Keuntungan dan Kerugian,Analitis,AI9,Ahli_AI,8.00,8.00,7.00,8.00
N2_V5,Keuntungan dan Kerugian,Analitis,AI10,Ahli_AI,7.75,8.50,7.75,8.50
N2_V5,Keuntungan dan Kerugian,Analitis,AI11,Ahli_AI,8.25,8.75,7.25,9.00
N2_V5,Keuntungan dan Kerugian,Analitis,AI12,Ahli_AI,7.50,8.25,7.50,8.50
N2_V6,Bunga dan Pajak,Teori,Guru1,Guru_Matematika,7.00,7.50,6.00,6.50
N2_V6,Bunga dan Pajak,Teori,Guru2,Guru_Matematika,7.25,7.25,6.25,6.75
N2_V6,Bunga dan Pajak,Teori,Guru3,Guru_Matematika,6.75,7.75,5.75,6.25
N2_V6,Bunga dan Pajak,Teori,Guru4,Guru_Matematika,6.50,7.50,6.00,6.50
N2_V6,Bunga dan Pajak,Teori,Guru5,Guru_Matematika,7.00,7.00,5.50,6.00
N2_V6,Bunga dan Pajak,Teori,Guru6,Guru_Matematika,7.25,7.25,6.25,6.75
N2_V6,Bunga dan Pajak,Teori,Guru7,Guru_Matematika,6.75,7.75,5.75,6.25
N2_V6,Bunga dan Pajak,Teori,Guru8,Guru_Matematika,6.50,7.50,6.00,6.50
N2_V6,Bunga dan Pajak,Teori,Guru9,Guru_Matematika,7.00,7.00,5.50,6.00
N2_V6,Bunga dan Pajak,Teori,AI1,Ahli_AI,7.50,8.00,6.50,7.00
N2_V6,Bunga dan Pajak,Teori,AI2,Ahli_AI,7.25,7.75,6.75,7.25
N2_V6,Bunga dan Pajak,Teori,AI3,Ahli_AI,7.75,8.25,6.25,7.50
N2_V6,Bunga dan Pajak,Teori,AI4,Ahli_AI,7.00,7.75,6.50,7.00
N2_V6,Bunga dan Pajak,Teori,AI5,Ahli_AI,7.50,7.50,6.00,6.75
N2_V6,Bunga dan Pajak,Teori,AI6,Ahli_AI,7.25,8.00,6.75,7.25
N2_V6,Bunga dan Pajak,Teori,AI7,Ahli_AI,7.75,8.25,6.25,7.50
N2_V6,Bunga dan Pajak,Teori,AI8,Ahli_AI,7.00,7.75,6.50,7.00
N2_V6,Bunga dan Pajak,Teori,AI9,Ahli_AI,7.50,7.50,6.00,6.75
N2_V6,Bunga dan Pajak,Teori,AI10,Ahli_AI,7.25,8.00,6.75,7.25
N2_V6,Bunga dan Pajak,Teori,AI11,Ahli_AI,7.75,8.25,6.25,7.50
N2_V6,Bunga dan Pajak,Teori,AI12,Ahli_AI,7.00,7.75,6.50,7.00
N2_V7,Bunga dan Pajak,Aplikasi,Guru1,Guru_Matematika,8.50,8.00,8.50,8.50
N2_V7,Bunga dan Pajak,Aplikasi,Guru2,Guru_Matematika,8.75,8.25,8.75,8.75
N2_V7,Bunga dan Pajak,Aplikasi,Guru3,Guru_Matematika,8.25,7.75,8.25,8.25
N2_V7,Bunga dan Pajak,Aplikasi,Guru4,Guru_Matematika,8.00,8.00,8.50,8.50
N2_V7,Bunga dan Pajak,Aplikasi,Guru5,Guru_Matematika,8.50,7.50,8.00,8.00
N2_V7,Bunga dan Pajak,Aplikasi,Guru6,Guru_Matematika,8.75,8.25,8.75,8.75
N2_V7,Bunga dan Pajak,Aplikasi,Guru7,Guru_Matematika,8.25,7.75,8.25,8.25
N2_V7,Bunga dan Pajak,Aplikasi,Guru8,Guru_Matematika,8.00,8.00,8.50,8.50
N2_V7,Bunga dan Pajak,Aplikasi,Guru9,Guru_Matematika,8.50,7.50,8.00,8.00
N2_V7,Bunga dan Pajak,Aplikasi,AI1,Ahli_AI,9.00,8.50,9.00,9.00
N2_V7,Bunga dan Pajak,Aplikasi,AI2,Ahli_AI,8.75,8.75,8.75,8.75
N2_V7,Bunga dan Pajak,Aplikasi,AI3,Ahli_AI,9.25,8.25,9.25,9.25
N2_V7,Bunga dan Pajak,Aplikasi,AI4,Ahli_AI,8.50,8.75,8.75,8.75
N2_V7,Bunga dan Pajak,Aplikasi,AI5,Ahli_AI,9.00,8.00,8.50,8.50
N2_V7,Bunga dan Pajak,Aplikasi,AI6,Ahli_AI,8.75,8.50,9.00,9.00
N2_V7,Bunga dan Pajak,Aplikasi,AI7,Ahli_AI,9.25,8.25,9.25,9.25
N2_V7,Bunga dan Pajak,Aplikasi,AI8,Ahli_AI,8.50,8.75,8.75,8.75
N2_V7,Bunga dan Pajak,Aplikasi,AI9,Ahli_AI,9.00,8.00,8.50,8.50
N2_V7,Bunga dan Pajak,Aplikasi,AI10,Ahli_AI,8.75,8.50,9.00,9.00
N2_V7,Bunga dan Pajak,Aplikasi,AI11,Ahli_AI,9.25,8.25,9.25,9.25
N2_V7,Bunga dan Pajak,Aplikasi,AI12,Ahli_AI,8.50,8.75,8.75,8.75
N2_V8,Bunga dan Pajak,Visual,Guru1,Guru_Matematika,8.00,7.50,9.00,8.00
N2_V8,Bunga dan Pajak,Visual,Guru2,Guru_Matematika,8.25,7.75,8.75,8.25
N2_V8,Bunga dan Pajak,Visual,Guru3,Guru_Matematika,7.75,7.25,9.25,7.75
N2_V8,Bunga dan Pajak,Visual,Guru4,Guru_Matematika,7.50,7.50,9.00,8.00
N2_V8,Bunga dan Pajak,Visual,Guru5,Guru_Matematika,8.00,7.00,8.50,7.50
N2_V8,Bunga dan Pajak,Visual,Guru6,Guru_Matematika,8.25,7.75,8.75,8.25
N2_V8,Bunga dan Pajak,Visual,Guru7,Guru_Matematika,7.75,7.25,9.25,7.75
N2_V8,Bunga dan Pajak,Visual,Guru8,Guru_Matematika,7.50,7.50,9.00,8.00
N2_V8,Bunga dan Pajak,Visual,Guru9,Guru_Matematika,8.00,7.00,8.50,7.50
N2_V8,Bunga dan Pajak,Visual,AI1,Ahli_AI,8.50,7.50,9.50,8.50
N2_V8,Bunga dan Pajak,Visual,AI2,Ahli_AI,8.25,7.75,9.25,8.75
N2_V8,Bunga dan Pajak,Visual,AI3,Ahli_AI,8.75,7.25,9.75,9.00
N2_V8,Bunga dan Pajak,Visual,AI4,Ahli_AI,8.00,7.75,9.25,8.50
N2_V8,Bunga dan Pajak,Visual,AI5,Ahli_AI,8.50,7.00,9.00,8.00
N2_V8,Bunga dan Pajak,Visual,AI6,Ahli_AI,8.25,7.50,9.50,8.50
N2_V8,Bunga dan Pajak,Visual,AI7,Ahli_AI,8.75,7.25,9.75,9.00
N2_V8,Bunga dan Pajak,Visual,AI8,Ahli_AI,8.00,7.50,9.25,8.50
N2_V8,Bunga dan Pajak,Visual,AI9,Ahli_AI,8.50,7.00,9.00,8.00
N2_V8,Bunga dan Pajak,Visual,AI10,Ahli_AI,8.25,7.75,9.50,8.50
N2_V8,Bunga dan Pajak,Visual,AI11,Ahli_AI,8.75,7.25,9.75,9.00
N2_V8,Bunga dan Pajak,Visual,AI12,Ahli_AI,8.00,7.50,9.25,8.50
N2_V9,Bunga dan Pajak,Interaktif,Guru1,Guru_Matematika,7.50,7.00,8.00,7.00
N2_V9,Bunga dan Pajak,Interaktif,Guru2,Guru_Matematika,7.75,7.25,8.25,7.25
N2_V9,Bunga dan Pajak,Interaktif,Guru3,Guru_Matematika,7.25,6.75,7.75,6.75
N2_V9,Bunga dan Pajak,Interaktif,Guru4,Guru_Matematika,7.00,7.00,8.00,7.00
N2_V9,Bunga dan Pajak,Interaktif,Guru5,Guru_Matematika,7.50,6.50,7.50,6.50
N2_V9,Bunga dan Pajak,Interaktif,Guru6,Guru_Matematika,7.75,7.25,8.25,7.25
N2_V9,Bunga dan Pajak,Interaktif,Guru7,Guru_Matematika,7.25,6.75,7.75,6.75
N2_V9,Bunga dan Pajak,Interaktif,Guru8,Guru_Matematika,7.00,7.00,8.00,7.00
N2_V9,Bunga dan Pajak,Interaktif,Guru9,Guru_Matematika,7.50,6.50,7.50,6.50
N2_V9,Bunga dan Pajak,Interaktif,AI1,Ahli_AI,8.00,7.00,8.50,7.50
N2_V9,Bunga dan Pajak,Interaktif,AI2,Ahli_AI,7.75,7.25,8.25,7.75
N2_V9,Bunga dan Pajak,Interaktif,AI3,Ahli_AI,8.25,6.75,8.75,8.00
N2_V9,Bunga dan Pajak,Interaktif,AI4,Ahli_AI,7.50,7.25,8.25,7.75
N2_V9,Bunga dan Pajak,Interaktif,AI5,Ahli_AI,8.00,6.50,8.00,7.25
N2_V9,Bunga dan Pajak,Interaktif,AI6,Ahli_AI,7.75,7.00,8.50,7.50
N2_V9,Bunga dan Pajak,Interaktif,AI7,Ahli_AI,8.25,6.75,8.75,8.00
N2_V9,Bunga dan Pajak,Interaktif,AI8,Ahli_AI,7.50,7.25,8.25,7.75
N2_V9,Bunga dan Pajak,Interaktif,AI9,Ahli_AI,8.00,6.50,8.00,7.25
N2_V9,Bunga dan Pajak,Interaktif,AI10,Ahli_AI,7.75,7.00,8.50,7.50
N2_V9,Bunga dan Pajak,Interaktif,AI11,Ahli_AI,8.25,6.75,8.75,8.00
N2_V9,Bunga dan Pajak,Interaktif,AI12,Ahli_AI,7.50,7.25,8.25,7.75
N2_V10,Bunga dan Pajak,Analitis,Guru1,Guru_Matematika,7.50,7.50,7.00,8.00
N2_V10,Bunga dan Pajak,Analitis,Guru2,Guru_Matematika,7.75,7.25,7.25,8.25
N2_V10,Bunga dan Pajak,Analitis,Guru3,Guru_Matematika,7.25,7.75,6.75,7.75
N2_V10,Bunga dan Pajak,Analitis,Guru4,Guru_Matematika,7.00,7.50,7.00,8.00
N2_V10,Bunga dan Pajak,Analitis,Guru5,Guru_Matematika,7.50,7.00,6.50,7.50
N2_V10,Bunga dan Pajak,Analitis,Guru6,Guru_Matematika,7.75,7.25,7.25,8.25
N2_V10,Bunga dan Pajak,Analitis,Guru7,Guru_Matematika,7.25,7.75,6.75,7.75
N2_V10,Bunga dan Pajak,Analitis,Guru8,Guru_Matematika,7.00,7.50,7.00,8.00
N2_V10,Bunga dan Pajak,Analitis,Guru9,Guru_Matematika,7.50,7.00,6.50,7.50
N2_V10,Bunga dan Pajak,Analitis,AI1,Ahli_AI,8.00,8.00,7.50,8.50
N2_V10,Bunga dan Pajak,Analitis,AI2,Ahli_AI,7.75,7.75,7.75,8.75
N2_V10,Bunga dan Pajak,Analitis,AI3,Ahli_AI,8.25,8.25,7.25,9.00
N2_V10,Bunga dan Pajak,Analitis,AI4,Ahli_AI,7.50,7.75,7.50,8.50
N2_V10,Bunga dan Pajak,Analitis,AI5,Ahli_AI,8.00,7.50,7.00,8.00
N2_V10,Bunga dan Pajak,Analitis,AI6,Ahli_AI,7.75,8.00,7.75,8.50
N2_V10,Bunga dan Pajak,Analitis,AI7,Ahli_AI,8.25,8.25,7.25,9.00
N2_V10,Bunga dan Pajak,Analitis,AI8,Ahli_AI,7.50,7.75,7.50,8.50
N2_V10,Bunga dan Pajak,Analitis,AI9,Ahli_AI,8.00,7.50,7.00,8.00
N2_V10,Bunga dan Pajak,Analitis,AI10,Ahli_AI,7.75,8.00,7.75,8.50
N2_V10,Bunga dan Pajak,Analitis,AI11,Ahli_AI,8.25,8.25,7.25,9.00
N2_V10,Bunga dan Pajak,Analitis,AI12,Ahli_AI,7.50,7.75,7.50,8.50
N2_V11,Bruto Tara Netto,Teori,Guru1,Guru_Matematika,7.50,8.00,6.50,7.00
N2_V11,Bruto Tara Netto,Teori,Guru2,Guru_Matematika,7.75,7.75,6.75,7.25
N2_V11,Bruto Tara Netto,Teori,Guru3,Guru_Matematika,7.25,8.25,6.25,6.75
N2_V11,Bruto Tara Netto,Teori,Guru4,Guru_Matematika,7.00,8.00,6.50,7.00
N2_V11,Bruto Tara Netto,Teori,Guru5,Guru_Matematika,7.50,7.50,6.00,6.50
N2_V11,Bruto Tara Netto,Teori,Guru6,Guru_Matematika,7.75,7.75,6.75,7.25
N2_V11,Bruto Tara Netto,Teori,Guru7,Guru_Matematika,7.25,8.25,6.25,6.75
N2_V11,Bruto Tara Netto,Teori,Guru8,Guru_Matematika,7.00,8.00,6.50,7.00
N2_V11,Bruto Tara Netto,Teori,Guru9,Guru_Matematika,7.50,7.50,6.00,6.50
N2_V11,Bruto Tara Netto,Teori,AI1,Ahli_AI,8.00,8.50,7.00,7.50
N2_V11,Bruto Tara Netto,Teori,AI2,Ahli_AI,7.75,8.25,7.25,7.75
N2_V11,Bruto Tara Netto,Teori,AI3,Ahli_AI,8.25,8.75,6.75,8.00
N2_V11,Bruto Tara Netto,Teori,AI4,Ahli_AI,7.50,8.25,7.00,7.50
N2_V11,Bruto Tara Netto,Teori,AI5,Ahli_AI,8.00,8.00,6.50,7.25
N2_V11,Bruto Tara Netto,Teori,AI6,Ahli_AI,7.75,8.50,7.25,7.75
N2_V11,Bruto Tara Netto,Teori,AI7,Ahli_AI,8.25,8.75,6.75,8.00
N2_V11,Bruto Tara Netto,Teori,AI8,Ahli_AI,7.50,8.25,7.00,7.50
N2_V11,Bruto Tara Netto,Teori,AI9,Ahli_AI,8.00,8.00,6.50,7.25
N2_V11,Bruto Tara Netto,Teori,AI10,Ahli_AI,7.75,8.50,7.25,7.75
N2_V11,Bruto Tara Netto,Teori,AI11,Ahli_AI,8.25,8.75,6.75,8.00
N2_V11,Bruto Tara Netto,Teori,AI12,Ahli_AI,7.50,8.25,7.00,7.50
N2_V12,Bruto Tara Netto,Aplikasi,Guru1,Guru_Matematika,8.50,8.00,8.50,8.50
N2_V12,Bruto Tara Netto,Aplikasi,Guru2,Guru_Matematika,8.75,8.25,8.75,8.75
N2_V12,Bruto Tara Netto,Aplikasi,Guru3,Guru_Matematika,8.25,7.75,8.25,8.25
N2_V12,Bruto Tara Netto,Aplikasi,Guru4,Guru_Matematika,8.00,8.00,8.50,8.50
N2_V12,Bruto Tara Netto,Aplikasi,Guru5,Guru_Matematika,8.50,7.50,8.00,8.00
N2_V12,Bruto Tara Netto,Aplikasi,Guru6,Guru_Matematika,8.75,8.25,8.75,8.75
N2_V12,Bruto Tara Netto,Aplikasi,Guru7,Guru_Matematika,8.25,7.75,8.25,8.25
N2_V12,Bruto Tara Netto,Aplikasi,Guru8,Guru_Matematika,8.00,8.00,8.50,8.50
N2_V12,Bruto Tara Netto,Aplikasi,Guru9,Guru_Matematika,8.50,7.50,8.00,8.00
N2_V12,Bruto Tara Netto,Aplikasi,AI1,Ahli_AI,9.00,8.50,9.00,9.00
N2_V12,Bruto Tara Netto,Aplikasi,AI2,Ahli_AI,8.75,8.75,8.75,8.75
N2_V12,Bruto Tara Netto,Aplikasi,AI3,Ahli_AI,9.25,8.25,9.25,9.25
N2_V12,Bruto Tara Netto,Aplikasi,AI4,Ahli_AI,8.50,8.75,8.75,8.75
N2_V12,Bruto Tara Netto,Aplikasi,AI5,Ahli_AI,9.00,8.00,8.50,8.50
N2_V12,Bruto Tara Netto,Aplikasi,AI6,Ahli_AI,8.75,8.50,9.00,9.00
N2_V12,Bruto Tara Netto,Aplikasi,AI7,Ahli_AI,9.25,8.25,9.25,9.25
N2_V12,Bruto Tara Netto,Aplikasi,AI8,Ahli_AI,8.50,8.75,8.75,8.75
N2_V12,Bruto Tara Netto,Aplikasi,AI9,Ahli_AI,9.00,8.00,8.50,8.50
N2_V12,Bruto Tara Netto,Aplikasi,AI10,Ahli_AI,8.75,8.50,9.00,9.00
N2_V12,Bruto Tara Netto,Aplikasi,AI11,Ahli_AI,9.25,8.25,9.25,9.25
N2_V12,Bruto Tara Netto,Aplikasi,AI12,Ahli_AI,8.50,8.75,8.75,8.75
N2_V13,Bruto Tara Netto,Visual,Guru1,Guru_Matematika,8.00,7.50,9.00,8.00
N2_V13,Bruto Tara Netto,Visual,Guru2,Guru_Matematika,8.25,7.75,8.75,8.25
N2_V13,Bruto Tara Netto,Visual,Guru3,Guru_Matematika,7.75,7.25,9.25,7.75
N2_V13,Bruto Tara Netto,Visual,Guru4,Guru_Matematika,7.50,7.50,9.00,8.00
N2_V13,Bruto Tara Netto,Visual,Guru5,Guru_Matematika,8.00,7.00,8.50,7.50
N2_V13,Bruto Tara Netto,Visual,Guru6,Guru_Matematika,8.25,7.75,8.75,8.25
N2_V13,Bruto Tara Netto,Visual,Guru7,Guru_Matematika,7.75,7.25,9.25,7.75
N2_V13,Bruto Tara Netto,Visual,Guru8,Guru_Matematika,7.50,7.50,9.00,8.00
N2_V13,Bruto Tara Netto,Visual,Guru9,Guru_Matematika,8.00,7.00,8.50,7.50
N2_V13,Bruto Tara Netto,Visual,AI1,Ahli_AI,8.50,7.50,9.50,8.50
N2_V13,Bruto Tara Netto,Visual,AI2,Ahli_AI,8.25,7.75,9.25,8.75
N2_V13,Bruto Tara Netto,Visual,AI3,Ahli_AI,8.75,7.25,9.75,9.00
N2_V13,Bruto Tara Netto,Visual,AI4,Ahli_AI,8.00,7.75,9.25,8.50
N2_V13,Bruto Tara Netto,Visual,AI5,Ahli_AI,8.50,7.00,9.00,8.00
N2_V13,Bruto Tara Netto,Visual,AI6,Ahli_AI,8.25,7.50,9.50,8.50
N2_V13,Bruto Tara Netto,Visual,AI7,Ahli_AI,8.75,7.25,9.75,9.00
N2_V13,Bruto Tara Netto,Visual,AI8,Ahli_AI,8.00,7.50,9.25,8.50
N2_V13,Bruto Tara Netto,Visual,AI9,Ahli_AI,8.50,7.00,9.00,8.00
N2_V13,Bruto Tara Netto,Visual,AI10,Ahli_AI,8.25,7.75,9.50,8.50
N2_V13,Bruto Tara Netto,Visual,AI11,Ahli_AI,8.75,7.25,9.75,9.00
N2_V13,Bruto Tara Netto,Visual,AI12,Ahli_AI,8.00,7.50,9.25,8.50
N2_V14,Bruto Tara Netto,Interaktif,Guru1,Guru_Matematika,7.50,7.00,8.00,7.00
N2_V14,Bruto Tara Netto,Interaktif,Guru2,Guru_Matematika,7.75,7.25,8.25,7.25
N2_V14,Bruto Tara Netto,Interaktif,Guru3,Guru_Matematika,7.25,6.75,7.75,6.75
N2_V14,Bruto Tara Netto,Interaktif,Guru4,Guru_Matematika,7.00,7.00,8.00,7.00
N2_V14,Bruto Tara Netto,Interaktif,Guru5,Guru_Matematika,7.50,6.50,7.50,6.50
N2_V14,Bruto Tara Netto,Interaktif,Guru6,Guru_Matematika,7.75,7.25,8.25,7.25
N2_V14,Bruto Tara Netto,Interaktif,Guru7,Guru_Matematika,7.25,6.75,7.75,6.75
N2_V14,Bruto Tara Netto,Interaktif,Guru8,Guru_Matematika,7.00,7.00,8.00,7.00
N2_V14,Bruto Tara Netto,Interaktif,Guru9,Guru_Matematika,7.50,6.50,7.50,6.50
N2_V14,Bruto Tara Netto,Interaktif,AI1,Ahli_AI,8.00,7.00,8.50,7.50
N2_V14,Bruto Tara Netto,Interaktif,AI2,Ahli_AI,7.75,7.25,8.25,7.75
N2_V14,Bruto Tara Netto,Interaktif,AI3,Ahli_AI,8.25,6.75,8.75,8.00
N2_V14,Bruto Tara Netto,Interaktif,AI4,Ahli_AI,7.50,7.25,8.25,7.75
N2_V14,Bruto Tara Netto,Interaktif,AI5,Ahli_AI,8.00,6.50,8.00,7.25
N2_V14,Bruto Tara Netto,Interaktif,AI6,Ahli_AI,7.75,7.00,8.50,7.50
N2_V14,Bruto Tara Netto,Interaktif,AI7,Ahli_AI,8.25,6.75,8.75,8.00
N2_V14,Bruto Tara Netto,Interaktif,AI8,Ahli_AI,7.50,7.25,8.25,7.75
N2_V14,Bruto Tara Netto,Interaktif,AI9,Ahli_AI,8.00,6.50,8.00,7.25
N2_V14,Bruto Tara Netto,Interaktif,AI10,Ahli_AI,7.75,7.00,8.50,7.50
N2_V14,Bruto Tara Netto,Interaktif,AI11,Ahli_AI,8.25,6.75,8.75,8.00
N2_V14,Bruto Tara Netto,Interaktif,AI12,Ahli_AI,7.50,7.25,8.25,7.75
N2_V15,Bruto Tara Netto,Analitis,Guru1,Guru_Matematika,7.50,7.50,7.00,8.00
N2_V15,Bruto Tara Netto,Analitis,Guru2,Guru_Matematika,7.75,7.25,7.25,8.25
N2_V15,Bruto Tara Netto,Analitis,Guru3,Guru_Matematika,7.25,7.75,6.75,7.75
N2_V15,Bruto Tara Netto,Analitis,Guru4,Guru_Matematika,7.00,7.50,7.00,8.00
N2_V15,Bruto Tara Netto,Analitis,Guru5,Guru_Matematika,7.50,7.00,6.50,7.50
N2_V15,Bruto Tara Netto,Analitis,Guru6,Guru_Matematika,7.75,7.25,7.25,8.25
N2_V15,Bruto Tara Netto,Analitis,Guru7,Guru_Matematika,7.25,7.75,6.75,7.75
N2_V15,Bruto Tara Netto,Analitis,Guru8,Guru_Matematika,7.00,7.50,7.00,8.00
N2_V15,Bruto Tara Netto,Analitis,Guru9,Guru_Matematika,7.50,7.00,6.50,7.50
N2_V15,Bruto Tara Netto,Analitis,AI1,Ahli_AI,8.00,8.00,7.50,8.50
N2_V15,Bruto Tara Netto,Analitis,AI2,Ahli_AI,7.75,7.75,7.75,8.75
N2_V15,Bruto Tara Netto,Analitis,AI3,Ahli_AI,8.25,8.25,7.25,9.00
N2_V15,Bruto Tara Netto,Analitis,AI4,Ahli_AI,7.50,7.75,7.50,8.50
N2_V15,Bruto Tara Netto,Analitis,AI5,Ahli_AI,8.00,7.50,7.00,8.00
N2_V15,Bruto Tara Netto,Analitis,AI6,Ahli_AI,7.75,8.00,7.75,8.50
N2_V15,Bruto Tara Netto,Analitis,AI7,Ahli_AI,8.25,8.25,7.25,9.00
N2_V15,Bruto Tara Netto,Analitis,AI8,Ahli_AI,7.50,7.75,7.50,8.50
N2_V15,Bruto Tara Netto,Analitis,AI9,Ahli_AI,8.00,7.50,7.00,8.00
N2_V15,Bruto Tara Netto,Analitis,AI10,Ahli_AI,7.75,8.00,7.75,8.50
N2_V15,Bruto Tara Netto,Analitis,AI11,Ahli_AI,8.25,8.25,7.25,9.00
N2_V15,Bruto Tara Netto,Analitis,AI12,Ahli_AI,7.50,7.75,7.50,8.50
N3_V1,Segi Banyak,Teori,Guru1,Guru_Matematika,8.00,8.50,7.00,7.50
N3_V1,Segi Banyak,Teori,Guru2,Guru_Matematika,8.25,8.25,7.25,7.75
N3_V1,Segi Banyak,Teori,Guru3,Guru_Matematika,7.75,8.75,6.75,7.25
N3_V1,Segi Banyak,Teori,Guru4,Guru_Matematika,7.50,8.50,7.00,7.50
N3_V1,Segi Banyak,Teori,Guru5,Guru_Matematika,8.00,8.00,6.50,7.00
N3_V1,Segi Banyak,Teori,Guru6,Guru_Matematika,8.25,8.25,7.25,7.75
N3_V1,Segi Banyak,Teori,Guru7,Guru_Matematika,7.75,8.75,6.75,7.25
N3_V1,Segi Banyak,Teori,Guru8,Guru_Matematika,7.50,8.50,7.00,7.50
N3_V1,Segi Banyak,Teori,Guru9,Guru_Matematika,8.00,8.00,6.50,7.00
N3_V1,Segi Banyak,Teori,AI1,Ahli_AI,8.50,9.00,7.50,8.00
N3_V1,Segi Banyak,Teori,AI2,Ahli_AI,8.25,8.75,7.75,8.25
N3_V1,Segi Banyak,Teori,AI3,Ahli_AI,8.75,9.25,7.25,8.50
N3_V1,Segi Banyak,Teori,AI4,Ahli_AI,8.00,8.75,7.50,8.00
N3_V1,Segi Banyak,Teori,AI5,Ahli_AI,8.50,8.50,7.00,7.75
N3_V1,Segi Banyak,Teori,AI6,Ahli_AI,8.25,9.00,7.75,8.25
N3_V1,Segi Banyak,Teori,AI7,Ahli_AI,8.75,9.25,7.25,8.50
N3_V1,Segi Banyak,Teori,AI8,Ahli_AI,8.00,8.75,7.50,8.00
N3_V1,Segi Banyak,Teori,AI9,Ahli_AI,8.50,8.50,7.00,7.75
N3_V1,Segi Banyak,Teori,AI10,Ahli_AI,8.25,9.00,7.75,8.25
N3_V1,Segi Banyak,Teori,AI11,Ahli_AI,8.75,9.25,7.25,8.50
N3_V1,Segi Banyak,Teori,AI12,Ahli_AI,8.00,8.75,7.50,8.00
N3_V2,Segi Banyak,Aplikasi,Guru1,Guru_Matematika,8.50,8.00,8.50,8.50
N3_V2,Segi Banyak,Aplikasi,Guru2,Guru_Matematika,8.75,8.25,8.75,8.75
N3_V2,Segi Banyak,Aplikasi,Guru3,Guru_Matematika,8.25,7.75,8.25,8.25
N3_V2,Segi Banyak,Aplikasi,Guru4,Guru_Matematika,8.00,8.00,8.50,8.50
N3_V2,Segi Banyak,Aplikasi,Guru5,Guru_Matematika,8.50,7.50,8.00,8.00
N3_V2,Segi Banyak,Aplikasi,Guru6,Guru_Matematika,8.75,8.25,8.75,8.75
N3_V2,Segi Banyak,Aplikasi,Guru7,Guru_Matematika,8.25,7.75,8.25,8.25
N3_V2,Segi Banyak,Aplikasi,Guru8,Guru_Matematika,8.00,8.00,8.50,8.50
N3_V2,Segi Banyak,Aplikasi,Guru9,Guru_Matematika,8.50,7.50,8.00,8.00
N3_V2,Segi Banyak,Aplikasi,AI1,Ahli_AI,9.00,8.50,9.00,9.00
N3_V2,Segi Banyak,Aplikasi,AI2,Ahli_AI,8.75,8.75,8.75,8.75
N3_V2,Segi Banyak,Aplikasi,AI3,Ahli_AI,9.25,8.25,9.25,9.25
N3_V2,Segi Banyak,Aplikasi,AI4,Ahli_AI,8.50,8.75,8.75,8.75
N3_V2,Segi Banyak,Aplikasi,AI5,Ahli_AI,9.00,8.00,8.50,8.50
N3_V2,Segi Banyak,Aplikasi,AI6,Ahli_AI,8.75,8.50,9.00,9.00
N3_V2,Segi Banyak,Aplikasi,AI7,Ahli_AI,9.25,8.25,9.25,9.25
N3_V2,Segi Banyak,Aplikasi,AI8,Ahli_AI,8.50,8.75,8.75,8.75
N3_V2,Segi Banyak,Aplikasi,AI9,Ahli_AI,9.00,8.00,8.50,8.50
N3_V2,Segi Banyak,Aplikasi,AI10,Ahli_AI,8.75,8.50,9.00,9.00
N3_V2,Segi Banyak,Aplikasi,AI11,Ahli_AI,9.25,8.25,9.25,9.25
N3_V2,Segi Banyak,Aplikasi,AI12,Ahli_AI,8.50,8.75,8.75,8.75
N3_V3,Segi Banyak,Visual,Guru1,Guru_Matematika,8.00,7.50,9.00,8.00
N3_V3,Segi Banyak,Visual,Guru2,Guru_Matematika,8.25,7.75,8.75,8.25
N3_V3,Segi Banyak,Visual,Guru3,Guru_Matematika,7.75,7.25,9.25,7.75
N3_V3,Segi Banyak,Visual,Guru4,Guru_Matematika,7.50,7.50,9.00,8.00
N3_V3,Segi Banyak,Visual,Guru5,Guru_Matematika,8.00,7.00,8.50,7.50
N3_V3,Segi Banyak,Visual,Guru6,Guru_Matematika,8.25,7.75,8.75,8.25
N3_V3,Segi Banyak,Visual,Guru7,Guru_Matematika,7.75,7.25,9.25,7.75
N3_V3,Segi Banyak,Visual,Guru8,Guru_Matematika,7.50,7.50,9.00,8.00
N3_V3,Segi Banyak,Visual,Guru9,Guru_Matematika,8.00,7.00,8.50,7.50
N3_V3,Segi Banyak,Visual,AI1,Ahli_AI,8.50,7.50,9.50,8.50
N3_V3,Segi Banyak,Visual,AI2,Ahli_AI,8.25,7.75,9.25,8.75
N3_V3,Segi Banyak,Visual,AI3,Ahli_AI,8.75,7.25,9.75,9.00
N3_V3,Segi Banyak,Visual,AI4,Ahli_AI,8.00,7.75,9.25,8.50
N3_V3,Segi Banyak,Visual,AI5,Ahli_AI,8.50,7.00,9.00,8.00
N3_V3,Segi Banyak,Visual,AI6,Ahli_AI,8.25,7.50,9.50,8.50
N3_V3,Segi Banyak,Visual,AI7,Ahli_AI,8.75,7.25,9.75,9.00
N3_V3,Segi Banyak,Visual,AI8,Ahli_AI,8.00,7.50,9.25,8.50
N3_V3,Segi Banyak,Visual,AI9,Ahli_AI,8.50,7.00,9.00,8.00
N3_V3,Segi Banyak,Visual,AI10,Ahli_AI,8.25,7.75,9.50,8.50
N3_V3,Segi Banyak,Visual,AI11,Ahli_AI,8.75,7.25,9.75,9.00
N3_V3,Segi Banyak,Visual,AI12,Ahli_AI,8.00,7.50,9.25,8.50
N3_V4,Segi Banyak,Interaktif,Guru1,Guru_Matematika,7.50,7.00,8.00,7.00
N3_V4,Segi Banyak,Interaktif,Guru2,Guru_Matematika,7.75,7.25,8.25,7.25
N3_V4,Segi Banyak,Interaktif,Guru3,Guru_Matematika,7.25,6.75,7.75,6.75
N3_V4,Segi Banyak,Interaktif,Guru4,Guru_Matematika,7.00,7.00,8.00,7.00
N3_V4,Segi Banyak,Interaktif,Guru5,Guru_Matematika,7.50,6.50,7.50,6.50
N3_V4,Segi Banyak,Interaktif,Guru6,Guru_Matematika,7.75,7.25,8.25,7.25
N3_V4,Segi Banyak,Interaktif,Guru7,Guru_Matematika,7.25,6.75,7.75,6.75
N3_V4,Segi Banyak,Interaktif,Guru8,Guru_Matematika,7.00,7.00,8.00,7.00
N3_V4,Segi Banyak,Interaktif,Guru9,Guru_Matematika,7.50,6.50,7.50,6.50
N3_V4,Segi Banyak,Interaktif,AI1,Ahli_AI,8.00,7.00,8.50,7.50
N3_V4,Segi Banyak,Interaktif,AI2,Ahli_AI,7.75,7.25,8.25,7.75
N3_V4,Segi Banyak,Interaktif,AI3,Ahli_AI,8.25,6.75,8.75,8.00
N3_V4,Segi Banyak,Interaktif,AI4,Ahli_AI,7.50,7.25,8.25,7.75
N3_V4,Segi Banyak,Interaktif,AI5,Ahli_AI,8.00,6.50,8.00,7.25
N3_V4,Segi Banyak,Interaktif,AI6,Ahli_AI,7.75,7.00,8.50,7.50
N3_V4,Segi Banyak,Interaktif,AI7,Ahli_AI,8.25,6.75,8.75,8.00
N3_V4,Segi Banyak,Interaktif,AI8,Ahli_AI,7.50,7.25,8.25,7.75
N3_V4,Segi Banyak,Interaktif,AI9,Ahli_AI,8.00,6.50,8.00,7.25
N3_V4,Segi Banyak,Interaktif,AI10,Ahli_AI,7.75,7.00,8.50,7.50
N3_V4,Segi Banyak,Interaktif,AI11,Ahli_AI,8.25,6.75,8.75,8.00
N3_V4,Segi Banyak,Interaktif,AI12,Ahli_AI,7.50,7.25,8.25,7.75
N3_V5,Segi Banyak,Analitis,Guru1,Guru_Matematika,8.00,8.00,7.50,8.50
N3_V5,Segi Banyak,Analitis,Guru2,Guru_Matematika,8.25,7.75,7.75,8.75
N3_V5,Segi Banyak,Analitis,Guru3,Guru_Matematika,7.75,8.25,7.25,8.25
N3_V5,Segi Banyak,Analitis,Guru4,Guru_Matematika,7.50,8.00,7.50,8.50
N3_V5,Segi Banyak,Analitis,Guru5,Guru_Matematika,8.00,7.50,7.00,8.00
N3_V5,Segi Banyak,Analitis,Guru6,Guru_Matematika,8.25,7.75,7.75,8.75
N3_V5,Segi Banyak,Analitis,Guru7,Guru_Matematika,7.75,8.25,7.25,8.25
N3_V5,Segi Banyak,Analitis,Guru8,Guru_Matematika,7.50,8.00,7.50,8.50
N3_V5,Segi Banyak,Analitis,Guru9,Guru_Matematika,8.00,7.50,7.00,8.00
N3_V5,Segi Banyak,Analitis,AI1,Ahli_AI,8.50,8.50,8.00,9.00
N3_V5,Segi Banyak,Analitis,AI2,Ahli_AI,8.25,8.25,8.25,8.75
N3_V5,Segi Banyak,Analitis,AI3,Ahli_AI,8.75,8.75,7.75,9.25
N3_V5,Segi Banyak,Analitis,AI4,Ahli_AI,8.00,8.25,8.00,8.75
N3_V5,Segi Banyak,Analitis,AI5,Ahli_AI,8.50,8.00,7.50,8.50
N3_V5,Segi Banyak,Analitis,AI6,Ahli_AI,8.25,8.50,8.25,9.00
N3_V5,Segi Banyak,Analitis,AI7,Ahli_AI,8.75,8.75,7.75,9.25
N3_V5,Segi Banyak,Analitis,AI8,Ahli_AI,8.00,8.25,8.00,8.75
N3_V5,Segi Banyak,Analitis,AI9,Ahli_AI,8.50,8.00,7.50,8.50
N3_V5,Segi Banyak,Analitis,AI10,Ahli_AI,8.25,8.50,8.25,9.00
N3_V5,Segi Banyak,Analitis,AI11,Ahli_AI,8.75,8.75,7.75,9.25
N3_V5,Segi Banyak,Analitis,AI12,Ahli_AI,8.00,8.25,8.00,8.75
N3_V6,Lingkaran,Teori,Guru1,Guru_Matematika,8.00,8.50,7.00,7.50
N3_V6,Lingkaran,Teori,Guru2,Guru_Matematika,8.25,8.25,7.25,7.75
N3_V6,Lingkaran,Teori,Guru3,Guru_Matematika,7.75,8.75,6.75,7.25
N3_V6,Lingkaran,Teori,Guru4,Guru_Matematika,7.50,8.50,7.00,7.50
N3_V6,Lingkaran,Teori,Guru5,Guru_Matematika,8.00,8.00,6.50,7.00
N3_V6,Lingkaran,Teori,Guru6,Guru_Matematika,8.25,8.25,7.25,7.75
N3_V6,Lingkaran,Teori,Guru7,Guru_Matematika,7.75,8.75,6.75,7.25
N3_V6,Lingkaran,Teori,Guru8,Guru_Matematika,7.50,8.50,7.00,7.50
N3_V6,Lingkaran,Teori,Guru9,Guru_Matematika,8.00,8.00,6.50,7.00
N3_V6,Lingkaran,Teori,AI1,Ahli_AI,8.50,9.00,7.50,8.00
N3_V6,Lingkaran,Teori,AI2,Ahli_AI,8.25,8.75,7.75,8.25
N3_V6,Lingkaran,Teori,AI3,Ahli_AI,8.75,9.25,7.25,8.50
N3_V6,Lingkaran,Teori,AI4,Ahli_AI,8.00,8.75,7.50,8.00
N3_V6,Lingkaran,Teori,AI5,Ahli_AI,8.50,8.50,7.00,7.75
N3_V6,Lingkaran,Teori,AI6,Ahli_AI,8.25,9.00,7.75,8.25
N3_V6,Lingkaran,Teori,AI7,Ahli_AI,8.75,9.25,7.25,8.50
N3_V6,Lingkaran,Teori,AI8,Ahli_AI,8.00,8.75,7.50,8.00
N3_V6,Lingkaran,Teori,AI9,Ahli_AI,8.50,8.50,7.00,7.75
N3_V6,Lingkaran,Teori,AI10,Ahli_AI,8.25,9.00,7.75,8.25
N3_V6,Lingkaran,Teori,AI11,Ahli_AI,8.75,9.25,7.25,8.50
N3_V6,Lingkaran,Teori,AI12,Ahli_AI,8.00,8.75,7.50,8.00
N3_V7,Lingkaran,Aplikasi,Guru1,Guru_Matematika,8.50,8.00,8.50,8.50
N3_V7,Lingkaran,Aplikasi,Guru2,Guru_Matematika,8.75,8.25,8.75,8.75
N3_V7,Lingkaran,Aplikasi,Guru3,Guru_Matematika,8.25,7.75,8.25,8.25
N3_V7,Lingkaran,Aplikasi,Guru4,Guru_Matematika,8.00,8.00,8.50,8.50
N3_V7,Lingkaran,Aplikasi,Guru5,Guru_Matematika,8.50,7.50,8.00,8.00
N3_V7,Lingkaran,Aplikasi,Guru6,Guru_Matematika,8.75,8.25,8.75,8.75
N3_V7,Lingkaran,Aplikasi,Guru7,Guru_Matematika,8.25,7.75,8.25,8.25
N3_V7,Lingkaran,Aplikasi,Guru8,Guru_Matematika,8.00,8.00,8.50,8.50
N3_V7,Lingkaran,Aplikasi,Guru9,Guru_Matematika,8.50,7.50,8.00,8.00
N3_V7,Lingkaran,Aplikasi,AI1,Ahli_AI,9.00,8.50,9.00,9.00
N3_V7,Lingkaran,Aplikasi,AI2,Ahli_AI,8.75,8.75,8.75,8.75
N3_V7,Lingkaran,Aplikasi,AI3,Ahli_AI,9.25,8.25,9.25,9.25
N3_V7,Lingkaran,Aplikasi,AI4,Ahli_AI,8.50,8.75,8.75,8.75
N3_V7,Lingkaran,Aplikasi,AI5,Ahli_AI,9.00,8.00,8.50,8.50
N3_V7,Lingkaran,Aplikasi,AI6,Ahli_AI,8.75,8.50,9.00,9.00
N3_V7,Lingkaran,Aplikasi,AI7,Ahli_AI,9.25,8.25,9.25,9.25
N3_V7,Lingkaran,Aplikasi,AI8,Ahli_AI,8.50,8.75,8.75,8.75
N3_V7,Lingkaran,Aplikasi,AI9,Ahli_AI,9.00,8.00,8.50,8.50
N3_V7,Lingkaran,Aplikasi,AI10,Ahli_AI,8.75,8.50,9.00,9.00
N3_V7,Lingkaran,Aplikasi,AI11,Ahli_AI,9.25,8.25,9.25,9.25
N3_V7,Lingkaran,Aplikasi,AI12,Ahli_AI,8.50,8.75,8.75,8.75
N3_V8,Lingkaran,Visual,Guru1,Guru_Matematika,8.00,7.50,9.00,8.00
N3_V8,Lingkaran,Visual,Guru2,Guru_Matematika,8.25,7.75,8.75,8.25
N3_V8,Lingkaran,Visual,Guru3,Guru_Matematika,7.75,7.25,9.25,7.75
N3_V8,Lingkaran,Visual,Guru4,Guru_Matematika,7.50,7.50,9.00,8.00
N3_V8,Lingkaran,Visual,Guru5,Guru_Matematika,8.00,7.00,8.50,7.50
N3_V8,Lingkaran,Visual,Guru6,Guru_Matematika,8.25,7.75,8.75,8.25
N3_V8,Lingkaran,Visual,Guru7,Guru_Matematika,7.75,7.25,9.25,7.75
N3_V8,Lingkaran,Visual,Guru8,Guru_Matematika,7.50,7.50,9.00,8.00
N3_V8,Lingkaran,Visual,Guru9,Guru_Matematika,8.00,7.00,8.50,7.50
N3_V8,Lingkaran,Visual,AI1,Ahli_AI,8.50,7.50,9.50,8.50
N3_V8,Lingkaran,Visual,AI2,Ahli_AI,8.25,7.75,9.25,8.75
N3_V8,Lingkaran,Visual,AI3,Ahli_AI,8.75,7.25,9.75,9.00
N3_V8,Lingkaran,Visual,AI4,Ahli_AI,8.00,7.75,9.25,8.50
N3_V8,Lingkaran,Visual,AI5,Ahli_AI,8.50,7.00,9.00,8.00
N3_V8,Lingkaran,Visual,AI6,Ahli_AI,8.25,7.50,9.50,8.50
N3_V8,Lingkaran,Visual,AI7,Ahli_AI,8.75,7.25,9.75,9.00
N3_V8,Lingkaran,Visual,AI8,Ahli_AI,8.00,7.50,9.25,8.50
N3_V8,Lingkaran,Visual,AI9,Ahli_AI,8.50,7.00,9.00,8.00
N3_V8,Lingkaran,Visual,AI10,Ahli_AI,8.25,7.75,9.50,8.50
N3_V8,Lingkaran,Visual,AI11,Ahli_AI,8.75,7.25,9.75,9.00
N3_V8,Lingkaran,Visual,AI12,Ahli_AI,8.00,7.50,9.25,8.50
N3_V9,Lingkaran,Interaktif,Guru1,Guru_Matematika,7.50,7.00,8.00,7.00
N3_V9,Lingkaran,Interaktif,Guru2,Guru_Matematika,7.75,7.25,8.25,7.25
N3_V9,Lingkaran,Interaktif,Guru3,Guru_Matematika,7.25,6.75,7.75,6.75
N3_V9,Lingkaran,Interaktif,Guru4,Guru_Matematika,7.00,7.00,8.00,7.00
N3_V9,Lingkaran,Interaktif,Guru5,Guru_Matematika,7.50,6.50,7.50,6.50
N3_V9,Lingkaran,Interaktif,Guru6,Guru_Matematika,7.75,7.25,8.25,7.25
N3_V9,Lingkaran,Interaktif,Guru7,Guru_Matematika,7.25,6.75,7.75,6.75
N3_V9,Lingkaran,Interaktif,Guru8,Guru_Matematika,7.00,7.00,8.00,7.00
N3_V9,Lingkaran,Interaktif,Guru9,Guru_Matematika,7.50,6.50,7.50,6.50
N3_V9,Lingkaran,Interaktif,AI1,Ahli_AI,8.00,7.00,8.50,7.50
N3_V9,Lingkaran,Interaktif,AI2,Ahli_AI,7.75,7.25,8.25,7.75
N3_V9,Lingkaran,Interaktif,AI3,Ahli_AI,8.25,6.75,8.75,8.00
N3_V9,Lingkaran,Interaktif,AI4,Ahli_AI,7.50,7.25,8.25,7.75
N3_V9,Lingkaran,Interaktif,AI5,Ahli_AI,8.00,6.50,8.00,7.25
N3_V9,Lingkaran,Interaktif,AI6,Ahli_AI,7.75,7.00,8.50,7.50
N3_V9,Lingkaran,Interaktif,AI7,Ahli_AI,8.25,6.75,8.75,8.00
N3_V9,Lingkaran,Interaktif,AI8,Ahli_AI,7.50,7.25,8.25,7.75
N3_V9,Lingkaran,Interaktif,AI9,Ahli_AI,8.00,6.50,8.00,7.25
N3_V9,Lingkaran,Interaktif,AI10,Ahli_AI,7.75,7.00,8.50,7.50
N3_V9,Lingkaran,Interaktif,AI11,Ahli_AI,8.25,6.75,8.75,8.00
N3_V9,Lingkaran,Interaktif,AI12,Ahli_AI,7.50,7.25,8.25,7.75
N3_V10,Lingkaran,Analitis,Guru1,Guru_Matematika,8.00,8.00,7.50,8.50
N3_V10,Lingkaran,Analitis,Guru2,Guru_Matematika,8.25,7.75,7.75,8.75
N3_V10,Lingkaran,Analitis,Guru3,Guru_Matematika,7.75,8.25,7.25,8.25
N3_V10,Lingkaran,Analitis,Guru4,Guru_Matematika,7.50,8.00,7.50,8.50
N3_V10,Lingkaran,Analitis,Guru5,Guru_Matematika,8.00,7.50,7.00,8.00
N3_V10,Lingkaran,Analitis,Guru6,Guru_Matematika,8.25,7.75,7.75,8.75
N3_V10,Lingkaran,Analitis,Guru7,Guru_Matematika,7.75,8.25,7.25,8.25
N3_V10,Lingkaran,Analitis,Guru8,Guru_Matematika,7.50,8.00,7.50,8.50
N3_V10,Lingkaran,Analitis,Guru9,Guru_Matematika,8.00,7.50,7.00,8.00
N3_V10,Lingkaran,Analitis,AI1,Ahli_AI,8.50,8.50,8.00,9.00
N3_V10,Lingkaran,Analitis,AI2,Ahli_AI,8.25,8.25,8.25,8.75
N3_V10,Lingkaran,Analitis,AI3,Ahli_AI,8.75,8.75,7.75,9.25
N3_V10,Lingkaran,Analitis,AI4,Ahli_AI,8.00,8.25,8.00,8.75
N3_V10,Lingkaran,Analitis,AI5,Ahli_AI,8.50,8.00,7.50,8.50
N3_V10,Lingkaran,Analitis,AI6,Ahli_AI,8.25,8.50,8.25,9.00
N3_V10,Lingkaran,Analitis,AI7,Ahli_AI,8.75,8.75,7.75,9.25
N3_V10,Lingkaran,Analitis,AI8,Ahli_AI,8.00,8.25,8.00,8.75
N3_V10,Lingkaran,Analitis,AI9,Ahli_AI,8.50,8.00,7.50,8.50
N3_V10,Lingkaran,Analitis,AI10,Ahli_AI,8.25,8.50,8.25,9.00
N3_V10,Lingkaran,Analitis,AI11,Ahli_AI,8.75,8.75,7.75,9.25
N3_V10,Lingkaran,Analitis,AI12,Ahli_AI,8.00,8.25,8.00,8.75
N3_V11,Bangun Ruang,Teori,Guru1,Guru_Matematika,8.00,8.50,7.00,7.50
N3_V11,Bangun Ruang,Teori,Guru2,Guru_Matematika,8.25,8.25,7.25,7.75
N3_V11,Bangun Ruang,Teori,Guru3,Guru_Matematika,7.75,8.75,6.75,7.25
N3_V11,Bangun Ruang,Teori,Guru4,Guru_Matematika,7.50,8.50,7.00,7.50
N3_V11,Bangun Ruang,Teori,Guru5,Guru_Matematika,8.00,8.00,6.50,7.00
N3_V11,Bangun Ruang,Teori,Guru6,Guru_Matematika,8.25,8.25,7.25,7.75
N3_V11,Bangun Ruang,Teori,Guru7,Guru_Matematika,7.75,8.75,6.75,7.25
N3_V11,Bangun Ruang,Teori,Guru8,Guru_Matematika,7.50,8.50,7.00,7.50
N3_V11,Bangun Ruang,Teori,Guru9,Guru_Matematika,8.00,8.00,6.50,7.00
N3_V11,Bangun Ruang,Teori,AI1,Ahli_AI,8.50,9.00,7.50,8.00
N3_V11,Bangun Ruang,Teori,AI2,Ahli_AI,8.25,8.75,7.75,8.25
N3_V11,Bangun Ruang,Teori,AI3,Ahli_AI,8.75,9.25,7.25,8.50
N3_V11,Bangun Ruang,Teori,AI4,Ahli_AI,8.00,8.75,7.50,8.00
N3_V11,Bangun Ruang,Teori,AI5,Ahli_AI,8.50,8.50,7.00,7.75
N3_V11,Bangun Ruang,Teori,AI6,Ahli_AI,8.25,9.00,7.75,8.25
N3_V11,Bangun Ruang,Teori,AI7,Ahli_AI,8.75,9.25,7.25,8.50
N3_V11,Bangun Ruang,Teori,AI8,Ahli_AI,8.00,8.75,7.50,8.00
N3_V11,Bangun Ruang,Teori,AI9,Ahli_AI,8.50,8.50,7.00,7.75
N3_V11,Bangun Ruang,Teori,AI10,Ahli_AI,8.25,9.00,7.75,8.25
N3_V11,Bangun Ruang,Teori,AI11,Ahli_AI,8.75,9.25,7.25,8.50
N3_V11,Bangun Ruang,Teori,AI12,Ahli_AI,8.00,8.75,7.50,8.00
N3_V12,Bangun Ruang,Aplikasi,Guru1,Guru_Matematika,8.50,8.00,8.50,8.50
N3_V12,Bangun Ruang,Aplikasi,Guru2,Guru_Matematika,8.75,8.25,8.75,8.75
N3_V12,Bangun Ruang,Aplikasi,Guru3,Guru_Matematika,8.25,7.75,8.25,8.25
N3_V12,Bangun Ruang,Aplikasi,Guru4,Guru_Matematika,8.00,8.00,8.50,8.50
N3_V12,Bangun Ruang,Aplikasi,Guru5,Guru_Matematika,8.50,7.50,8.00,8.00
N3_V12,Bangun Ruang,Aplikasi,Guru6,Guru_Matematika,8.75,8.25,8.75,8.75
N3_V12,Bangun Ruang,Aplikasi,Guru7,Guru_Matematika,8.25,7.75,8.25,8.25
N3_V12,Bangun Ruang,Aplikasi,Guru8,Guru_Matematika,8.00,8.00,8.50,8.50
N3_V12,Bangun Ruang,Aplikasi,Guru9,Guru_Matematika,8.50,7.50,8.00,8.00
N3_V12,Bangun Ruang,Aplikasi,AI1,Ahli_AI,9.00,8.50,9.00,9.00
N3_V12,Bangun Ruang,Aplikasi,AI2,Ahli_AI,8.75,8.75,8.75,8.75
N3_V12,Bangun Ruang,Aplikasi,AI3,Ahli_AI,9.25,8.25,9.25,9.25
N3_V12,Bangun Ruang,Aplikasi,AI4,Ahli_AI,8.50,8.75,8.75,8.75
N3_V12,Bangun Ruang,Aplikasi,AI5,Ahli_AI,9.00,8.00,8.50,8.50
N3_V12,Bangun Ruang,Aplikasi,AI6,Ahli_AI,8.75,8.50,9.00,9.00
N3_V12,Bangun Ruang,Aplikasi,AI7,Ahli_AI,9.25,8.25,9.25,9.25
N3_V12,Bangun Ruang,Aplikasi,AI8,Ahli_AI,8.50,8.75,8.75,8.75
N3_V12,Bangun Ruang,Aplikasi,AI9,Ahli_AI,9.00,8.00,8.50,8.50
N3_V12,Bangun Ruang,Aplikasi,AI10,Ahli_AI,8.75,8.50,9.00,9.00
N3_V12,Bangun Ruang,Aplikasi,AI11,Ahli_AI,9.25,8.25,9.25,9.25
N3_V12,Bangun Ruang,Aplikasi,AI12,Ahli_AI,8.50,8.75,8.75,8.75
N3_V13,Bangun Ruang,Visual,Guru1,Guru_Matematika,8.00,7.50,9.00,8.00
N3_V13,Bangun Ruang,Visual,Guru2,Guru_Matematika,8.25,7.75,8.75,8.25
N3_V13,Bangun Ruang,Visual,Guru3,Guru_Matematika,7.75,7.25,9.25,7.75
N3_V13,Bangun Ruang,Visual,Guru4,Guru_Matematika,7.50,7.50,9.00,8.00
N3_V13,Bangun Ruang,Visual,Guru5,Guru_Matematika,8.00,7.00,8.50,7.50
N3_V13,Bangun Ruang,Visual,Guru6,Guru_Matematika,8.25,7.75,8.75,8.25
N3_V13,Bangun Ruang,Visual,Guru7,Guru_Matematika,7.75,7.25,9.25,7.75
N3_V13,Bangun Ruang,Visual,Guru8,Guru_Matematika,7.50,7.50,9.00,8.00
N3_V13,Bangun Ruang,Visual,Guru9,Guru_Matematika,8.00,7.00,8.50,7.50
N3_V13,Bangun Ruang,Visual,AI1,Ahli_AI,8.50,7.50,9.50,8.50
N3_V13,Bangun Ruang,Visual,AI2,Ahli_AI,8.25,7.75,9.25,8.75
N3_V13,Bangun Ruang,Visual,AI3,Ahli_AI,8.75,7.25,9.75,9.00
N3_V13,Bangun Ruang,Visual,AI4,Ahli_AI,8.00,7.75,9.25,8.50
N3_V13,Bangun Ruang,Visual,AI5,Ahli_AI,8.50,7.00,9.00,8.00
N3_V13,Bangun Ruang,Visual,AI6,Ahli_AI,8.25,7.50,9.50,8.50
N3_V13,Bangun Ruang,Visual,AI7,Ahli_AI,8.75,7.25,9.75,9.00
N3_V13,Bangun Ruang,Visual,AI8,Ahli_AI,8.00,7.50,9.25,8.50
N3_V13,Bangun Ruang,Visual,AI9,Ahli_AI,8.50,7.00,9.00,8.00
N3_V13,Bangun Ruang,Visual,AI10,Ahli_AI,8.25,7.75,9.50,8.50
N3_V13,Bangun Ruang,Visual,AI11,Ahli_AI,8.75,7.25,9.75,9.00
N3_V13,Bangun Ruang,Visual,AI12,Ahli_AI,8.00,7.50,9.25,8.50
N3_V14,Bangun Ruang,Interaktif,Guru1,Guru_Matematika,7.50,7.00,8.00,7.00
N3_V14,Bangun Ruang,Interaktif,Guru2,Guru_Matematika,7.75,7.25,8.25,7.25
N3_V14,Bangun Ruang,Interaktif,Guru3,Guru_Matematika,7.25,6.75,7.75,6.75
N3_V14,Bangun Ruang,Interaktif,Guru4,Guru_Matematika,7.00,7.00,8.00,7.00
N3_V14,Bangun Ruang,Interaktif,Guru5,Guru_Matematika,7.50,6.50,7.50,6.50
N3_V14,Bangun Ruang,Interaktif,Guru6,Guru_Matematika,7.75,7.25,8.25,7.25
N3_V14,Bangun Ruang,Interaktif,Guru7,Guru_Matematika,7.25,6.75,7.75,6.75
N3_V14,Bangun Ruang,Interaktif,Guru8,Guru_Matematika,7.00,7.00,8.00,7.00
N3_V14,Bangun Ruang,Interaktif,Guru9,Guru_Matematika,7.50,6.50,7.50,6.50
N3_V14,Bangun Ruang,Interaktif,AI1,Ahli_AI,8.00,7.00,8.50,7.50
N3_V14,Bangun Ruang,Interaktif,AI2,Ahli_AI,7.75,7.25,8.25,7.75
N3_V14,Bangun Ruang,Interaktif,AI3,Ahli_AI,8.25,6.75,8.75,8.00
N3_V14,Bangun Ruang,Interaktif,AI4,Ahli_AI,7.50,7.25,8.25,7.75
N3_V14,Bangun Ruang,Interaktif,AI5,Ahli_AI,8.00,6.50,8.00,7.25
N3_V14,Bangun Ruang,Interaktif,AI6,Ahli_AI,7.75,7.00,8.50,7.50
N3_V14,Bangun Ruang,Interaktif,AI7,Ahli_AI,8.25,6.75,8.75,8.00
N3_V14,Bangun Ruang,Interaktif,AI8,Ahli_AI,7.50,7.25,8.25,7.75
N3_V14,Bangun Ruang,Interaktif,AI9,Ahli_AI,8.00,6.50,8.00,7.25
N3_V14,Bangun Ruang,Interaktif,AI10,Ahli_AI,7.75,7.00,8.50,7.50
N3_V14,Bangun Ruang,Interaktif,AI11,Ahli_AI,8.25,6.75,8.75,8.00
N3_V14,Bangun Ruang,Interaktif,AI12,Ahli_AI,7.50,7.25,8.25,7.75
N3_V15,Bangun Ruang,Analitis,Guru1,Guru_Matematika,8.50,8.50,8.00,9.00
N3_V15,Bangun Ruang,Analitis,Guru2,Guru_Matematika,8.75,8.25,8.25,9.25
N3_V15,Bangun Ruang,Analitis,Guru3,Guru_Matematika,8.25,8.75,7.75,8.75
N3_V15,Bangun Ruang,Analitis,Guru4,Guru_Matematika,8.00,8.50,8.00,9.00
N3_V15,Bangun Ruang,Analitis,Guru5,Guru_Matematika,8.50,8.00,7.50,8.50
N3_V15,Bangun Ruang,Analitis,Guru6,Guru_Matematika,8.75,8.25,8.25,9.25
N3_V15,Bangun Ruang,Analitis,Guru7,Guru_Matematika,8.25,8.75,7.75,8.75
N3_V15,Bangun Ruang,Analitis,Guru8,Guru_Matematika,8.00,8.50,8.00,9.00
N3_V15,Bangun Ruang,Analitis,Guru9,Guru_Matematika,8.50,8.00,7.50,8.50
N3_V15,Bangun Ruang,Analitis,AI1,Ahli_AI,9.00,9.00,8.50,9.50
N3_V15,Bangun Ruang,Analitis,AI2,Ahli_AI,8.75,8.75,8.75,9.25
N3_V15,Bangun Ruang,Analitis,AI3,Ahli_AI,9.25,9.25,8.25,9.75
N3_V15,Bangun Ruang,Analitis,AI4,Ahli_AI,8.50,8.75,8.50,9.25
N3_V15,Bangun Ruang,Analitis,AI5,Ahli_AI,9.00,8.50,8.00,9.00
N3_V15,Bangun Ruang,Analitis,AI6,Ahli_AI,8.75,9.00,8.75,9.50
N3_V15,Bangun Ruang,Analitis,AI7,Ahli_AI,9.25,9.25,8.25,9.75
N3_V15,Bangun Ruang,Analitis,AI8,Ahli_AI,8.50,8.75,8.50,9.25
N3_V15,Bangun Ruang,Analitis,AI9,Ahli_AI,9.00,8.50,8.00,9.00
N3_V15,Bangun Ruang,Analitis,AI10,Ahli_AI,8.75,9.00,8.75,9.50
N3_V15,Bangun Ruang,Analitis,AI11,Ahli_AI,9.25,9.25,8.25,9.75
N3_V15,Bangun Ruang,Analitis,AI12,Ahli_AI,8.50,8.75,8.50,9.25
N4_V1,SPLDV SPLTV,Teori,Guru1,Guru_Matematika,8.50,8.50,7.50,8.00
N4_V1,SPLDV SPLTV,Teori,Guru2,Guru_Matematika,8.75,8.25,7.75,8.25
N4_V1,SPLDV SPLTV,Teori,Guru3,Guru_Matematika,8.25,8.75,7.25,7.75
N4_V1,SPLDV SPLTV,Teori,Guru4,Guru_Matematika,8.00,8.50,7.50,8.00
N4_V1,SPLDV SPLTV,Teori,Guru5,Guru_Matematika,8.50,8.00,7.00,7.50
N4_V1,SPLDV SPLTV,Teori,Guru6,Guru_Matematika,8.75,8.25,7.75,8.25
N4_V1,SPLDV SPLTV,Teori,Guru7,Guru_Matematika,8.25,8.75,7.25,7.75
N4_V1,SPLDV SPLTV,Teori,Guru8,Guru_Matematika,8.00,8.50,7.50,8.00
N4_V1,SPLDV SPLTV,Teori,Guru9,Guru_Matematika,8.50,8.00,7.00,7.50
N4_V1,SPLDV SPLTV,Teori,AI1,Ahli_AI,9.00,8.50,8.00,8.50
N4_V1,SPLDV SPLTV,Teori,AI2,Ahli_AI,8.75,8.75,8.25,8.75
N4_V1,SPLDV SPLTV,Teori,AI3,Ahli_AI,9.25,8.50,7.75,9.00
N4_V1,SPLDV SPLTV,Teori,AI4,Ahli_AI,8.50,8.75,8.00,8.50
N4_V1,SPLDV SPLTV,Teori,AI5,Ahli_AI,9.00,8.25,7.50,8.25
N4_V1,SPLDV SPLTV,Teori,AI6,Ahli_AI,8.75,8.50,8.25,8.75
N4_V1,SPLDV SPLTV,Teori,AI7,Ahli_AI,9.25,8.75,7.75,9.00
N4_V1,SPLDV SPLTV,Teori,AI8,Ahli_AI,8.50,8.50,8.00,8.50
N4_V1,SPLDV SPLTV,Teori,AI9,Ahli_AI,9.00,8.25,7.50,8.25
N4_V1,SPLDV SPLTV,Teori,AI10,Ahli_AI,8.75,8.75,8.25,8.75
N4_V1,SPLDV SPLTV,Teori,AI11,Ahli_AI,9.25,8.50,7.75,9.00
N4_V1,SPLDV SPLTV,Teori,AI12,Ahli_AI,8.50,8.75,8.00,8.50
N4_V2,SPLDV SPLTV,Aplikasi,Guru1,Guru_Matematika,8.50,8.00,8.50,8.50
N4_V2,SPLDV SPLTV,Aplikasi,Guru2,Guru_Matematika,8.75,8.25,8.75,8.75
N4_V2,SPLDV SPLTV,Aplikasi,Guru3,Guru_Matematika,8.25,7.75,8.25,8.25
N4_V2,SPLDV SPLTV,Aplikasi,Guru4,Guru_Matematika,8.00,8.00,8.50,8.50
N4_V2,SPLDV SPLTV,Aplikasi,Guru5,Guru_Matematika,8.50,7.50,8.00,8.00
N4_V2,SPLDV SPLTV,Aplikasi,Guru6,Guru_Matematika,8.75,8.25,8.75,8.75
N4_V2,SPLDV SPLTV,Aplikasi,Guru7,Guru_Matematika,8.25,7.75,8.25,8.25
N4_V2,SPLDV SPLTV,Aplikasi,Guru8,Guru_Matematika,8.00,8.00,8.50,8.50
N4_V2,SPLDV SPLTV,Aplikasi,Guru9,Guru_Matematika,8.50,7.50,8.00,8.00
N4_V2,SPLDV SPLTV,Aplikasi,AI1,Ahli_AI,9.00,8.50,9.00,9.00
N4_V2,SPLDV SPLTV,Aplikasi,AI2,Ahli_AI,8.75,8.75,8.75,8.75
N4_V2,SPLDV SPLTV,Aplikasi,AI3,Ahli_AI,9.25,8.25,9.25,9.25
N4_V2,SPLDV SPLTV,Aplikasi,AI4,Ahli_AI,8.50,8.75,8.75,8.75
N4_V2,SPLDV SPLTV,Aplikasi,AI5,Ahli_AI,9.00,8.00,8.50,8.50
N4_V2,SPLDV SPLTV,Aplikasi,AI6,Ahli_AI,8.75,8.50,9.00,9.00
N4_V2,SPLDV SPLTV,Aplikasi,AI7,Ahli_AI,9.25,8.25,9.25,9.25
N4_V2,SPLDV SPLTV,Aplikasi,AI8,Ahli_AI,8.50,8.75,8.75,8.75
N4_V2,SPLDV SPLTV,Aplikasi,AI9,Ahli_AI,9.00,8.00,8.50,8.50
N4_V2,SPLDV SPLTV,Aplikasi,AI10,Ahli_AI,8.75,8.50,9.00,9.00
N4_V2,SPLDV SPLTV,Aplikasi,AI11,Ahli_AI,9.25,8.25,9.25,9.25
N4_V2,SPLDV SPLTV,Aplikasi,AI12,Ahli_AI,8.50,8.75,8.75,8.75
N4_V3,SPLDV SPLTV,Visual,Guru1,Guru_Matematika,7.50,7.00,9.00,7.50
N4_V3,SPLDV SPLTV,Visual,Guru2,Guru_Matematika,7.75,7.25,8.75,7.75
N4_V3,SPLDV SPLTV,Visual,Guru3,Guru_Matematika,7.25,6.75,9.25,7.25
N4_V3,SPLDV SPLTV,Visual,Guru4,Guru_Matematika,7.00,7.00,9.00,7.50
N4_V3,SPLDV SPLTV,Visual,Guru5,Guru_Matematika,7.50,6.50,8.50,7.00
N4_V3,SPLDV SPLTV,Visual,Guru6,Guru_Matematika,7.75,7.25,8.75,7.75
N4_V3,SPLDV SPLTV,Visual,Guru7,Guru_Matematika,7.25,6.75,9.25,7.25
N4_V3,SPLDV SPLTV,Visual,Guru8,Guru_Matematika,7.00,7.00,9.00,7.50
N4_V3,SPLDV SPLTV,Visual,Guru9,Guru_Matematika,7.50,6.50,8.50,7.00
N4_V3,SPLDV SPLTV,Visual,AI1,Ahli_AI,8.00,7.50,9.50,8.00
N4_V3,SPLDV SPLTV,Visual,AI2,Ahli_AI,7.75,7.75,9.25,8.25
N4_V3,SPLDV SPLTV,Visual,AI3,Ahli_AI,8.25,7.25,9.75,8.50
N4_V3,SPLDV SPLTV,Visual,AI4,Ahli_AI,7.50,7.75,9.25,8.00
N4_V3,SPLDV SPLTV,Visual,AI5,Ahli_AI,8.00,7.00,9.00,7.75
N4_V3,SPLDV SPLTV,Visual,AI6,Ahli_AI,7.75,7.50,9.50,8.00
N4_V3,SPLDV SPLTV,Visual,AI7,Ahli_AI,8.25,7.25,9.75,8.50
N4_V3,SPLDV SPLTV,Visual,AI8,Ahli_AI,7.50,7.50,9.25,8.00
N4_V3,SPLDV SPLTV,Visual,AI9,Ahli_AI,8.00,7.00,9.00,7.75
N4_V3,SPLDV SPLTV,Visual,AI10,Ahli_AI,7.75,7.75,9.50,8.25
N4_V3,SPLDV SPLTV,Visual,AI11,Ahli_AI,8.25,7.25,9.75,8.50
N4_V3,SPLDV SPLTV,Visual,AI12,Ahli_AI,7.50,7.50,9.25,8.00
N4_V4,SPLDV SPLTV,Interaktif,Guru1,Guru_Matematika,7.50,7.00,8.00,7.00
N4_V4,SPLDV SPLTV,Interaktif,Guru2,Guru_Matematika,7.75,7.25,8.25,7.25
N4_V4,SPLDV SPLTV,Interaktif,Guru3,Guru_Matematika,7.25,6.75,7.75,6.75
N4_V4,SPLDV SPLTV,Interaktif,Guru4,Guru_Matematika,7.00,7.00,8.00,7.00
N4_V4,SPLDV SPLTV,Interaktif,Guru5,Guru_Matematika,7.50,6.50,7.50,6.50
N4_V4,SPLDV SPLTV,Interaktif,Guru6,Guru_Matematika,7.75,7.25,8.25,7.25
N4_V4,SPLDV SPLTV,Interaktif,Guru7,Guru_Matematika,7.25,6.75,7.75,6.75
N4_V4,SPLDV SPLTV,Interaktif,Guru8,Guru_Matematika,7.00,7.00,8.00,7.00
N4_V4,SPLDV SPLTV,Interaktif,Guru9,Guru_Matematika,7.50,6.50,7.50,6.50
N4_V4,SPLDV SPLTV,Interaktif,AI1,Ahli_AI,8.00,7.00,8.50,7.50
N4_V4,SPLDV SPLTV,Interaktif,AI2,Ahli_AI,7.75,7.25,8.25,7.75
N4_V4,SPLDV SPLTV,Interaktif,AI3,Ahli_AI,8.25,6.75,8.75,8.00
N4_V4,SPLDV SPLTV,Interaktif,AI4,Ahli_AI,7.50,7.25,8.25,7.75
N4_V4,SPLDV SPLTV,Interaktif,AI5,Ahli_AI,8.00,6.50,8.00,7.25
N4_V4,SPLDV SPLTV,Interaktif,AI6,Ahli_AI,7.75,7.00,8.50,7.50
N4_V4,SPLDV SPLTV,Interaktif,AI7,Ahli_AI,8.25,6.75,8.75,8.00
N4_V4,SPLDV SPLTV,Interaktif,AI8,Ahli_AI,7.50,7.25,8.25,7.75
N4_V4,SPLDV SPLTV,Interaktif,AI9,Ahli_AI,8.00,6.50,8.00,7.25
N4_V4,SPLDV SPLTV,Interaktif,AI10,Ahli_AI,7.75,7.00,8.50,7.50
N4_V4,SPLDV SPLTV,Interaktif,AI11,Ahli_AI,8.25,6.75,8.75,8.00
N4_V4,SPLDV SPLTV,Interaktif,AI12,Ahli_AI,7.50,7.25,8.25,7.75
N4_V5,SPLDV SPLTV,Analitis,Guru1,Guru_Matematika,8.50,8.50,7.50,9.00
N4_V5,SPLDV SPLTV,Analitis,Guru2,Guru_Matematika,8.75,8.25,7.75,9.25
N4_V5,SPLDV SPLTV,Analitis,Guru3,Guru_Matematika,8.25,8.75,7.25,8.75
N4_V5,SPLDV SPLTV,Analitis,Guru4,Guru_Matematika,8.00,8.50,7.50,9.00
N4_V5,SPLDV SPLTV,Analitis,Guru5,Guru_Matematika,8.50,8.00,7.00,8.50
N4_V5,SPLDV SPLTV,Analitis,Guru6,Guru_Matematika,8.75,8.25,7.75,9.25
N4_V5,SPLDV SPLTV,Analitis,Guru7,Guru_Matematika,8.25,8.75,7.25,8.75
N4_V5,SPLDV SPLTV,Analitis,Guru8,Guru_Matematika,8.00,8.50,7.50,9.00
N4_V5,SPLDV SPLTV,Analitis,Guru9,Guru_Matematika,8.50,8.00,7.00,8.50
N4_V5,SPLDV SPLTV,Analitis,AI1,Ahli_AI,9.00,9.00,8.00,9.50
N4_V5,SPLDV SPLTV,Analitis,AI2,Ahli_AI,8.75,8.75,8.25,9.25
N4_V5,SPLDV SPLTV,Analitis,AI3,Ahli_AI,9.25,9.25,7.75,9.75
N4_V5,SPLDV SPLTV,Analitis,AI4,Ahli_AI,8.50,8.75,8.00,9.25
N4_V5,SPLDV SPLTV,Analitis,AI5,Ahli_AI,9.00,8.50,7.50,9.00
N4_V5,SPLDV SPLTV,Analitis,AI6,Ahli_AI,8.75,9.00,8.25,9.50
N4_V5,SPLDV SPLTV,Analitis,AI7,Ahli_AI,9.25,9.25,7.75,9.75
N4_V5,SPLDV SPLTV,Analitis,AI8,Ahli_AI,8.50,8.75,8.00,9.25
N4_V5,SPLDV SPLTV,Analitis,AI9,Ahli_AI,9.00,8.50,7.50,9.00
N4_V5,SPLDV SPLTV,Analitis,AI10,Ahli_AI,8.75,9.00,8.25,9.50
N4_V5,SPLDV SPLTV,Analitis,AI11,Ahli_AI,9.25,9.25,7.75,9.75
N4_V5,SPLDV SPLTV,Analitis,AI12,Ahli_AI,8.50,8.75,8.00,9.25
N4_V6,Barisan dan Deret,Teori,Guru1,Guru_Matematika,7.50,8.00,6.50,7.00
N4_V6,Barisan dan Deret,Teori,Guru2,Guru_Matematika,7.75,7.75,6.75,7.25
N4_V6,Barisan dan Deret,Teori,Guru3,Guru_Matematika,7.25,8.25,6.25,6.75
N4_V6,Barisan dan Deret,Teori,Guru4,Guru_Matematika,7.00,8.00,6.50,7.00
N4_V6,Barisan dan Deret,Teori,Guru5,Guru_Matematika,7.50,7.50,6.00,6.50
N4_V6,Barisan dan Deret,Teori,Guru6,Guru_Matematika,7.75,7.75,6.75,7.25
N4_V6,Barisan dan Deret,Teori,Guru7,Guru_Matematika,7.25,8.25,6.25,6.75
N4_V6,Barisan dan Deret,Teori,Guru8,Guru_Matematika,7.00,8.00,6.50,7.00
N4_V6,Barisan dan Deret,Teori,Guru9,Guru_Matematika,7.50,7.50,6.00,6.50
N4_V6,Barisan dan Deret,Teori,AI1,Ahli_AI,8.00,8.50,7.00,7.50
N4_V6,Barisan dan Deret,Teori,AI2,Ahli_AI,7.75,8.25,7.25,7.75
N4_V6,Barisan dan Deret,Teori,AI3,Ahli_AI,8.25,8.75,6.75,8.00
N4_V6,Barisan dan Deret,Teori,AI4,Ahli_AI,7.50,8.25,7.00,7.50
N4_V6,Barisan dan Deret,Teori,AI5,Ahli_AI,8.00,8.00,6.50,7.25
N4_V6,Barisan dan Deret,Teori,AI6,Ahli_AI,7.75,8.50,7.25,7.75
N4_V6,Barisan dan Deret,Teori,AI7,Ahli_AI,8.25,8.75,6.75,8.00
N4_V6,Barisan dan Deret,Teori,AI8,Ahli_AI,7.50,8.25,7.00,7.50
N4_V6,Barisan dan Deret,Teori,AI9,Ahli_AI,8.00,8.00,6.50,7.25
N4_V6,Barisan dan Deret,Teori,AI10,Ahli_AI,7.75,8.50,7.25,7.75
N4_V6,Barisan dan Deret,Teori,AI11,Ahli_AI,8.25,8.75,6.75,8.00
N4_V6,Barisan dan Deret,Teori,AI12,Ahli_AI,7.50,8.25,7.00,7.50
N4_V7,Barisan dan Deret,Aplikasi,Guru1,Guru_Matematika,8.50,8.00,8.50,8.50
N4_V7,Barisan dan Deret,Aplikasi,Guru2,Guru_Matematika,8.75,8.25,8.75,8.75
N4_V7,Barisan dan Deret,Aplikasi,Guru3,Guru_Matematika,8.25,7.75,8.25,8.25
N4_V7,Barisan dan Deret,Aplikasi,Guru4,Guru_Matematika,8.00,8.00,8.50,8.50
N4_V7,Barisan dan Deret,Aplikasi,Guru5,Guru_Matematika,8.50,7.50,8.00,8.00
N4_V7,Barisan dan Deret,Aplikasi,Guru6,Guru_Matematika,8.75,8.25,8.75,8.75
N4_V7,Barisan dan Deret,Aplikasi,Guru7,Guru_Matematika,8.25,7.75,8.25,8.25
N4_V7,Barisan dan Deret,Aplikasi,Guru8,Guru_Matematika,8.00,8.00,8.50,8.50
N4_V7,Barisan dan Deret,Aplikasi,Guru9,Guru_Matematika,8.50,7.50,8.00,8.00
N4_V7,Barisan dan Deret,Aplikasi,AI1,Ahli_AI,9.00,8.50,9.00,9.00
N4_V7,Barisan dan Deret,Aplikasi,AI2,Ahli_AI,8.75,8.75,8.75,8.75
N4_V7,Barisan dan Deret,Aplikasi,AI3,Ahli_AI,9.25,8.25,9.25,9.25
N4_V7,Barisan dan Deret,Aplikasi,AI4,Ahli_AI,8.50,8.75,8.75,8.75
N4_V7,Barisan dan Deret,Aplikasi,AI5,Ahli_AI,9.00,8.00,8.50,8.50
N4_V7,Barisan dan Deret,Aplikasi,AI6,Ahli_AI,8.75,8.50,9.00,9.00
N4_V7,Barisan dan Deret,Aplikasi,AI7,Ahli_AI,9.25,8.25,9.25,9.25
N4_V7,Barisan dan Deret,Aplikasi,AI8,Ahli_AI,8.50,8.75,8.75,8.75
N4_V7,Barisan dan Deret,Aplikasi,AI9,Ahli_AI,9.00,8.00,8.50,8.50
N4_V7,Barisan dan Deret,Aplikasi,AI10,Ahli_AI,8.75,8.50,9.00,9.00
N4_V7,Barisan dan Deret,Aplikasi,AI11,Ahli_AI,9.25,8.25,9.25,9.25
N4_V7,Barisan dan Deret,Aplikasi,AI12,Ahli_AI,8.50,8.75,8.75,8.75
N4_V8,Barisan dan Deret,Visual,Guru1,Guru_Matematika,8.00,7.50,9.00,8.00
N4_V8,Barisan dan Deret,Visual,Guru2,Guru_Matematika,8.25,7.75,8.75,8.25
N4_V8,Barisan dan Deret,Visual,Guru3,Guru_Matematika,7.75,7.25,9.25,7.75
N4_V8,Barisan dan Deret,Visual,Guru4,Guru_Matematika,7.50,7.50,9.00,8.00
N4_V8,Barisan dan Deret,Visual,Guru5,Guru_Matematika,8.00,7.00,8.50,7.50
N4_V8,Barisan dan Deret,Visual,Guru6,Guru_Matematika,8.25,7.75,8.75,8.25
N4_V8,Barisan dan Deret,Visual,Guru7,Guru_Matematika,7.75,7.25,9.25,7.75
N4_V8,Barisan dan Deret,Visual,Guru8,Guru_Matematika,7.50,7.50,9.00,8.00
N4_V8,Barisan dan Deret,Visual,Guru9,Guru_Matematika,8.00,7.00,8.50,7.50
N4_V8,Barisan dan Deret,Visual,AI1,Ahli_AI,8.50,7.50,9.50,8.50
N4_V8,Barisan dan Deret,Visual,AI2,Ahli_AI,8.25,7.75,9.25,8.75
N4_V8,Barisan dan Deret,Visual,AI3,Ahli_AI,8.75,7.25,9.75,9.00
N4_V8,Barisan dan Deret,Visual,AI4,Ahli_AI,8.00,7.75,9.25,8.50
N4_V8,Barisan dan Deret,Visual,AI5,Ahli_AI,8.50,7.00,9.00,8.00
N4_V8,Barisan dan Deret,Visual,AI6,Ahli_AI,8.25,7.50,9.50,8.50
N4_V8,Barisan dan Deret,Visual,AI7,Ahli_AI,8.75,7.25,9.75,9.00
N4_V8,Barisan dan Deret,Visual,AI8,Ahli_AI,8.00,7.50,9.25,8.50
N4_V8,Barisan dan Deret,Visual,AI9,Ahli_AI,8.50,7.00,9.00,8.00
N4_V8,Barisan dan Deret,Visual,AI10,Ahli_AI,8.25,7.75,9.50,8.50
N4_V8,Barisan dan Deret,Visual,AI11,Ahli_AI,8.75,7.25,9.75,9.00
N4_V8,Barisan dan Deret,Visual,AI12,Ahli_AI,8.00,7.50,9.25,8.50
N4_V9,Barisan dan Deret,Interaktif,Guru1,Guru_Matematika,7.50,7.00,8.00,7.00
N4_V9,Barisan dan Deret,Interaktif,Guru2,Guru_Matematika,7.75,7.25,8.25,7.25
N4_V9,Barisan dan Deret,Interaktif,Guru3,Guru_Matematika,7.25,6.75,7.75,6.75
N4_V9,Barisan dan Deret,Interaktif,Guru4,Guru_Matematika,7.00,7.00,8.00,7.00
N4_V9,Barisan dan Deret,Interaktif,Guru5,Guru_Matematika,7.50,6.50,7.50,6.50
N4_V9,Barisan dan Deret,Interaktif,Guru6,Guru_Matematika,7.75,7.25,8.25,7.25
N4_V9,Barisan dan Deret,Interaktif,Guru7,Guru_Matematika,7.25,6.75,7.75,6.75
N4_V9,Barisan dan Deret,Interaktif,Guru8,Guru_Matematika,7.00,7.00,8.00,7.00
N4_V9,Barisan dan Deret,Interaktif,Guru9,Guru_Matematika,7.50,6.50,7.50,6.50
N4_V9,Barisan dan Deret,Interaktif,AI1,Ahli_AI,8.00,7.00,8.50,7.50
N4_V9,Barisan dan Deret,Interaktif,AI2,Ahli_AI,7.75,7.25,8.25,7.75
N4_V9,Barisan dan Deret,Interaktif,AI3,Ahli_AI,8.25,6.75,8.75,8.00
N4_V9,Barisan dan Deret,Interaktif,AI4,Ahli_AI,7.50,7.25,8.25,7.75
N4_V9,Barisan dan Deret,Interaktif,AI5,Ahli_AI,8.00,6.50,8.00,7.25
N4_V9,Barisan dan Deret,Interaktif,AI6,Ahli_AI,7.75,7.00,8.50,7.50
N4_V9,Barisan dan Deret,Interaktif,AI7,Ahli_AI,8.25,6.75,8.75,8.00
N4_V9,Barisan dan Deret,Interaktif,AI8,Ahli_AI,7.50,7.25,8.25,7.75
N4_V9,Barisan dan Deret,Interaktif,AI9,Ahli_AI,8.00,6.50,8.00,7.25
N4_V9,Barisan dan Deret,Interaktif,AI10,Ahli_AI,7.75,7.00,8.50,7.50
N4_V9,Barisan dan Deret,Interaktif,AI11,Ahli_AI,8.25,6.75,8.75,8.00
N4_V9,Barisan dan Deret,Interaktif,AI12,Ahli_AI,7.50,7.25,8.25,7.75
N4_V10,Barisan dan Deret,Analitis,Guru1,Guru_Matematika,8.00,8.00,7.50,8.50
N4_V10,Barisan dan Deret,Analitis,Guru2,Guru_Matematika,8.25,7.75,7.75,8.75
N4_V10,Barisan dan Deret,Analitis,Guru3,Guru_Matematika,7.75,8.25,7.25,8.25
N4_V10,Barisan dan Deret,Analitis,Guru4,Guru_Matematika,7.50,8.00,7.50,8.50
N4_V10,Barisan dan Deret,Analitis,Guru5,Guru_Matematika,8.00,7.50,7.00,8.00
N4_V10,Barisan dan Deret,Analitis,Guru6,Guru_Matematika,8.25,7.75,7.75,8.75
N4_V10,Barisan dan Deret,Analitis,Guru7,Guru_Matematika,7.75,8.25,7.25,8.25
N4_V10,Barisan dan Deret,Analitis,Guru8,Guru_Matematika,7.50,8.00,7.50,8.50
N4_V10,Barisan dan Deret,Analitis,Guru9,Guru_Matematika,8.00,7.50,7.00,8.00
N4_V10,Barisan dan Deret,Analitis,AI1,Ahli_AI,8.50,8.50,8.00,9.00
N4_V10,Barisan dan Deret,Analitis,AI2,Ahli_AI,8.25,8.25,8.25,8.75
N4_V10,Barisan dan Deret,Analitis,AI3,Ahli_AI,8.75,8.75,7.75,9.25
N4_V10,Barisan dan Deret,Analitis,AI4,Ahli_AI,8.00,8.25,8.00,8.75
N4_V10,Barisan dan Deret,Analitis,AI5,Ahli_AI,8.50,8.00,7.50,8.50
N4_V10,Barisan dan Deret,Analitis,AI6,Ahli_AI,8.25,8.50,8.25,9.00
N4_V10,Barisan dan Deret,Analitis,AI7,Ahli_AI,8.75,8.75,7.75,9.25
N4_V10,Barisan dan Deret,Analitis,AI8,Ahli_AI,8.00,8.25,8.00,8.75
N4_V10,Barisan dan Deret,Analitis,AI9,Ahli_AI,8.50,8.00,7.50,8.50
N4_V10,Barisan dan Deret,Analitis,AI10,Ahli_AI,8.25,8.50,8.25,9.00
N4_V10,Barisan dan Deret,Analitis,AI11,Ahli_AI,8.75,8.75,7.75,9.25
N4_V10,Barisan dan Deret,Analitis,AI12,Ahli_AI,8.00,8.25,8.00,8.75
N4_V11,Fungsi Aljabar Bag.1,Teori,Guru1,Guru_Matematika,8.50,8.50,7.50,8.00
N4_V11,Fungsi Aljabar Bag.1,Teori,Guru2,Guru_Matematika,8.75,8.25,7.75,8.25
N4_V11,Fungsi Aljabar Bag.1,Teori,Guru3,Guru_Matematika,8.25,8.75,7.25,7.75
N4_V11,Fungsi Aljabar Bag.1,Teori,Guru4,Guru_Matematika,8.00,8.50,7.50,8.00
N4_V11,Fungsi Aljabar Bag.1,Teori,Guru5,Guru_Matematika,8.50,8.00,7.00,7.50
N4_V11,Fungsi Aljabar Bag.1,Teori,Guru6,Guru_Matematika,8.75,8.25,7.75,8.25
N4_V11,Fungsi Aljabar Bag.1,Teori,Guru7,Guru_Matematika,8.25,8.75,7.25,7.75
N4_V11,Fungsi Aljabar Bag.1,Teori,Guru8,Guru_Matematika,8.00,8.50,7.50,8.00
N4_V11,Fungsi Aljabar Bag.1,Teori,Guru9,Guru_Matematika,8.50,8.00,7.00,7.50
N4_V11,Fungsi Aljabar Bag.1,Teori,AI1,Ahli_AI,9.00,8.50,8.00,8.50
N4_V11,Fungsi Aljabar Bag.1,Teori,AI2,Ahli_AI,8.75,8.75,8.25,8.75
N4_V11,Fungsi Aljabar Bag.1,Teori,AI3,Ahli_AI,9.25,8.50,7.75,9.00
N4_V11,Fungsi Aljabar Bag.1,Teori,AI4,Ahli_AI,8.50,8.75,8.00,8.50
N4_V11,Fungsi Aljabar Bag.1,Teori,AI5,Ahli_AI,9.00,8.25,7.50,8.25
N4_V11,Fungsi Aljabar Bag.1,Teori,AI6,Ahli_AI,8.75,8.50,8.25,8.75
N4_V11,Fungsi Aljabar Bag.1,Teori,AI7,Ahli_AI,9.25,8.75,7.75,9.00
N4_V11,Fungsi Aljabar Bag.1,Teori,AI8,Ahli_AI,8.50,8.50,8.00,8.50
N4_V11,Fungsi Aljabar Bag.1,Teori,AI9,Ahli_AI,9.00,8.25,7.50,8.25
N4_V11,Fungsi Aljabar Bag.1,Teori,AI10,Ahli_AI,8.75,8.75,8.25,8.75
N4_V11,Fungsi Aljabar Bag.1,Teori,AI11,Ahli_AI,9.25,8.50,7.75,9.00
N4_V11,Fungsi Aljabar Bag.1,Teori,AI12,Ahli_AI,8.50,8.75,8.00,8.50
N4_V12,Fungsi Aljabar Bag.1,Aplikasi,Guru1,Guru_Matematika,8.50,8.00,8.50,8.50
N4_V12,Fungsi Aljabar Bag.1,Aplikasi,Guru2,Guru_Matematika,8.75,8.25,8.75,8.75
N4_V12,Fungsi Aljabar Bag.1,Aplikasi,Guru3,Guru_Matematika,8.25,7.75,8.25,8.25
N4_V12,Fungsi Aljabar Bag.1,Aplikasi,Guru4,Guru_Matematika,8.00,8.00,8.50,8.50
N4_V12,Fungsi Aljabar Bag.1,Aplikasi,Guru5,Guru_Matematika,8.50,7.50,8.00,8.00
N4_V12,Fungsi Aljabar Bag.1,Aplikasi,Guru6,Guru_Matematika,8.75,8.25,8.75,8.75
N4_V12,Fungsi Aljabar Bag.1,Aplikasi,Guru7,Guru_Matematika,8.25,7.75,8.25,8.25
N4_V12,Fungsi Aljabar Bag.1,Aplikasi,Guru8,Guru_Matematika,8.00,8.00,8.50,8.50
N4_V12,Fungsi Aljabar Bag.1,Aplikasi,Guru9,Guru_Matematika,8.50,7.50,8.00,8.00
N4_V12,Fungsi Aljabar Bag.1,Aplikasi,AI1,Ahli_AI,9.00,8.50,9.00,9.00
N4_V12,Fungsi Aljabar Bag.1,Aplikasi,AI2,Ahli_AI,8.75,8.75,8.75,8.75
N4_V12,Fungsi Aljabar Bag.1,Aplikasi,AI3,Ahli_AI,9.25,8.25,9.25,9.25
N4_V12,Fungsi Aljabar Bag.1,Aplikasi,AI4,Ahli_AI,8.50,8.75,8.75,8.75
N4_V12,Fungsi Aljabar Bag.1,Aplikasi,AI5,Ahli_AI,9.00,8.00,8.50,8.50
N4_V12,Fungsi Aljabar Bag.1,Aplikasi,AI6,Ahli_AI,8.75,8.50,9.00,9.00
N4_V12,Fungsi Aljabar Bag.1,Aplikasi,AI7,Ahli_AI,9.25,8.25,9.25,9.25
N4_V12,Fungsi Aljabar Bag.1,Aplikasi,AI8,Ahli_AI,8.50,8.75,8.75,8.75
N4_V12,Fungsi Aljabar Bag.1,Aplikasi,AI9,Ahli_AI,9.00,8.00,8.50,8.50
N4_V12,Fungsi Aljabar Bag.1,Aplikasi,AI10,Ahli_AI,8.75,8.50,9.00,9.00
N4_V12,Fungsi Aljabar Bag.1,Aplikasi,AI11,Ahli_AI,9.25,8.25,9.25,9.25
N4_V12,Fungsi Aljabar Bag.1,Aplikasi,AI12,Ahli_AI,8.50,8.75,8.75,8.75
N4_V13,Fungsi Aljabar Bag.1,Visual,Guru1,Guru_Matematika,8.00,7.50,9.00,8.00
N4_V13,Fungsi Aljabar Bag.1,Visual,Guru2,Guru_Matematika,8.25,7.75,8.75,8.25
N4_V13,Fungsi Aljabar Bag.1,Visual,Guru3,Guru_Matematika,7.75,7.25,9.25,7.75
N4_V13,Fungsi Aljabar Bag.1,Visual,Guru4,Guru_Matematika,7.50,7.50,9.00,8.00
N4_V13,Fungsi Aljabar Bag.1,Visual,Guru5,Guru_Matematika,8.00,7.00,8.50,7.50
N4_V13,Fungsi Aljabar Bag.1,Visual,Guru6,Guru_Matematika,8.25,7.75,8.75,8.25
N4_V13,Fungsi Aljabar Bag.1,Visual,Guru7,Guru_Matematika,7.75,7.25,9.25,7.75
N4_V13,Fungsi Aljabar Bag.1,Visual,Guru8,Guru_Matematika,7.50,7.50,9.00,8.00
N4_V13,Fungsi Aljabar Bag.1,Visual,Guru9,Guru_Matematika,8.00,7.00,8.50,7.50
N4_V13,Fungsi Aljabar Bag.1,Visual,AI1,Ahli_AI,8.50,7.50,9.50,8.50
N4_V13,Fungsi Aljabar Bag.1,Visual,AI2,Ahli_AI,8.25,7.75,9.25,8.75
N4_V13,Fungsi Aljabar Bag.1,Visual,AI3,Ahli_AI,8.75,7.25,9.75,9.00
N4_V13,Fungsi Aljabar Bag.1,Visual,AI4,Ahli_AI,8.00,7.75,9.25,8.50
N4_V13,Fungsi Aljabar Bag.1,Visual,AI5,Ahli_AI,8.50,7.00,9.00,8.00
N4_V13,Fungsi Aljabar Bag.1,Visual,AI6,Ahli_AI,8.25,7.50,9.50,8.50
N4_V13,Fungsi Aljabar Bag.1,Visual,AI7,Ahli_AI,8.75,7.25,9.75,9.00
N4_V13,Fungsi Aljabar Bag.1,Visual,AI8,Ahli_AI,8.00,7.50,9.25,8.50
N4_V13,Fungsi Aljabar Bag.1,Visual,AI9,Ahli_AI,8.50,7.00,9.00,8.00
N4_V13,Fungsi Aljabar Bag.1,Visual,AI10,Ahli_AI,8.25,7.75,9.50,8.50
N4_V13,Fungsi Aljabar Bag.1,Visual,AI11,Ahli_AI,8.75,7.25,9.75,9.00
N4_V13,Fungsi Aljabar Bag.1,Visual,AI12,Ahli_AI,8.00,7.50,9.25,8.50
N4_V14,Fungsi Aljabar Bag.1,Interaktif,Guru1,Guru_Matematika,7.50,7.00,8.00,7.00
N4_V14,Fungsi Aljabar Bag.1,Interaktif,Guru2,Guru_Matematika,7.75,7.25,8.25,7.25
N4_V14,Fungsi Aljabar Bag.1,Interaktif,Guru3,Guru_Matematika,7.25,6.75,7.75,6.75
N4_V14,Fungsi Aljabar Bag.1,Interaktif,Guru4,Guru_Matematika,7.00,7.00,8.00,7.00
N4_V14,Fungsi Aljabar Bag.1,Interaktif,Guru5,Guru_Matematika,7.50,6.50,7.50,6.50
N4_V14,Fungsi Aljabar Bag.1,Interaktif,Guru6,Guru_Matematika,7.75,7.25,8.25,7.25
N4_V14,Fungsi Aljabar Bag.1,Interaktif,Guru7,Guru_Matematika,7.25,6.75,7.75,6.75
N4_V14,Fungsi Aljabar Bag.1,Interaktif,Guru8,Guru_Matematika,7.00,7.00,8.00,7.00
N4_V14,Fungsi Aljabar Bag.1,Interaktif,Guru9,Guru_Matematika,7.50,6.50,7.50,6.50
N4_V14,Fungsi Aljabar Bag.1,Interaktif,AI1,Ahli_AI,8.00,7.00,8.50,7.50
N4_V14,Fungsi Aljabar Bag.1,Interaktif,AI2,Ahli_AI,7.75,7.25,8.25,7.75
N4_V14,Fungsi Aljabar Bag.1,Interaktif,AI3,Ahli_AI,8.25,6.75,8.75,8.00
N4_V14,Fungsi Aljabar Bag.1,Interaktif,AI4,Ahli_AI,7.50,7.25,8.25,7.75
N4_V14,Fungsi Aljabar Bag.1,Interaktif,AI5,Ahli_AI,8.00,6.50,8.00,7.25
N4_V14,Fungsi Aljabar Bag.1,Interaktif,AI6,Ahli_AI,7.75,7.00,8.50,7.50
N4_V14,Fungsi Aljabar Bag.1,Interaktif,AI7,Ahli_AI,8.25,6.75,8.75,8.00
N4_V14,Fungsi Aljabar Bag.1,Interaktif,AI8,Ahli_AI,7.50,7.25,8.25,7.75
N4_V14,Fungsi Aljabar Bag.1,Interaktif,AI9,Ahli_AI,8.00,6.50,8.00,7.25
N4_V14,Fungsi Aljabar Bag.1,Interaktif,AI10,Ahli_AI,7.75,7.00,8.50,7.50
N4_V14,Fungsi Aljabar Bag.1,Interaktif,AI11,Ahli_AI,8.25,6.75,8.75,8.00
N4_V14,Fungsi Aljabar Bag.1,Interaktif,AI12,Ahli_AI,7.50,7.25,8.25,7.75
N4_V15,Fungsi Aljabar Bag.1,Analitis,Guru1,Guru_Matematika,8.50,8.50,7.50,9.00
N4_V15,Fungsi Aljabar Bag.1,Analitis,Guru2,Guru_Matematika,8.75,8.25,7.75,9.25
N4_V15,Fungsi Aljabar Bag.1,Analitis,Guru3,Guru_Matematika,8.25,8.75,7.25,8.75
N4_V15,Fungsi Aljabar Bag.1,Analitis,Guru4,Guru_Matematika,8.00,8.50,7.50,9.00
N4_V15,Fungsi Aljabar Bag.1,Analitis,Guru5,Guru_Matematika,8.50,8.00,7.00,8.50
N4_V15,Fungsi Aljabar Bag.1,Analitis,Guru6,Guru_Matematika,8.75,8.25,7.75,9.25
N4_V15,Fungsi Aljabar Bag.1,Analitis,Guru7,Guru_Matematika,8.25,8.75,7.25,8.75
N4_V15,Fungsi Aljabar Bag.1,Analitis,Guru8,Guru_Matematika,8.00,8.50,7.50,9.00
N4_V15,Fungsi Aljabar Bag.1,Analitis,Guru9,Guru_Matematika,8.50,8.00,7.00,8.50
N4_V15,Fungsi Aljabar Bag.1,Analitis,AI1,Ahli_AI,9.00,9.00,8.00,9.50
N4_V15,Fungsi Aljabar Bag.1,Analitis,AI2,Ahli_AI,8.75,8.75,8.25,9.25
N4_V15,Fungsi Aljabar Bag.1,Analitis,AI3,Ahli_AI,9.25,9.25,7.75,9.75
N4_V15,Fungsi Aljabar Bag.1,Analitis,AI4,Ahli_AI,8.50,8.75,8.00,9.25
N4_V15,Fungsi Aljabar Bag.1,Analitis,AI5,Ahli_AI,9.00,8.50,7.50,9.00
N4_V15,Fungsi Aljabar Bag.1,Analitis,AI6,Ahli_AI,8.75,9.00,8.25,9.50
N4_V15,Fungsi Aljabar Bag.1,Analitis,AI7,Ahli_AI,9.25,9.25,7.75,9.75
N4_V15,Fungsi Aljabar Bag.1,Analitis,AI8,Ahli_AI,8.50,8.75,8.00,9.25
N4_V15,Fungsi Aljabar Bag.1,Analitis,AI9,Ahli_AI,9.00,8.50,7.50,9.00
N4_V15,Fungsi Aljabar Bag.1,Analitis,AI10,Ahli_AI,8.75,9.00,8.25,9.50
N4_V15,Fungsi Aljabar Bag.1,Analitis,AI11,Ahli_AI,9.25,9.25,7.75,9.75
N4_V15,Fungsi Aljabar Bag.1,Analitis,AI12,Ahli_AI,8.50,8.75,8.00,9.25
N4_V16,Fungsi Aljabar Bag.2,Teori,Guru1,Guru_Matematika,7.50,8.00,6.50,7.00
N4_V16,Fungsi Aljabar Bag.2,Teori,Guru2,Guru_Matematika,7.75,7.75,6.75,7.25
N4_V16,Fungsi Aljabar Bag.2,Teori,Guru3,Guru_Matematika,7.25,8.25,6.25,6.75
N4_V16,Fungsi Aljabar Bag.2,Teori,Guru4,Guru_Matematika,7.00,8.00,6.50,7.00
N4_V16,Fungsi Aljabar Bag.2,Teori,Guru5,Guru_Matematika,7.50,7.50,6.00,6.50
N4_V16,Fungsi Aljabar Bag.2,Teori,Guru6,Guru_Matematika,7.75,7.75,6.75,7.25
N4_V16,Fungsi Aljabar Bag.2,Teori,Guru7,Guru_Matematika,7.25,8.25,6.25,6.75
N4_V16,Fungsi Aljabar Bag.2,Teori,Guru8,Guru_Matematika,7.00,8.00,6.50,7.00
N4_V16,Fungsi Aljabar Bag.2,Teori,Guru9,Guru_Matematika,7.50,7.50,6.00,6.50
N4_V16,Fungsi Aljabar Bag.2,Teori,AI1,Ahli_AI,8.00,8.50,7.00,7.50
N4_V16,Fungsi Aljabar Bag.2,Teori,AI2,Ahli_AI,7.75,8.25,7.25,7.75
N4_V16,Fungsi Aljabar Bag.2,Teori,AI3,Ahli_AI,8.25,8.75,6.75,8.00
N4_V16,Fungsi Aljabar Bag.2,Teori,AI4,Ahli_AI,7.50,8.25,7.00,7.50
N4_V16,Fungsi Aljabar Bag.2,Teori,AI5,Ahli_AI,8.00,8.00,6.50,7.25
N4_V16,Fungsi Aljabar Bag.2,Teori,AI6,Ahli_AI,7.75,8.50,7.25,7.75
N4_V16,Fungsi Aljabar Bag.2,Teori,AI7,Ahli_AI,8.25,8.75,6.75,8.00
N4_V16,Fungsi Aljabar Bag.2,Teori,AI8,Ahli_AI,7.50,8.25,7.00,7.50
N4_V16,Fungsi Aljabar Bag.2,Teori,AI9,Ahli_AI,8.00,8.00,6.50,7.25
N4_V16,Fungsi Aljabar Bag.2,Teori,AI10,Ahli_AI,7.75,8.50,7.25,7.75
N4_V16,Fungsi Aljabar Bag.2,Teori,AI11,Ahli_AI,8.25,8.75,6.75,8.00
N4_V16,Fungsi Aljabar Bag.2,Teori,AI12,Ahli_AI,7.50,8.25,7.00,7.50
N4_V17,Fungsi Aljabar Bag.2,Aplikasi,Guru1,Guru_Matematika,8.00,7.50,8.00,8.00
N4_V17,Fungsi Aljabar Bag.2,Aplikasi,Guru2,Guru_Matematika,8.25,7.75,8.25,8.25
N4_V17,Fungsi Aljabar Bag.2,Aplikasi,Guru3,Guru_Matematika,7.75,7.25,7.75,7.75
N4_V17,Fungsi Aljabar Bag.2,Aplikasi,Guru4,Guru_Matematika,7.50,7.50,8.00,8.00
N4_V17,Fungsi Aljabar Bag.2,Aplikasi,Guru5,Guru_Matematika,8.00,7.00,7.50,7.50
N4_V17,Fungsi Aljabar Bag.2,Aplikasi,Guru6,Guru_Matematika,8.25,7.75,8.25,8.25
N4_V17,Fungsi Aljabar Bag.2,Aplikasi,Guru7,Guru_Matematika,7.75,7.25,7.75,7.75
N4_V17,Fungsi Aljabar Bag.2,Aplikasi,Guru8,Guru_Matematika,7.50,7.50,8.00,8.00
N4_V17,Fungsi Aljabar Bag.2,Aplikasi,Guru9,Guru_Matematika,8.00,7.00,7.50,7.50
N4_V17,Fungsi Aljabar Bag.2,Aplikasi,AI1,Ahli_AI,8.50,7.50,8.50,8.50
N4_V17,Fungsi Aljabar Bag.2,Aplikasi,AI2,Ahli_AI,8.25,7.75,8.25,8.25
N4_V17,Fungsi Aljabar Bag.2,Aplikasi,AI3,Ahli_AI,8.75,7.25,8.75,8.75
N4_V17,Fungsi Aljabar Bag.2,Aplikasi,AI4,Ahli_AI,8.00,7.75,8.25,8.25
N4_V17,Fungsi Aljabar Bag.2,Aplikasi,AI5,Ahli_AI,8.50,7.00,8.00,8.00
N4_V17,Fungsi Aljabar Bag.2,Aplikasi,AI6,Ahli_AI,8.25,7.50,8.50,8.50
N4_V17,Fungsi Aljabar Bag.2,Aplikasi,AI7,Ahli_AI,8.75,7.25,8.75,8.75
N4_V17,Fungsi Aljabar Bag.2,Aplikasi,AI8,Ahli_AI,8.00,7.50,8.25,8.25
N4_V17,Fungsi Aljabar Bag.2,Aplikasi,AI9,Ahli_AI,8.50,7.00,8.00,8.00
N4_V17,Fungsi Aljabar Bag.2,Aplikasi,AI10,Ahli_AI,8.25,7.75,8.50,8.50
N4_V17,Fungsi Aljabar Bag.2,Aplikasi,AI11,Ahli_AI,8.75,7.25,8.75,8.75
N4_V17,Fungsi Aljabar Bag.2,Aplikasi,AI12,Ahli_AI,8.00,7.50,8.25,8.25
N4_V18,Fungsi Aljabar Bag.2,Visual,Guru1,Guru_Matematika,7.50,7.00,8.50,7.50
N4_V18,Fungsi Aljabar Bag.2,Visual,Guru2,Guru_Matematika,7.75,7.25,8.25,7.75
N4_V18,Fungsi Aljabar Bag.2,Visual,Guru3,Guru_Matematika,7.25,6.75,8.75,7.25
N4_V18,Fungsi Aljabar Bag.2,Visual,Guru4,Guru_Matematika,7.00,7.00,8.50,7.50
N4_V18,Fungsi Aljabar Bag.2,Visual,Guru5,Guru_Matematika,7.50,6.50,8.00,7.00
N4_V18,Fungsi Aljabar Bag.2,Visual,Guru6,Guru_Matematika,7.75,7.25,8.25,7.75
N4_V18,Fungsi Aljabar Bag.2,Visual,Guru7,Guru_Matematika,7.25,6.75,8.75,7.25
N4_V18,Fungsi Aljabar Bag.2,Visual,Guru8,Guru_Matematika,7.00,7.00,8.50,7.50
N4_V18,Fungsi Aljabar Bag.2,Visual,Guru9,Guru_Matematika,7.50,6.50,8.00,7.00
N4_V18,Fungsi Aljabar Bag.2,Visual,AI1,Ahli_AI,8.00,7.00,9.00,8.00
N4_V18,Fungsi Aljabar Bag.2,Visual,AI2,Ahli_AI,7.75,7.25,8.75,8.25
N4_V18,Fungsi Aljabar Bag.2,Visual,AI3,Ahli_AI,8.25,6.75,9.25,8.50
N4_V18,Fungsi Aljabar Bag.2,Visual,AI4,Ahli_AI,7.50,7.25,8.75,8.00
N4_V18,Fungsi Aljabar Bag.2,Visual,AI5,Ahli_AI,8.00,6.50,8.50,7.75
N4_V18,Fungsi Aljabar Bag.2,Visual,AI6,Ahli_AI,7.75,7.00,9.00,8.00
N4_V18,Fungsi Aljabar Bag.2,Visual,AI7,Ahli_AI,8.25,6.75,9.25,8.50
N4_V18,Fungsi Aljabar Bag.2,Visual,AI8,Ahli_AI,7.50,7.00,8.75,8.00
N4_V18,Fungsi Aljabar Bag.2,Visual,AI9,Ahli_AI,8.00,6.50,8.50,7.75
N4_V18,Fungsi Aljabar Bag.2,Visual,AI10,Ahli_AI,7.75,7.25,9.00,8.25
N4_V18,Fungsi Aljabar Bag.2,Visual,AI11,Ahli_AI,8.25,6.75,9.25,8.50
N4_V18,Fungsi Aljabar Bag.2,Visual,AI12,Ahli_AI,7.50,7.00,8.75,8.00
N4_V19,Fungsi Aljabar Bag.2,Interaktif,Guru1,Guru_Matematika,7.00,6.50,7.50,6.50
N4_V19,Fungsi Aljabar Bag.2,Interaktif,Guru2,Guru_Matematika,7.25,6.75,7.75,6.75
N4_V19,Fungsi Aljabar Bag.2,Interaktif,Guru3,Guru_Matematika,6.75,6.25,7.25,6.25
N4_V19,Fungsi Aljabar Bag.2,Interaktif,Guru4,Guru_Matematika,6.50,6.50,7.50,6.50
N4_V19,Fungsi Aljabar Bag.2,Interaktif,Guru5,Guru_Matematika,7.00,6.00,7.00,6.00
N4_V19,Fungsi Aljabar Bag.2,Interaktif,Guru6,Guru_Matematika,7.25,6.75,7.75,6.75
N4_V19,Fungsi Aljabar Bag.2,Interaktif,Guru7,Guru_Matematika,6.75,6.25,7.25,6.25
N4_V19,Fungsi Aljabar Bag.2,Interaktif,Guru8,Guru_Matematika,6.50,6.50,7.50,6.50
N4_V19,Fungsi Aljabar Bag.2,Interaktif,Guru9,Guru_Matematika,7.00,6.00,7.00,6.00
N4_V19,Fungsi Aljabar Bag.2,Interaktif,AI1,Ahli_AI,7.50,6.50,8.00,7.00
N4_V19,Fungsi Aljabar Bag.2,Interaktif,AI2,Ahli_AI,7.25,6.75,7.75,7.25
N4_V19,Fungsi Aljabar Bag.2,Interaktif,AI3,Ahli_AI,7.75,6.25,8.25,7.50
N4_V19,Fungsi Aljabar Bag.2,Interaktif,AI4,Ahli_AI,7.00,6.75,7.75,7.25
N4_V19,Fungsi Aljabar Bag.2,Interaktif,AI5,Ahli_AI,7.50,6.00,7.50,6.75
N4_V19,Fungsi Aljabar Bag.2,Interaktif,AI6,Ahli_AI,7.25,6.50,8.00,7.00
N4_V19,Fungsi Aljabar Bag.2,Interaktif,AI7,Ahli_AI,7.75,6.25,8.25,7.50
N4_V19,Fungsi Aljabar Bag.2,Interaktif,AI8,Ahli_AI,7.00,6.75,7.75,7.25
N4_V19,Fungsi Aljabar Bag.2,Interaktif,AI9,Ahli_AI,7.50,6.00,7.50,6.75
N4_V19,Fungsi Aljabar Bag.2,Interaktif,AI10,Ahli_AI,7.25,6.50,8.00,7.00
N4_V19,Fungsi Aljabar Bag.2,Interaktif,AI11,Ahli_AI,7.75,6.25,8.25,7.50
N4_V19,Fungsi Aljabar Bag.2,Interaktif,AI12,Ahli_AI,7.00,6.75,7.75,7.25
N4_V20,Fungsi Aljabar Bag.2,Analitis,Guru1,Guru_Matematika,7.50,7.50,7.00,8.00
N4_V20,Fungsi Aljabar Bag.2,Analitis,Guru2,Guru_Matematika,7.75,7.25,7.25,8.25
N4_V20,Fungsi Aljabar Bag.2,Analitis,Guru3,Guru_Matematika,7.25,7.75,6.75,7.75
N4_V20,Fungsi Aljabar Bag.2,Analitis,Guru4,Guru_Matematika,7.00,7.50,7.00,8.00
N4_V20,Fungsi Aljabar Bag.2,Analitis,Guru5,Guru_Matematika,7.50,7.00,6.50,7.50
N4_V20,Fungsi Aljabar Bag.2,Analitis,Guru6,Guru_Matematika,7.75,7.25,7.25,8.25
N4_V20,Fungsi Aljabar Bag.2,Analitis,Guru7,Guru_Matematika,7.25,7.75,6.75,7.75
N4_V20,Fungsi Aljabar Bag.2,Analitis,Guru8,Guru_Matematika,7.00,7.50,7.00,8.00
N4_V20,Fungsi Aljabar Bag.2,Analitis,Guru9,Guru_Matematika,7.50,7.00,6.50,7.50
N4_V20,Fungsi Aljabar Bag.2,Analitis,AI1,Ahli_AI,8.00,8.00,7.50,8.50
N4_V20,Fungsi Aljabar Bag.2,Analitis,AI2,Ahli_AI,7.75,7.75,7.75,8.75
N4_V20,Fungsi Aljabar Bag.2,Analitis,AI3,Ahli_AI,8.25,8.25,7.25,9.00
N4_V20,Fungsi Aljabar Bag.2,Analitis,AI4,Ahli_AI,7.50,7.75,7.50,8.50
N4_V20,Fungsi Aljabar Bag.2,Analitis,AI5,Ahli_AI,8.00,7.50,7.00,8.00
N4_V20,Fungsi Aljabar Bag.2,Analitis,AI6,Ahli_AI,7.75,8.00,7.75,8.50
N4_V20,Fungsi Aljabar Bag.2,Analitis,AI7,Ahli_AI,8.25,8.25,7.25,9.00
N4_V20,Fungsi Aljabar Bag.2,Analitis,AI8,Ahli_AI,7.50,7.75,7.50,8.50
N4_V20,Fungsi Aljabar Bag.2,Analitis,AI9,Ahli_AI,8.00,7.50,7.00,8.00
N4_V20,Fungsi Aljabar Bag.2,Analitis,AI10,Ahli_AI,7.75,8.00,7.75,8.50
N4_V20,Fungsi Aljabar Bag.2,Analitis,AI11,Ahli_AI,8.25,8.25,7.25,9.00
N4_V20,Fungsi Aljabar Bag.2,Analitis,AI12,Ahli_AI,7.50,7.75,7.50,8.50
